SET_NUM,UNIQUE_PARTS_IN_SET,TOTAL_PARTS_IN_SET,UNIQUENESS_RATIO,SET_YEAR,THEME_NAME
9871-1,0,7,0.00,1992,Technic
9853-1,0,7,0.00,1992,Technic
9857-1,0,24,0.00,1992,Technic
42002-1,0,68,0.00,2013,Technic
9610-1,4,44,0.09,1993,Technic
9826-1,0,1,0.00,1994,Technic
9794-1,0,165,0.00,2003,Technic
42063-1,1,112,0.01,2017,Technic
9964-1,0,4,0.00,1994,Technic
9615-1,0,3,0.00,1997,Technic
1317-1,0,1,0.00,1987,Technic
1092-1,2,76,0.03,1986,Technic
1322-1,0,3,0.00,1987,Technic
9892-1,0,1,0.00,1995,Technic
1032-1,1,46,0.02,1985,Technic
9971-1,0,3,0.00,1994,Technic
9898-1,0,1,0.00,1996,Technic
9965-1,0,2,0.00,1994,Technic
9974-1,0,15,0.00,1994,Technic
9701-1,9,139,0.06,1995,Technic
9855-1,0,6,0.00,1992,Technic
42060-1,0,98,0.00,2017,Technic
9937-1,0,2,0.00,1998,Technic
9617-1,6,40,0.15,1997,Technic
9633-1,6,65,0.09,1999,Technic
1321-1,0,2,0.00,1987,Technic
1325-1,0,3,0.00,1987,Technic
1339-1,0,3,0.00,1987,Technic
9649-1,0,105,0.00,2003,Technic
42023-1,0,151,0.00,2014,Technic
42048-1,1,92,0.01,2016,Technic
42058-1,2,58,0.03,2017,Technic
9604-1,5,35,0.14,1992,Technic
1336-1,1,1,1.00,1985,Technic
9961-1,0,4,0.00,1994,Technic
9972-1,0,15,0.00,1994,Technic
9786-1,0,68,0.00,2003,Technic
42027-1,0,54,0.00,2014,Technic
42029-1,0,153,0.00,2014,Technic
42011-1,0,55,0.00,2013,Technic
9823-1,0,7,0.00,1994,Technic
9870-1,0,6,0.00,1992,Technic
1324-1,0,4,0.00,1985,Technic
9867-1,0,1,0.00,1992,Technic
9864-1,0,1,0.00,1992,Technic
41999-1,2,190,0.01,2013,Technic
1168-1,0,1,0.00,1986,Technic
9889-1,0,1,0.00,1995,Technic
9702-1,0,71,0.00,1993,Technic
9753-1,0,5,0.00,1993,Technic
9707-1,0,83,0.00,1996,Technic
9854-1,0,2,0.00,1992,Technic
9723-1,5,119,0.04,2000,Technic
9943-1,0,9,0.00,1998,Technic
8070-1,1,165,0.01,2011,Technic
42043-1,2,252,0.01,2015,Technic
42050-1,1,123,0.01,2016,Technic
9941-1,0,9,0.00,1998,Technic
42005-1,1,66,0.02,2013,Technic
1320-1,0,2,0.00,1987,Technic
9825-1,0,3,0.00,1994,Technic
9831-1,0,1,0.00,1995,Technic
9868-1,0,9,0.00,1992,Technic
9858-1,0,12,0.00,1992,Technic
9648-1,1,117,0.01,2006,Technic
9614-1,2,30,0.07,1995,Technic
9940-1,0,5,0.00,1999,Technic
9963-1,0,5,0.00,1995,Technic
42046-1,1,51,0.02,2016,Technic
9883-1,0,1,0.00,1995,Technic
8252-1,2,51,0.04,1999,Technic
9822-1,0,7,0.00,1994,Technic
1345-1,0,7,0.00,1986,Technic
42052-1,1,155,0.01,2016,Technic
1316-1,0,1,0.00,1987,Technic
42021-1,1,50,0.02,2014,Technic
8230-1,1,68,0.01,1996,Technic
42026-1,1,41,0.02,2014,Technic
9824-1,0,7,0.00,1994,Technic
9852-1,0,2,0.00,1992,Technic
42006-1,0,115,0.00,2013,Technic
9973-1,0,15,0.00,1994,Technic
9938-1,0,2,0.00,1999,Technic
9960-1,0,3,0.00,1994,Technic
9939-1,0,5,0.00,1999,Technic
42059-1,1,51,0.02,2017,Technic
9888-1,0,1,0.00,2002,Technic
42026-2,0,43,0.00,2014,Technic
9942-1,0,8,0.00,1998,Technic
42049-1,1,98,0.01,2016,Technic
2-1,0,2,0.00,1982,Technic
9966-1,0,2,0.00,1999,Technic
9684-1,0,109,0.00,2003,Technic
42024-1,0,130,0.00,2014,Technic
9397-1,1,162,0.01,2012,Technic
9876-1,0,1,0.00,1992,Technic
1346-1,0,1,0.00,1987,Technic
9709-1,0,1,0.00,1998,Technic
9863-1,0,1,0.00,1992,Technic
1314-1,0,2,0.00,1987,Technic
9851-1,0,11,0.00,1992,Technic
1340-1,0,3,0.00,1987,Technic
9897-1,0,3,0.00,1998,Technic
1039-1,0,13,0.00,1986,Technic
9968-1,0,3,0.00,1994,Technic
42054-1,1,231,0.00,2016,Technic
9859-1,0,1,0.00,1992,Technic
42001-1,0,42,0.00,2013,Technic
9785-1,0,68,0.00,2003,Technic
9856-1,0,9,0.00,1992,Technic
42056-1,9,243,0.04,2016,Technic
9636-1,0,2,0.00,2000,Technic
9609-1,0,110,0.00,1995,Technic
9665-1,1,78,0.01,2001,Technic
9612-1,3,22,0.14,1993,Technic
8253-1,2,53,0.04,1999,Technic
42053-1,3,172,0.02,2016,Technic
9630-1,1,61,0.02,1997,Technic
42022-1,1,101,0.01,2014,Technic
42020-1,1,55,0.02,2014,Technic
42010-1,0,49,0.00,2013,Technic
9390-1,0,54,0.00,2012,Technic
1038-1,0,47,0.00,1985,Technic
9927-1,0,7,0.00,1999,Technic
42045-1,0,63,0.00,2016,Technic
9899-1,0,5,0.00,1999,Technic
9862-1,0,10,0.00,1992,Technic
9848-1,0,5,0.00,1997,Technic
9872-1,0,6,0.00,1992,Technic
9861-1,0,2,0.00,1992,Technic
9865-1,0,2,0.00,1992,Technic
1315-1,0,1,0.00,1987,Technic
9970-1,0,4,0.00,1994,Technic
9928-1,0,7,0.00,1999,Technic
9916-1,0,1,0.00,1999,Technic
9776-1,0,4,0.00,1999,Technic
42008-1,2,155,0.01,2013,Technic
9820-1,0,4,0.00,1989,Technic
1337-1,0,2,0.00,1985,Technic
9890-1,0,1,0.00,1995,Technic
42061-1,1,86,0.01,2017,Technic
9891-1,0,1,0.00,1995,Technic
9969-1,0,3,0.00,1994,Technic
1090-1,3,61,0.05,1986,Technic
42066-1,0,154,0.00,2017,Technic
42057-1,1,84,0.01,2017,Technic
9685-1,0,29,0.00,2003,Technic
42042-1,4,153,0.03,2015,Technic
970098-1,0,65,0.00,2001,Technic
42062-1,0,127,0.00,2017,Technic
42063-40,0,110,0.00,2017,Technic
1326-1,0,2,0.00,1987,Technic
1319-1,0,2,0.00,1987,Technic
9967-1,0,3,0.00,1994,Technic
42044-1,1,48,0.02,2016,Technic
9912-1,0,1,0.00,1999,Technic
9637-1,0,2,0.00,2000,Technic
9900-1,0,8,0.00,1999,Technic
9866-1,0,4,0.00,1992,Technic
5311-1,0,1,0.00,1996,Technic
1318-1,0,3,0.00,1987,Technic
9860-1,0,1,0.00,1992,Technic
1030-1,1,45,0.02,1985,Technic
42007-1,1,82,0.01,2013,Technic
9885-1,0,1,0.00,1995,Technic
42065-1,0,66,0.00,2017,Technic
42047-1,1,54,0.02,2016,Technic
42064-1,0,181,0.00,2017,Technic
60159-1,3,180,0.02,2017,Jungle
60160-1,7,192,0.04,2017,Jungle
75166-1,4,56,0.07,2017,Star Wars Episode 8
71018-4,0,5,0.00,2017,Series 17 Minifigures
71018-16,0,8,0.00,2017,Series 17 Minifigures
71018-2,0,6,0.00,2017,Series 17 Minifigures
71018-5,0,6,0.00,2017,Series 17 Minifigures
71018-14,0,7,0.00,2017,Series 17 Minifigures
71018-7,0,9,0.00,2017,Series 17 Minifigures
71018-18,0,96,0.00,2017,Series 17 Minifigures
71018-3,0,7,0.00,2017,Series 17 Minifigures
71018-12,0,8,0.00,2017,Series 17 Minifigures
71018-15,0,7,0.00,2017,Series 17 Minifigures
71018-11,0,7,0.00,2017,Series 17 Minifigures
71018-6,0,9,0.00,2017,Series 17 Minifigures
71018-1,0,6,0.00,2017,Series 17 Minifigures
71018-8,0,6,0.00,2017,Series 17 Minifigures
71018-10,0,9,0.00,2017,Series 17 Minifigures
71018-9,0,7,0.00,2017,Series 17 Minifigures
71018-13,0,7,0.00,2017,Series 17 Minifigures
41586-1,1,48,0.02,2017,Brickheadz
41591-1,2,57,0.04,2017,Brickheadz
41596-1,1,53,0.02,2017,Brickheadz
41594-1,2,60,0.03,2017,Brickheadz
41492-1,6,67,0.09,2016,Brickheadz
41585-1,2,37,0.05,2017,Brickheadz
41590-1,3,40,0.08,2017,Brickheadz
41587-1,1,48,0.02,2017,Brickheadz
41588-1,3,60,0.05,2017,Brickheadz
41589-1,3,44,0.07,2017,Brickheadz
41592-1,2,35,0.06,2017,Brickheadz
41595-1,2,64,0.03,2017,Brickheadz
41593-1,4,62,0.06,2017,Brickheadz
41493-1,5,73,0.07,2016,Brickheadz
71040-1,20,700,0.03,2016,Disney
75828-1,16,209,0.08,2016,Ghostbusters
75824-1,4,197,0.02,2016,Angry Birds
75822-1,1,85,0.01,2016,Angry Birds
75821-1,2,61,0.03,2016,Angry Birds
75823-1,4,150,0.03,2016,Angry Birds
75825-1,9,240,0.04,2016,Angry Birds
75826-1,6,237,0.03,2016,Angry Birds
30372-1,0,29,0.00,2016,Nexo Knights
5004389-1,0,7,0.00,2016,Nexo Knights
70339-1,3,55,0.05,2016,Nexo Knights
70324-1,1,120,0.01,2016,Nexo Knights
70335-1,2,49,0.04,2016,Nexo Knights
70318-1,0,63,0.00,2016,Nexo Knights
NEX271611-1,0,10,0.00,2016,Nexo Knights
NEX271609-1,0,15,0.00,2016,Nexo Knights
NK271604-1,0,6,0.00,2016,Nexo Knights
70334-1,1,51,0.02,2016,Nexo Knights
70316-1,4,295,0.01,2016,Nexo Knights
70331-1,3,64,0.05,2016,Nexo Knights
70315-1,1,140,0.01,2016,Nexo Knights
70319-1,3,98,0.03,2016,Nexo Knights
30378-1,0,32,0.00,2017,Nexo Knights
70314-1,6,139,0.04,2016,Nexo Knights
NEX271606-1,0,15,0.00,2016,Nexo Knights
5004388-1,0,6,0.00,2016,Nexo Knights
30374-1,0,25,0.00,2016,Nexo Knights
70310-1,0,56,0.00,2016,Nexo Knights
853516-1,0,20,0.00,2016,Nexo Knights
70322-1,7,295,0.02,2016,Nexo Knights
30371-1,0,26,0.00,2016,Nexo Knights
70333-1,1,43,0.02,2016,Nexo Knights
70312-1,2,134,0.01,2016,Nexo Knights
70327-1,2,145,0.01,2016,Nexo Knights
70336-1,2,48,0.04,2016,Nexo Knights
271605-1,0,11,0.00,2016,Nexo Knights
70320-1,2,147,0.01,2016,Nexo Knights
NEX271610-1,0,18,0.00,2016,Nexo Knights
853515-1,0,19,0.00,2016,Nexo Knights
70313-1,7,110,0.06,2016,Nexo Knights
NK271602-1,0,20,0.00,2016,Nexo Knights
NK271601-1,0,13,0.00,2016,Nexo Knights
70338-1,2,49,0.04,2016,Nexo Knights
30373-1,0,33,0.00,2016,Nexo Knights
NEX271607-1,0,11,0.00,2016,Nexo Knights
70337-1,3,53,0.06,2016,Nexo Knights
70311-1,0,59,0.00,2016,Nexo Knights
70326-1,5,202,0.02,2016,Nexo Knights
70332-1,3,49,0.06,2016,Nexo Knights
70325-1,3,129,0.02,2016,Nexo Knights
70330-1,3,47,0.06,2016,Nexo Knights
NEX271608-1,0,16,0.00,2016,Nexo Knights
70321-1,5,184,0.03,2016,Nexo Knights
70366-1,4,60,0.07,2017,Nexo Knights
70372-1,0,4,0.00,2017,Nexo Knights
TRUNEXO-2,0,18,0.00,2016,Nexo Knights
TRUNEXO-1,0,13,0.00,2016,Nexo Knights
70347-1,0,57,0.00,2017,Nexo Knights
70349-1,6,109,0.06,2017,Nexo Knights
70350-1,11,120,0.09,2017,Nexo Knights
70351-1,10,174,0.06,2017,Nexo Knights
70358-1,3,120,0.03,2017,Nexo Knights
70352-1,18,290,0.06,2017,Nexo Knights
70323-1,9,433,0.02,2016,Nexo Knights
NK271603-1,0,17,0.00,2016,Nexo Knights
70317-1,10,347,0.03,2016,Nexo Knights
30376-1,0,24,0.00,2017,Nexo Knights
70363-1,6,47,0.13,2017,Nexo Knights
70365-1,4,53,0.08,2017,Nexo Knights
NEX271712-1,0,16,0.00,2017,Nexo Knights
70362-1,6,54,0.11,2017,Nexo Knights
70364-1,6,58,0.10,2017,Nexo Knights
70348-1,5,126,0.04,2017,Nexo Knights
MYERNEXO-1,0,11,0.00,2016,Nexo Knights
MYERNEXO-2,0,16,0.00,2016,Nexo Knights
NEX271714-1,0,13,0.00,2017,Nexo Knights
70359-1,2,121,0.02,2017,Nexo Knights
30377-1,0,36,0.00,2017,Nexo Knights
71205-1,3,73,0.04,2015,Dimensions
71207-1,2,56,0.04,2015,Dimensions
71200-1,0,118,0.00,2015,Dimensions
71285-1,4,29,0.14,2016,Dimensions
71170-1,0,118,0.00,2015,Dimensions
71213-1,1,41,0.02,2015,Dimensions
71240-1,1,40,0.03,2016,Dimensions
71210-1,1,36,0.03,2015,Dimensions
71235-1,5,63,0.08,2016,Dimensions
71232-1,3,48,0.06,2015,Dimensions
71230-1,2,44,0.05,2016,Dimensions
71223-1,3,37,0.08,2015,Dimensions
71222-1,3,36,0.08,2015,Dimensions
71216-1,1,40,0.03,2015,Dimensions
71217-1,1,40,0.03,2015,Dimensions
71220-1,2,37,0.05,2015,Dimensions
71236-1,1,28,0.04,2016,Dimensions
71247-1,3,66,0.05,2016,Dimensions
71201-1,2,53,0.04,2015,Dimensions
71214-1,1,33,0.03,2015,Dimensions
71206-1,3,50,0.06,2015,Dimensions
71174-1,0,118,0.00,2015,Dimensions
71229-1,3,71,0.04,2016,Dimensions
71227-1,1,27,0.04,2015,Dimensions
71202-1,2,56,0.04,2015,Dimensions
71242-1,3,125,0.02,2016,Dimensions
71342-1,1,7,0.14,2016,Dimensions
71239-1,1,29,0.03,2016,Dimensions
71251-1,6,41,0.15,2016,Dimensions
71171-1,0,118,0.00,2015,Dimensions
71253-1,5,94,0.05,2016,Dimensions
71212-1,1,40,0.03,2015,Dimensions
71233-1,3,33,0.09,2016,Dimensions
71173-1,0,118,0.00,2015,Dimensions
71211-1,2,25,0.08,2015,Dimensions
71246-1,7,54,0.13,2016,Dimensions
71256-1,7,64,0.11,2016,Dimensions
71221-1,4,32,0.13,2015,Dimensions
71237-1,1,27,0.04,2016,Dimensions
71257-1,5,43,0.12,2016,Dimensions
71238-1,4,28,0.14,2016,Dimensions
71241-1,2,24,0.08,2016,Dimensions
71234-1,1,41,0.02,2016,Dimensions
71248-1,3,46,0.07,2016,Dimensions
71219-1,1,32,0.03,2015,Dimensions
71209-1,1,24,0.04,2015,Dimensions
71215-1,1,35,0.03,2015,Dimensions
71231-1,3,58,0.05,2015,Dimensions
71218-1,1,24,0.04,2015,Dimensions
71245-1,6,54,0.11,2016,Dimensions
71244-1,5,60,0.08,2016,Dimensions
71286-1,1,28,0.04,2017,Dimensions
71228-1,2,88,0.02,2016,Dimensions
71203-1,6,56,0.11,2015,Dimensions
71204-1,6,51,0.12,2015,Dimensions
71258-1,4,43,0.09,2016,Dimensions
71172-1,0,118,0.00,2015,Dimensions
71340-1,1,6,0.17,2016,Dimensions
75904-1,11,295,0.04,2015,Scooby-Doo
75902-1,8,132,0.06,2015,Scooby-Doo
75900-1,5,63,0.08,2015,Scooby-Doo
75903-1,6,214,0.03,2015,Scooby-Doo
75901-1,4,79,0.05,2015,Scooby-Doo
30601-1,1,2,0.50,2016,Scooby-Doo
75920-1,14,152,0.09,2015,Jurassic World
30320-1,2,24,0.08,2015,Jurassic World
75917-1,17,159,0.11,2015,Jurassic World
75915-1,7,102,0.07,2015,Jurassic World
75918-1,10,180,0.06,2015,Jurassic World
75919-1,15,293,0.05,2015,Jurassic World
75916-1,9,121,0.07,2015,Jurassic World
75912-1,5,225,0.02,2015,Speed Champions
75908-1,3,81,0.04,2015,Speed Champions
75910-1,2,75,0.03,2015,Speed Champions
75874-1,2,178,0.01,2016,Speed Champions
75875-1,6,284,0.02,2016,Speed Champions
75899-1,2,83,0.02,2015,Speed Champions
75876-1,8,289,0.03,2016,Speed Champions
75872-1,2,89,0.02,2016,Speed Champions
75873-1,4,92,0.04,2016,Speed Champions
75870-1,4,91,0.04,2016,Speed Champions
75911-1,3,167,0.02,2015,Speed Champions
75871-1,1,77,0.01,2016,Speed Champions
75913-1,4,284,0.01,2015,Speed Champions
75877-1,3,79,0.04,2017,Speed Champions
75879-1,3,112,0.03,2017,Speed Champions
75882-1,4,204,0.02,2017,Speed Champions
75883-1,6,361,0.02,2017,Speed Champions
75881-1,5,169,0.03,2017,Speed Champions
75878-1,3,79,0.04,2017,Speed Champions
75909-1,3,84,0.04,2015,Speed Champions
75880-1,2,99,0.02,2017,Speed Champions
41071-1,3,79,0.04,2015,Elves
41073-1,2,160,0.01,2015,Elves
41177-1,1,170,0.01,2016,Elves
EL241501-1,0,12,0.00,2015,Elves
41176-1,7,317,0.02,2016,Elves
41179-1,7,302,0.02,2016,Elves
41174-1,3,184,0.02,2016,Elves
41072-1,1,149,0.01,2015,Elves
41074-1,5,168,0.03,2015,Elves
30259-1,0,23,0.00,2015,Elves
EL241502-1,0,11,0.00,2015,Elves
41173-1,2,136,0.01,2016,Elves
41171-1,1,56,0.02,2016,Elves
30375-1,0,20,0.00,2016,Elves
41175-1,3,209,0.01,2016,Elves
41075-1,1,202,0.00,2015,Elves
41077-1,3,169,0.02,2015,Elves
41178-1,2,275,0.01,2016,Elves
41078-1,9,293,0.03,2015,Elves
41180-1,9,380,0.02,2016,Elves
41076-1,1,90,0.01,2015,Elves
41172-1,3,119,0.03,2016,Elves
241602-1,0,14,0.00,2016,Elves
241601-1,0,11,0.00,2016,Elves
41184-1,8,190,0.04,2017,Elves
41182-1,8,145,0.06,2017,Elves
41185-1,10,311,0.03,2017,Elves
41183-1,10,165,0.06,2017,Elves
41181-1,3,62,0.05,2017,Elves
853648-1,0,1,0.00,2017,Elves
5004932,0,36,0.00,2017,LEGO Exclusive
WHITEHOUSE-1,0,15,0.00,2015,Promotional
40194-1,0,31,0.00,2014,Promotional
40227-1,1,68,0.01,2016,Promotional
40146-1,0,45,0.00,2015,Promotional
4002015-1,0,173,0.00,2015,Promotional
40195-1,0,50,0.00,2014,Promotional
40190-1,2,31,0.06,2014,Promotional
40191-1,2,26,0.08,2014,Promotional
40193-1,2,26,0.08,2014,Promotional
2853944-1,1,5,0.20,2010,Promotional
40192-1,2,24,0.08,2014,Promotional
40228-1,1,51,0.02,2016,Promotional
5003083-1,0,17,0.00,2015,Promotional
40225-1,0,58,0.00,2016,Promotional
6176782-1,0,52,0.00,2016,Promotional
40196-1,0,45,0.00,2014,Promotional
5004076-1,0,16,0.00,2014,Promotional
5004077-1,0,2,0.00,2015,Promotional
trucapam-1,0,22,0.00,2016,Promotional
10680-1,2,59,0.03,2015,Juniors
10737-1,3,46,0.07,2017,Juniors
10679-1,3,42,0.07,2015,Juniors
10747-1,5,107,0.05,2017,Juniors
10683-1,2,69,0.03,2015,Juniors
10736-1,2,68,0.03,2017,Juniors
10722-1,5,57,0.09,2016,Juniors
10676-1,3,130,0.02,2014,Juniors
10721-1,2,43,0.05,2016,Juniors
10723-1,2,55,0.04,2016,Juniors
10669-1,3,69,0.04,2014,Juniors
10685-1,1,74,0.01,2015,Juniors
10725-1,6,108,0.06,2016,Juniors
10740-1,0,69,0.00,2017,Juniors
10668-1,1,80,0.01,2014,Juniors
10686-1,5,140,0.04,2015,Juniors
10675-1,4,93,0.04,2014,Juniors
10677-1,1,53,0.02,2015,Juniors
10673-1,1,138,0.01,2014,Juniors
10729-1,6,87,0.07,2016,Juniors
10665-1,2,36,0.06,2014,Juniors
10671-1,2,86,0.02,2014,Juniors
10734-1,0,79,0.00,2017,Juniors
30473-1,0,20,0.00,2016,Juniors
10687-1,10,97,0.10,2015,Juniors
10674-1,2,95,0.02,2014,Juniors
10720-1,1,56,0.02,2016,Juniors
10746-1,5,78,0.06,2017,Juniors
10672-1,3,96,0.03,2014,Juniors
10667-1,0,88,0.00,2014,Juniors
10735-1,1,55,0.02,2017,Juniors
10666-1,0,43,0.00,2014,Juniors
10684-1,2,91,0.02,2015,Juniors
21205-1,1,45,0.02,2014,Fusion
21206-1,1,80,0.01,2014,Fusion
21204-1,2,51,0.04,2014,Fusion
21208-1,1,63,0.02,2014,Fusion
41577-1,0,33,0.00,2016,Series 9
41573-1,0,36,0.00,2016,Series 9
41579-1,1,39,0.03,2016,Series 9
41574-1,0,37,0.00,2016,Series 9
41572-1,1,33,0.03,2016,Series 9
41575-1,1,36,0.03,2016,Series 9
41576-1,0,32,0.00,2016,Series 9
41578-1,0,36,0.00,2016,Series 9
41580-1,0,39,0.00,2016,Series 9
41567-1,1,40,0.03,2016,Series 8
41566-1,0,37,0.00,2016,Series 8
41564-1,0,38,0.00,2016,Series 8
41565-1,0,34,0.00,2016,Series 8
41571-1,0,34,0.00,2016,Series 8
41570-1,1,35,0.03,2016,Series 8
41568-1,0,30,0.00,2016,Series 8
41569-1,0,36,0.00,2016,Series 8
41563-1,0,37,0.00,2016,Series 8
41556-1,1,36,0.03,2016,Series 7
41562-1,0,35,0.00,2016,Series 7
41554-1,0,41,0.00,2016,Series 7
41560-1,1,36,0.03,2016,Series 7
41558-1,0,34,0.00,2016,Series 7
41561-1,1,28,0.04,2016,Series 7
41559-1,0,33,0.00,2016,Series 7
41555-1,1,34,0.03,2016,Series 7
41557-1,0,41,0.00,2016,Series 7
41553-1,0,37,0.00,2015,Series 6
41545-1,0,35,0.00,2015,Series 6
41547-1,1,36,0.03,2015,Series 6
41549-1,1,32,0.03,2015,Series 6
41550-1,0,26,0.00,2015,Series 6
41548-1,0,24,0.00,2015,Series 6
41546-1,0,39,0.00,2015,Series 6
41552-1,0,32,0.00,2015,Series 6
41551-1,0,32,0.00,2015,Series 6
41539-1,0,36,0.00,2015,Series 5
41542-1,0,29,0.00,2015,Series 5
41538-1,0,30,0.00,2015,Series 5
41537-1,0,31,0.00,2015,Series 5
41543-1,0,37,0.00,2015,Series 5
41541-1,0,28,0.00,2015,Series 5
41544-1,0,31,0.00,2015,Series 5
41536-1,0,37,0.00,2015,Series 5
41540-1,0,27,0.00,2015,Series 5
41528-1,0,36,0.00,2015,Series 4
41527-1,0,37,0.00,2015,Series 4
41533-1,1,28,0.04,2015,Series 4
41530-1,0,32,0.00,2015,Series 4
41531-1,0,35,0.00,2015,Series 4
41535-1,0,28,0.00,2015,Series 4
41532-1,0,37,0.00,2015,Series 4
41534-1,0,28,0.00,2015,Series 4
41529-1,0,32,0.00,2015,Series 4
41518-1,0,32,0.00,2014,Series 3
41523-1,0,31,0.00,2014,Series 3
41526-1,0,31,0.00,2014,Series 3
41519-1,0,38,0.00,2014,Series 3
41524-1,0,36,0.00,2014,Series 3
41525-1,0,40,0.00,2014,Series 3
41521-1,0,30,0.00,2014,Series 3
41520-1,0,25,0.00,2014,Series 3
41522-1,0,34,0.00,2014,Series 3
41514-1,0,26,0.00,2014,Series 2
41513-1,0,28,0.00,2014,Series 2
41516-1,0,29,0.00,2014,Series 2
41512-1,0,38,0.00,2014,Series 2
41509-1,0,37,0.00,2014,Series 2
41515-1,0,28,0.00,2014,Series 2
41511-1,0,28,0.00,2014,Series 2
41510-1,0,28,0.00,2014,Series 2
41517-1,0,35,0.00,2014,Series 2
41507-1,0,27,0.00,2014,Series 1
41506-1,0,34,0.00,2014,Series 1
41505-1,0,27,0.00,2014,Series 1
41502-1,0,27,0.00,2014,Series 1
41500-1,0,29,0.00,2014,Series 1
41508-1,0,28,0.00,2014,Series 1
41504-1,0,25,0.00,2014,Series 1
41501-1,0,33,0.00,2014,Series 1
41503-1,0,34,0.00,2014,Series 1
41065-1,4,84,0.05,2016,Disney Princess
41052-1,6,111,0.05,2014,Disney Princess
41051-1,4,87,0.05,2014,Disney Princess
41150-1,10,159,0.06,2016,Disney Princess
30116-1,0,30,0.00,2014,Disney Princess
41141-1,2,50,0.04,2016,Disney Princess
41067-1,12,209,0.06,2016,Disney Princess
41061-1,5,83,0.06,2015,Disney Princess
41054-1,5,141,0.04,2014,Disney Princess
41144-1,4,48,0.08,2017,Disney Princess
10542-1,2,37,0.05,2014,Disney Princess
41063-1,3,180,0.02,2015,Disney Princess
41053-1,3,101,0.03,2014,Disney Princess
41147-1,4,77,0.05,2017,Disney Princess
41060-1,4,69,0.06,2015,Disney Princess
30397-1,0,44,0.00,2016,Disney Princess
41062-1,1,152,0.01,2015,Disney Princess
41068-1,6,209,0.03,2016,Disney Princess
41142-1,4,123,0.03,2016,Disney Princess
41050-1,0,48,0.00,2014,Disney Princess
41143-1,0,26,0.00,2017,Disney Princess
41066-1,5,114,0.04,2016,Disney Princess
41055-1,5,236,0.02,2014,Disney Princess
41069-1,1,54,0.02,2016,Disney Princess
41140-1,2,73,0.03,2016,Disney Princess
41149-1,4,129,0.03,2016,Disney Princess
41148-1,7,236,0.03,2017,Disney Princess
70812-1,6,209,0.03,2014,The LEGO Movie
30281-1,0,24,0.00,2014,The LEGO Movie
70806-1,1,134,0.01,2014,The LEGO Movie
70809-1,11,290,0.04,2014,The LEGO Movie
30280-1,0,23,0.00,2014,The LEGO Movie
70801-1,1,89,0.01,2014,The LEGO Movie
70804-1,6,137,0.04,2014,The LEGO Movie
70815-1,3,249,0.01,2014,The LEGO Movie
70817-1,3,79,0.04,2015,The LEGO Movie
5002045-1,1,4,0.25,2014,The LEGO Movie
EMMETSCAR-1,0,22,0.00,2014,The LEGO Movie
70814-1,2,202,0.01,2014,The LEGO Movie
5002041-1,0,21,0.00,2014,The LEGO Movie
70808-1,0,167,0.00,2014,The LEGO Movie
70819-1,0,142,0.00,2015,The LEGO Movie
70816-1,11,293,0.04,2014,The LEGO Movie
70818-1,11,91,0.12,2015,The LEGO Movie
70802-1,0,150,0.00,2014,The LEGO Movie
5002203-1,2,4,0.50,2014,The LEGO Movie
5002204-1,2,5,0.40,2014,The LEGO Movie
70805-1,4,120,0.03,2014,The LEGO Movie
70807-1,2,195,0.01,2014,The LEGO Movie
70813-1,9,320,0.03,2014,The LEGO Movie
70803-1,4,123,0.03,2014,The LEGO Movie
70810-1,3,592,0.01,2014,The LEGO Movie
TLMPS-1,0,54,0.00,2014,The LEGO Movie
70800-1,7,68,0.10,2014,The LEGO Movie
70811-1,4,133,0.03,2014,The LEGO Movie
30282-1,0,33,0.00,2014,The LEGO Movie
21123-1,0,91,0.00,2016,Minecraft
21128-1,5,232,0.02,2016,Minecraft
21113-1,0,63,0.00,2014,Minecraft
21117-1,2,108,0.02,2014,Minecraft
21119-1,0,103,0.00,2015,Minecraft
21116-1,1,107,0.01,2014,Minecraft
21124-1,0,121,0.00,2016,Minecraft
21114-1,1,79,0.01,2014,Minecraft
21120-1,0,118,0.00,2015,Minecraft
21126-1,4,126,0.03,2016,Minecraft
21118-1,0,135,0.00,2014,Minecraft
21127-1,2,180,0.01,2016,Minecraft
21115-1,0,87,0.00,2014,Minecraft
21105-1,6,91,0.07,2013,Minecraft
853609-1,0,1,0.00,2016,Minecraft
21107-1,2,59,0.03,2014,Minecraft
21102-1,5,79,0.06,2012,Minecraft
21121-1,1,121,0.01,2015,Minecraft
21106-1,2,77,0.03,2013,Minecraft
21122-1,5,139,0.04,2015,Minecraft
21125-1,0,157,0.00,2016,Minecraft
21129-1,3,66,0.05,2017,Minecraft
21130-1,4,91,0.04,2017,Minecraft
21131-1,4,113,0.04,2017,Minecraft
21133-1,5,123,0.04,2017,Minecraft
21134-1,2,155,0.01,2017,Minecraft
21132-1,1,112,0.01,2017,Minecraft
21305-1,0,145,0.00,2016,LEGO Ideas and CUUSOO
21100-1,0,110,0.00,2011,LEGO Ideas and CUUSOO
21308-1,7,177,0.04,2016,LEGO Ideas and CUUSOO
21103-1,4,147,0.03,2013,LEGO Ideas and CUUSOO
21303-1,0,191,0.00,2015,LEGO Ideas and CUUSOO
21303-2,0,190,0.00,2015,LEGO Ideas and CUUSOO
21110-1,2,106,0.02,2014,LEGO Ideas and CUUSOO
21302-1,23,230,0.10,2015,LEGO Ideas and CUUSOO
21104-1,0,110,0.00,2014,LEGO Ideas and CUUSOO
21304-1,18,194,0.09,2015,LEGO Ideas and CUUSOO
21109-1,1,107,0.01,2014,LEGO Ideas and CUUSOO
21301-1,3,199,0.02,2015,LEGO Ideas and CUUSOO
21108-1,4,185,0.02,2014,LEGO Ideas and CUUSOO
21101-1,0,106,0.00,2012,LEGO Ideas and CUUSOO
21307-1,16,253,0.06,2016,LEGO Ideas and CUUSOO
21306-1,29,213,0.14,2016,LEGO Ideas and CUUSOO
21309-1,12,241,0.05,2017,LEGO Ideas and CUUSOO
79111-1,12,267,0.04,2013,The Lone Ranger
79109-1,8,197,0.04,2013,The Lone Ranger
30261-1,0,18,0.00,2013,The Lone Ranger
79110-1,12,206,0.06,2013,The Lone Ranger
30260-1,0,16,0.00,2013,The Lone Ranger
79107-1,5,76,0.07,2013,The Lone Ranger
79106-1,2,49,0.04,2013,The Lone Ranger
79108-1,11,148,0.07,2013,The Lone Ranger
70124-1,2,52,0.04,2014,Legend Beasts
70125-1,4,49,0.08,2014,Legend Beasts
70126-1,2,49,0.04,2014,Legend Beasts
70123-1,1,53,0.02,2014,Legend Beasts
70127-1,2,49,0.04,2014,Legend Beasts
70209-1,1,35,0.03,2014,Constraction
70202-1,1,30,0.03,2013,Constraction
70206-1,2,26,0.08,2014,Constraction
70204-1,2,28,0.07,2013,Constraction
70201-1,2,31,0.06,2013,Constraction
70205-1,2,26,0.08,2013,Constraction
70212-1,3,49,0.06,2014,Constraction
70208-1,2,34,0.06,2014,Constraction
70210-1,2,39,0.05,2014,Constraction
70200-1,2,29,0.07,2013,Constraction
70211-1,2,43,0.05,2014,Constraction
70203-1,2,32,0.06,2013,Constraction
70207-1,1,33,0.03,2014,Constraction
70156-1,2,55,0.04,2014,Speedorz
70107-1,11,70,0.16,2013,Speedorz
70108-1,6,56,0.11,2013,Speedorz
70114-1,10,73,0.14,2013,Speedorz
70155-1,1,36,0.03,2014,Speedorz
70104-1,5,40,0.13,2013,Speedorz
70150-1,2,35,0.06,2014,Speedorz
70137-1,1,43,0.02,2014,Speedorz
70140-1,7,43,0.16,2014,Speedorz
70106-1,5,48,0.10,2013,Speedorz
70101-1,6,61,0.10,2013,Speedorz
70105-1,6,44,0.14,2013,Speedorz
70103-1,6,50,0.12,2013,Speedorz
70100-1,5,45,0.11,2013,Speedorz
70113-1,13,59,0.22,2013,Speedorz
70151-1,1,38,0.03,2014,Speedorz
70115-1,12,127,0.09,2013,Speedorz
70102-1,6,78,0.08,2013,Speedorz
70111-1,6,47,0.13,2013,Speedorz
70149-1,1,40,0.03,2014,Speedorz
70110-1,1,59,0.02,2013,Speedorz
70109-1,6,54,0.11,2013,Speedorz
70011-1,10,155,0.06,2013,Speedorz
70139-1,1,52,0.02,2014,Speedorz
70136-1,1,53,0.02,2014,Speedorz
70112-1,1,51,0.02,2013,Speedorz
70005-1,1,161,0.01,2013,Legends of Chima
70228-1,4,192,0.02,2015,Legends of Chima
LOC391504-1,0,24,0.00,2015,Legends of Chima
LOC391505-1,0,8,0.00,2015,Legends of Chima
30266-1,0,15,0.00,2014,Legends of Chima
70222-1,5,170,0.03,2015,Legends of Chima
850779-1,0,35,0.00,2013,Legends of Chima
70012-2,1,164,0.01,2013,Legends of Chima
70147-1,2,272,0.01,2014,Legends of Chima
70130-1,0,111,0.00,2014,Legends of Chima
391407-1,0,11,0.00,2014,Legends of Chima
70004-1,1,141,0.01,2013,Legends of Chima
70225-1,3,181,0.02,2015,Legends of Chima
70232-1,7,53,0.13,2015,Legends of Chima
70226-1,7,223,0.03,2015,Legends of Chima
70141-1,0,108,0.00,2014,Legends of Chima
LOC391406-1,0,8,0.00,2014,Legends of Chima
LOC391507-1,0,8,0.00,2015,Legends of Chima
850910-1,0,39,0.00,2014,Legends of Chima
30254-1,0,25,0.00,2013,Legends of Chima
70014-1,0,240,0.00,2013,Legends of Chima
70131-1,6,115,0.05,2014,Legends of Chima
70144-1,2,178,0.01,2014,Legends of Chima
30252-1,0,19,0.00,2013,Legends of Chima
70003-1,1,145,0.01,2013,Legends of Chima
30262-1,0,19,0.00,2014,Legends of Chima
LOC391412-1,0,8,0.00,2014,Legends of Chima
30255-1,0,12,0.00,2013,Legends of Chima
30256-1,0,24,0.00,2015,Legends of Chima
70231-1,9,47,0.19,2015,Legends of Chima
30250-1,0,25,0.00,2013,Legends of Chima
70134-1,0,212,0.00,2014,Legends of Chima
70135-1,1,142,0.01,2014,Legends of Chima
70133-1,3,206,0.01,2014,Legends of Chima
LOC391508-1,0,9,0.00,2015,Legends of Chima
70142-1,0,141,0.00,2014,Legends of Chima
70128-1,4,87,0.05,2014,Legends of Chima
70138-1,1,33,0.03,2014,Legends of Chima
LOC391502-1,0,20,0.00,2015,Legends of Chima
70132-1,6,159,0.04,2014,Legends of Chima
LOC391409-1,0,14,0.00,2014,Legends of Chima
LOC214-1,0,13,0.00,2014,Legends of Chima
LOC391404-1,0,17,0.00,2014,Legends of Chima
LOC391503-1,0,10,0.00,2015,Legends of Chima
70002-1,0,108,0.00,2013,Legends of Chima
70229-1,9,51,0.18,2015,Legends of Chima
70221-1,1,88,0.01,2015,Legends of Chima
850913-1,0,36,0.00,2014,Legends of Chima
LOC2-14,0,13,0.00,2014,Legends of Chima
70013-1,0,143,0.00,2013,Legends of Chima
LOC391405-1,0,16,0.00,2014,Legends of Chima
70000-1,1,66,0.02,2013,Legends of Chima
30253-1,0,21,0.00,2013,Legends of Chima
30264-1,0,26,0.00,2014,Legends of Chima
LOC213-1,0,12,0.00,2013,Legends of Chima
70230-1,4,53,0.08,2015,Legends of Chima
30265-1,0,30,0.00,2014,Legends of Chima
70001-1,0,77,0.00,2013,Legends of Chima
LOC471408-1,0,8,0.00,2014,Legends of Chima
70006-1,5,201,0.02,2013,Legends of Chima
30263-1,0,19,0.00,2014,Legends of Chima
70220-1,1,93,0.01,2015,Legends of Chima
LOC391411-1,0,18,0.00,2014,Legends of Chima
LOC391410-1,0,8,0.00,2014,Legends of Chima
LOC391506-1,0,14,0.00,2015,Legends of Chima
LOC391501-1,0,7,0.00,2015,Legends of Chima
70227-1,3,268,0.01,2015,Legends of Chima
70010-1,1,362,0.00,2013,Legends of Chima
LOC113-1,0,12,0.00,2013,Legends of Chima
70129-1,3,97,0.03,2014,Legends of Chima
70007-1,0,111,0.00,2013,Legends of Chima
70008-1,4,188,0.02,2013,Legends of Chima
70223-1,3,216,0.01,2015,Legends of Chima
LOC391408-1,0,9,0.00,2014,Legends of Chima
70143-1,0,163,0.00,2014,Legends of Chima
70009-1,5,261,0.02,2013,Legends of Chima
70145-1,0,203,0.00,2014,Legends of Chima
70146-1,9,331,0.03,2014,Legends of Chima
70224-1,13,227,0.06,2015,Legends of Chima
30251-1,0,30,0.00,2013,Legends of Chima
LOC391403-1,0,14,0.00,2014,Legends of Chima
LOC114-1,0,11,0.00,2014,Legends of Chima
79104-3,0,200,0.00,2013,Teenage Mutant Ninja Turtles
79104-2,0,215,0.00,2013,Teenage Mutant Ninja Turtles
79119-1,6,81,0.07,2014,Teenage Mutant Ninja Turtles
30271-1,0,25,0.00,2014,Teenage Mutant Ninja Turtles
79102-1,3,94,0.03,2013,Teenage Mutant Ninja Turtles
79116-1,8,252,0.03,2014,Teenage Mutant Ninja Turtles
5002127-1,2,5,0.40,2014,Teenage Mutant Ninja Turtles
79100-1,2,56,0.04,2013,Teenage Mutant Ninja Turtles
79120-1,9,125,0.07,2014,Teenage Mutant Ninja Turtles
79101-1,4,115,0.03,2013,Teenage Mutant Ninja Turtles
79122-1,5,182,0.03,2014,Teenage Mutant Ninja Turtles
79118-1,6,81,0.07,2014,Teenage Mutant Ninja Turtles
79121-1,11,229,0.05,2014,Teenage Mutant Ninja Turtles
79105-1,8,171,0.05,2013,Teenage Mutant Ninja Turtles
30270-1,0,34,0.00,2013,Teenage Mutant Ninja Turtles
79115-1,5,139,0.04,2014,Teenage Mutant Ninja Turtles
79103-1,6,230,0.03,2013,Teenage Mutant Ninja Turtles
79104-1,0,210,0.00,2013,Teenage Mutant Ninja Turtles
79117-1,10,260,0.04,2014,Teenage Mutant Ninja Turtles
79007-1,9,179,0.05,2013,The Return of the King
9470-1,3,99,0.03,2012,The Return of the King
79008-1,11,224,0.05,2013,The Return of the King
10237-1,7,423,0.02,2013,The Two Towers
9471-1,5,112,0.04,2012,The Two Towers
9476-1,2,129,0.02,2012,The Two Towers
9474-1,9,261,0.03,2012,The Two Towers
9469-1,0,47,0.00,2012,The Fellowship of the Ring
79005-1,1,63,0.02,2013,The Fellowship of the Ring
9473-1,11,214,0.05,2012,The Fellowship of the Ring
79006-1,8,109,0.07,2013,The Fellowship of the Ring
9472-1,3,128,0.02,2012,The Fellowship of the Ring
30210-1,0,30,0.00,2012,The Lord of the Rings
30211-1,0,16,0.00,2012,The Lord of the Rings
5000202-1,3,6,0.50,2012,The Lord of the Rings
79016-1,6,148,0.04,2014,The Battle of the Five Armies
79017-1,7,191,0.04,2014,The Battle of the Five Armies
79015-1,10,63,0.16,2014,The Battle of the Five Armies
79018-1,16,274,0.06,2014,The Battle of the Five Armies
5000196304-1,0,7,0.00,2015,The Battle of the Five Armies
30216-1,0,25,0.00,2013,The Desolation of Smaug
79014-1,7,208,0.03,2013,The Desolation of Smaug
79011-1,4,96,0.04,2013,The Desolation of Smaug
79013-1,8,171,0.05,2013,The Desolation of Smaug
30215-1,0,24,0.00,2013,The Desolation of Smaug
79012-1,8,115,0.07,2013,The Desolation of Smaug
79002-1,11,147,0.07,2012,An Unexpected Journey
79001-1,4,109,0.04,2012,An Unexpected Journey
79003-1,12,232,0.05,2012,An Unexpected Journey
comcon033-1,0,50,0.00,2013,An Unexpected Journey
79004-1,8,140,0.06,2012,An Unexpected Journey
30212-1,0,27,0.00,2012,An Unexpected Journey
79000-1,0,58,0.00,2012,An Unexpected Journey
79010-1,17,256,0.07,2012,An Unexpected Journey
30213-1,0,26,0.00,2012,An Unexpected Journey
comcon038-1,0,5,0.00,2014,The Hobbit
comcon031-1,0,6,0.00,2013,The Hobbit
55001-1,1,33,0.03,2010,Universe
10228-1,4,243,0.02,2012,Monster Fighters
850487-1,2,35,0.06,2012,Monster Fighters
40076-1,0,39,0.00,2012,Monster Fighters
9462-1,3,56,0.05,2012,Monster Fighters
9464-1,1,135,0.01,2012,Monster Fighters
9463-1,3,94,0.03,2012,Monster Fighters
30200-1,0,22,0.00,2012,Monster Fighters
5000644-1,1,10,0.10,2012,Monster Fighters
9461-1,3,50,0.06,2012,Monster Fighters
9467-1,2,204,0.01,2012,Monster Fighters
30201-1,0,23,0.00,2012,Monster Fighters
9465-1,6,180,0.03,2012,Monster Fighters
9466-1,6,220,0.03,2012,Monster Fighters
9468-1,5,269,0.02,2012,Monster Fighters
71014-5,2,6,0.33,2016,DFB Minifigures
71014-12,2,6,0.33,2016,DFB Minifigures
71014-7,2,6,0.33,2016,DFB Minifigures
71014-4,2,6,0.33,2016,DFB Minifigures
71014-11,2,6,0.33,2016,DFB Minifigures
71014-13,2,6,0.33,2016,DFB Minifigures
71014-15,2,6,0.33,2016,DFB Minifigures
71014-2,3,6,0.50,2016,DFB Minifigures
71014-9,2,6,0.33,2016,DFB Minifigures
71014-1,3,6,0.50,2016,DFB Minifigures
71014-10,2,6,0.33,2016,DFB Minifigures
71014-3,3,6,0.50,2016,DFB Minifigures
71014-14,2,6,0.33,2016,DFB Minifigures
71014-16,2,6,0.33,2016,DFB Minifigures
71014-6,2,6,0.33,2016,DFB Minifigures
71014-8,2,6,0.33,2016,DFB Minifigures
71013-6,6,8,0.75,2016,Series 16 Minifigures
71013-5,3,7,0.43,2016,Series 16 Minifigures
71013-14,4,9,0.44,2016,Series 16 Minifigures
71013-10,3,6,0.50,2016,Series 16 Minifigures
71013-16,4,8,0.50,2016,Series 16 Minifigures
71013-4,5,10,0.50,2016,Series 16 Minifigures
71013-1,6,10,0.60,2016,Series 16 Minifigures
71013-8,3,6,0.50,2016,Series 16 Minifigures
71013-15,2,5,0.40,2016,Series 16 Minifigures
71013-2,3,6,0.50,2016,Series 16 Minifigures
71013-9,5,7,0.71,2016,Series 16 Minifigures
71013-12,4,7,0.57,2016,Series 16 Minifigures
71013-3,5,8,0.63,2016,Series 16 Minifigures
71013-11,4,7,0.57,2016,Series 16 Minifigures
71013-7,4,8,0.50,2016,Series 16 Minifigures
71013-13,4,7,0.57,2016,Series 16 Minifigures
71012-11,4,6,0.67,2016,Disney
71012-9,2,6,0.33,2016,Disney
71012-13,5,6,0.83,2016,Disney
71012-4,4,6,0.67,2016,Disney
71012-17,4,6,0.67,2016,Disney
71012-6,5,10,0.50,2016,Disney
71012-16,4,6,0.67,2016,Disney
71012-2,2,4,0.50,2016,Disney
71012-3,5,7,0.71,2016,Disney
71012-7,7,8,0.88,2016,Disney
71012-14,5,6,0.83,2016,Disney
71012-10,0,6,0.00,2016,Disney
71012-8,4,5,0.80,2016,Disney
71012-15,4,6,0.67,2016,Disney
71012-12,1,4,0.25,2016,Disney
71012-1,3,4,0.75,2016,Disney
71012-18,4,7,0.57,2016,Disney
71012-5,5,7,0.71,2016,Disney
71011-9,3,7,0.43,2016,Series 15 Minifigures
71011-3,5,10,0.50,2016,Series 15 Minifigures
71011-5,6,8,0.75,2016,Series 15 Minifigures
71011-11,7,9,0.78,2016,Series 15 Minifigures
71011-10,4,6,0.67,2016,Series 15 Minifigures
71011-6,4,9,0.44,2016,Series 15 Minifigures
71011-4,4,6,0.67,2016,Series 15 Minifigures
71011-15,3,8,0.38,2016,Series 15 Minifigures
71011-2,4,9,0.44,2016,Series 15 Minifigures
71011-7,5,6,0.83,2016,Series 15 Minifigures
71011-14,4,6,0.67,2016,Series 15 Minifigures
71011-1,5,7,0.71,2016,Series 15 Minifigures
71011-13,3,5,0.60,2016,Series 15 Minifigures
71011-8,4,7,0.57,2016,Series 15 Minifigures
71011-12,4,6,0.67,2016,Series 15 Minifigures
71011-16,3,8,0.38,2016,Series 15 Minifigures
71010-4,5,8,0.63,2015,Series 14 Minifigures
71010-5,4,6,0.67,2015,Series 14 Minifigures
71010-7,3,7,0.43,2015,Series 14 Minifigures
71010-9,5,7,0.71,2015,Series 14 Minifigures
71010-14,2,5,0.40,2015,Series 14 Minifigures
71010-16,5,7,0.71,2015,Series 14 Minifigures
71010-2,4,7,0.57,2015,Series 14 Minifigures
71010-15,3,5,0.60,2015,Series 14 Minifigures
71010-3,5,6,0.83,2015,Series 14 Minifigures
71010-10,3,6,0.50,2015,Series 14 Minifigures
71010-12,5,6,0.83,2015,Series 14 Minifigures
71010-11,4,6,0.67,2015,Series 14 Minifigures
71010-13,5,7,0.71,2015,Series 14 Minifigures
71010-1,3,6,0.50,2015,Series 14 Minifigures
71010-8,5,6,0.83,2015,Series 14 Minifigures
71010-6,2,5,0.40,2015,Series 14 Minifigures
71008-12,4,7,0.57,2015,Series 13 Minifigures
71008-11,4,6,0.67,2015,Series 13 Minifigures
71008-7,3,6,0.50,2015,Series 13 Minifigures
71008-10,5,10,0.50,2015,Series 13 Minifigures
71008-9,6,7,0.86,2015,Series 13 Minifigures
71008-2,5,8,0.63,2015,Series 13 Minifigures
71008-14,2,5,0.40,2015,Series 13 Minifigures
71008-1,4,9,0.44,2015,Series 13 Minifigures
71008-13,4,7,0.57,2015,Series 13 Minifigures
71008-4,4,7,0.57,2015,Series 13 Minifigures
71008-15,4,6,0.67,2015,Series 13 Minifigures
71008-5,4,7,0.57,2015,Series 13 Minifigures
71008-3,5,7,0.71,2015,Series 13 Minifigures
71008-6,5,7,0.71,2015,Series 13 Minifigures
71008-8,5,7,0.71,2015,Series 13 Minifigures
71008-16,4,7,0.57,2015,Series 13 Minifigures
71005-15,3,6,0.50,2014,The Simpsons
71005-4,1,6,0.17,2014,The Simpsons
71009-7,4,6,0.67,2015,The Simpsons
71009-10,3,5,0.60,2015,The Simpsons
71005-12,3,5,0.60,2014,The Simpsons
71009-11,4,6,0.67,2015,The Simpsons
71009-4,1,4,0.25,2015,The Simpsons
71005-6,3,5,0.60,2014,The Simpsons
71009-9,3,5,0.60,2015,The Simpsons
71005-8,0,5,0.00,2014,The Simpsons
71005-13,2,5,0.40,2014,The Simpsons
71005-2,3,6,0.50,2014,The Simpsons
71005-16,3,6,0.50,2014,The Simpsons
71005-9,2,5,0.40,2014,The Simpsons
71009-1,2,5,0.40,2015,The Simpsons
71009-14,4,7,0.57,2015,The Simpsons
71009-8,3,5,0.60,2015,The Simpsons
71005-14,4,6,0.67,2014,The Simpsons
71005-5,2,4,0.50,2014,The Simpsons
71005-3,3,7,0.43,2014,The Simpsons
71005-11,2,5,0.40,2014,The Simpsons
71009-13,3,5,0.60,2015,The Simpsons
71005-7,3,6,0.50,2014,The Simpsons
71009-16,4,5,0.80,2015,The Simpsons
71009-3,3,6,0.50,2015,The Simpsons
71005-10,3,5,0.60,2014,The Simpsons
71009-2,4,9,0.44,2015,The Simpsons
71009-15,3,6,0.50,2015,The Simpsons
71009-12,4,6,0.67,2015,The Simpsons
71009-6,3,6,0.50,2015,The Simpsons
71009-5,1,6,0.17,2015,The Simpsons
71005-1,0,6,0.00,2014,The Simpsons
71004-6,3,6,0.50,2014,The LEGO Movie Series
71004-11,5,6,0.83,2014,The LEGO Movie Series
71004-13,2,6,0.33,2014,The LEGO Movie Series
71004-1,4,7,0.57,2014,The LEGO Movie Series
71004-12,5,8,0.63,2014,The LEGO Movie Series
71004-16,4,7,0.57,2014,The LEGO Movie Series
71004-2,3,6,0.50,2014,The LEGO Movie Series
71004-5,4,6,0.67,2014,The LEGO Movie Series
71004-3,2,6,0.33,2014,The LEGO Movie Series
71004-14,4,8,0.50,2014,The LEGO Movie Series
71004-8,5,7,0.71,2014,The LEGO Movie Series
71004-15,5,6,0.83,2014,The LEGO Movie Series
71004-9,3,6,0.50,2014,The LEGO Movie Series
71004-4,3,6,0.50,2014,The LEGO Movie Series
71004-7,2,7,0.29,2014,The LEGO Movie Series
71004-10,3,6,0.50,2014,The LEGO Movie Series
71007-6,5,9,0.56,2014,Series 12 Minifigures
71007-15,4,6,0.67,2014,Series 12 Minifigures
71007-3,4,6,0.67,2014,Series 12 Minifigures
71007-12,5,6,0.83,2014,Series 12 Minifigures
71007-7,3,7,0.43,2014,Series 12 Minifigures
71007-13,2,7,0.29,2014,Series 12 Minifigures
71007-5,7,9,0.78,2014,Series 12 Minifigures
71007-10,4,7,0.57,2014,Series 12 Minifigures
71007-8,4,7,0.57,2014,Series 12 Minifigures
71007-16,4,7,0.57,2014,Series 12 Minifigures
71007-2,6,9,0.67,2014,Series 12 Minifigures
71007-11,5,7,0.71,2014,Series 12 Minifigures
71007-4,5,6,0.83,2014,Series 12 Minifigures
71007-1,5,11,0.45,2014,Series 12 Minifigures
71007-9,6,7,0.86,2014,Series 12 Minifigures
71007-14,4,6,0.67,2014,Series 12 Minifigures
71002-7,4,8,0.50,2013,Series 11 Minifigures
71002-11,5,7,0.71,2013,Series 11 Minifigures
71002-6,4,5,0.80,2013,Series 11 Minifigures
71002-8,3,5,0.60,2013,Series 11 Minifigures
71002-10,3,7,0.43,2013,Series 11 Minifigures
71002-3,5,7,0.71,2013,Series 11 Minifigures
71002-12,3,6,0.50,2013,Series 11 Minifigures
71002-1,3,6,0.50,2013,Series 11 Minifigures
71002-16,3,6,0.50,2013,Series 11 Minifigures
71002-14,2,7,0.29,2013,Series 11 Minifigures
71002-9,3,7,0.43,2013,Series 11 Minifigures
71002-4,5,8,0.63,2013,Series 11 Minifigures
71002-2,4,7,0.57,2013,Series 11 Minifigures
71002-13,3,9,0.33,2013,Series 11 Minifigures
71002-15,3,6,0.50,2013,Series 11 Minifigures
71002-5,4,8,0.50,2013,Series 11 Minifigures
8909-4,3,6,0.50,2012,Team GB
8909-2,4,6,0.67,2012,Team GB
8909-1,4,6,0.67,2012,Team GB
8909-9,3,7,0.43,2012,Team GB
8909-8,3,6,0.50,2012,Team GB
8909-7,3,8,0.38,2012,Team GB
8909-6,3,8,0.38,2012,Team GB
8909-5,3,7,0.43,2012,Team GB
8909-3,3,7,0.43,2012,Team GB
71001-13,4,5,0.80,2013,Series 10 Minifigures
71001-14,4,7,0.57,2013,Series 10 Minifigures
71001-5,3,6,0.50,2013,Series 10 Minifigures
71001-10,4,7,0.57,2013,Series 10 Minifigures
71001-19,1,5,0.20,2013,Series 10 Minifigures
71001-11,4,6,0.67,2013,Series 10 Minifigures
71001-8,4,7,0.57,2013,Series 10 Minifigures
71001-4,4,7,0.57,2013,Series 10 Minifigures
71001-1,5,7,0.71,2013,Series 10 Minifigures
71001-15,3,9,0.33,2013,Series 10 Minifigures
71001-9,5,7,0.71,2013,Series 10 Minifigures
71001-16,3,6,0.50,2013,Series 10 Minifigures
71001-3,4,8,0.50,2013,Series 10 Minifigures
71001-2,3,5,0.60,2013,Series 10 Minifigures
71001-12,3,6,0.50,2013,Series 10 Minifigures
71001-6,3,6,0.50,2013,Series 10 Minifigures
71001-7,5,7,0.71,2013,Series 10 Minifigures
71000-8,4,6,0.67,2013,Series 9 Minifigures
71000-5,5,6,0.83,2013,Series 9 Minifigures
71000-12,3,6,0.50,2013,Series 9 Minifigures
71000-13,5,6,0.83,2013,Series 9 Minifigures
71000-9,6,7,0.86,2013,Series 9 Minifigures
71000-4,4,10,0.40,2013,Series 9 Minifigures
71000-15,4,7,0.57,2013,Series 9 Minifigures
71000-7,0,5,0.00,2013,Series 9 Minifigures
71000-1,3,7,0.43,2013,Series 9 Minifigures
71000-10,4,7,0.57,2013,Series 9 Minifigures
71000-6,4,7,0.57,2013,Series 9 Minifigures
71000-14,4,6,0.67,2013,Series 9 Minifigures
71000-2,4,6,0.67,2013,Series 9 Minifigures
71000-11,4,7,0.57,2013,Series 9 Minifigures
71000-3,3,6,0.50,2013,Series 9 Minifigures
71000-16,4,6,0.67,2013,Series 9 Minifigures
8833-7,3,7,0.43,2012,Series 8 Minifigures
8833-2,4,8,0.50,2012,Series 8 Minifigures
8833-14,3,7,0.43,2012,Series 8 Minifigures
8833-5,3,8,0.38,2012,Series 8 Minifigures
8833-3,3,8,0.38,2012,Series 8 Minifigures
8833-6,4,7,0.57,2012,Series 8 Minifigures
8833-1,3,8,0.38,2012,Series 8 Minifigures
8833-11,3,5,0.60,2012,Series 8 Minifigures
8833-10,0,7,0.00,2012,Series 8 Minifigures
8833-12,5,7,0.71,2012,Series 8 Minifigures
8833-16,4,10,0.40,2012,Series 8 Minifigures
8833-4,4,6,0.67,2012,Series 8 Minifigures
8833-13,4,6,0.67,2012,Series 8 Minifigures
8833-9,4,8,0.50,2012,Series 8 Minifigures
8833-8,3,7,0.43,2012,Series 8 Minifigures
8833-15,3,7,0.43,2012,Series 8 Minifigures
8831-8,4,7,0.57,2012,Series 7 Minifigures
8831-14,4,8,0.50,2012,Series 7 Minifigures
8831-13,4,8,0.50,2012,Series 7 Minifigures
8831-5,4,7,0.57,2012,Series 7 Minifigures
8831-10,3,8,0.38,2012,Series 7 Minifigures
8831-12,3,7,0.43,2012,Series 7 Minifigures
8831-9,3,6,0.50,2012,Series 7 Minifigures
8831-7,4,8,0.50,2012,Series 7 Minifigures
8831-16,1,7,0.14,2012,Series 7 Minifigures
8831-15,3,6,0.50,2012,Series 7 Minifigures
8831-6,6,7,0.86,2012,Series 7 Minifigures
8831-11,3,8,0.38,2012,Series 7 Minifigures
8831-1,3,6,0.50,2012,Series 7 Minifigures
8831-3,3,7,0.43,2012,Series 7 Minifigures
8831-4,4,10,0.40,2012,Series 7 Minifigures
8831-2,5,7,0.71,2012,Series 7 Minifigures
8827-8,3,7,0.43,2012,Series 6 Minifigures
8827-16,2,7,0.29,2012,Series 6 Minifigures
8827-15,3,7,0.43,2012,Series 6 Minifigures
8827-11,4,7,0.57,2012,Series 6 Minifigures
8827-9,3,7,0.43,2012,Series 6 Minifigures
8827-13,3,9,0.33,2012,Series 6 Minifigures
8827-12,5,7,0.71,2012,Series 6 Minifigures
8827-7,3,6,0.50,2012,Series 6 Minifigures
8827-6,3,6,0.50,2012,Series 6 Minifigures
8827-5,3,7,0.43,2012,Series 6 Minifigures
8827-2,4,7,0.57,2012,Series 6 Minifigures
8827-3,1,6,0.17,2012,Series 6 Minifigures
8827-10,4,7,0.57,2012,Series 6 Minifigures
8827-4,5,8,0.63,2012,Series 6 Minifigures
8827-14,4,7,0.57,2012,Series 6 Minifigures
8827-1,2,6,0.33,2012,Series 6 Minifigures
8805-13,3,5,0.60,2011,Series 5 Minifigures
8805-8,4,6,0.67,2011,Series 5 Minifigures
8805-11,4,6,0.67,2011,Series 5 Minifigures
8805-6,4,6,0.67,2011,Series 5 Minifigures
8805-15,3,7,0.43,2011,Series 5 Minifigures
8805-4,4,8,0.50,2011,Series 5 Minifigures
8805-2,4,7,0.57,2011,Series 5 Minifigures
8805-16,3,6,0.50,2011,Series 5 Minifigures
8805-14,4,6,0.67,2011,Series 5 Minifigures
8805-3,3,6,0.50,2011,Series 5 Minifigures
8805-9,2,6,0.33,2011,Series 5 Minifigures
8805-1,2,7,0.29,2011,Series 5 Minifigures
8805-10,4,6,0.67,2011,Series 5 Minifigures
8805-5,3,7,0.43,2011,Series 5 Minifigures
8805-12,3,9,0.33,2011,Series 5 Minifigures
8805-7,3,7,0.43,2011,Series 5 Minifigures
8804-3,3,7,0.43,2011,Series 4 Minifigures
8804-4,2,6,0.33,2011,Series 4 Minifigures
8804-10,3,6,0.50,2011,Series 4 Minifigures
8804-8,4,10,0.40,2011,Series 4 Minifigures
8804-5,0,6,0.00,2011,Series 4 Minifigures
8804-11,3,8,0.38,2011,Series 4 Minifigures
8804-9,4,7,0.57,2011,Series 4 Minifigures
8804-12,4,6,0.67,2011,Series 4 Minifigures
8804-16,2,6,0.33,2011,Series 4 Minifigures
8804-6,4,9,0.44,2011,Series 4 Minifigures
8804-15,4,7,0.57,2011,Series 4 Minifigures
8804-14,3,7,0.43,2011,Series 4 Minifigures
8804-1,2,8,0.25,2011,Series 4 Minifigures
8804-2,4,6,0.67,2011,Series 4 Minifigures
8804-7,3,5,0.60,2011,Series 4 Minifigures
8804-13,4,6,0.67,2011,Series 4 Minifigures
8803-14,0,7,0.00,2011,Series 3 Minifigures
8803-16,5,6,0.83,2011,Series 3 Minifigures
8803-10,3,6,0.50,2011,Series 3 Minifigures
8803-5,2,7,0.29,2011,Series 3 Minifigures
8803-8,0,5,0.00,2011,Series 3 Minifigures
8803-12,0,6,0.00,2011,Series 3 Minifigures
8803-2,2,7,0.29,2011,Series 3 Minifigures
8803-13,2,6,0.33,2011,Series 3 Minifigures
8803-3,4,6,0.67,2011,Series 3 Minifigures
8803-11,3,7,0.43,2011,Series 3 Minifigures
8803-9,0,8,0.00,2011,Series 3 Minifigures
8803-7,2,6,0.33,2011,Series 3 Minifigures
8803-15,6,7,0.86,2011,Series 3 Minifigures
8803-4,3,7,0.43,2011,Series 3 Minifigures
8803-6,0,8,0.00,2011,Series 3 Minifigures
8803-1,0,9,0.00,2011,Series 3 Minifigures
8684-2,4,8,0.50,2010,Series 2 Minifigures
8684-1,6,8,0.75,2010,Series 2 Minifigures
8684-13,2,6,0.33,2010,Series 2 Minifigures
8684-3,2,6,0.33,2010,Series 2 Minifigures
8684-4,0,6,0.00,2010,Series 2 Minifigures
8684-9,4,7,0.57,2010,Series 2 Minifigures
8684-5,2,7,0.29,2010,Series 2 Minifigures
8684-15,0,6,0.00,2010,Series 2 Minifigures
8684-8,3,6,0.50,2010,Series 2 Minifigures
8684-7,3,8,0.38,2010,Series 2 Minifigures
8684-6,2,8,0.25,2010,Series 2 Minifigures
8684-12,3,8,0.38,2010,Series 2 Minifigures
8684-14,3,7,0.43,2010,Series 2 Minifigures
8684-16,3,6,0.50,2010,Series 2 Minifigures
8684-10,3,7,0.43,2010,Series 2 Minifigures
8684-11,3,7,0.43,2010,Series 2 Minifigures
8683-3,4,6,0.67,2010,Series 1 Minifigures
8683-14,2,9,0.22,2010,Series 1 Minifigures
8683-11,3,8,0.38,2010,Series 1 Minifigures
8683-9,1,7,0.14,2010,Series 1 Minifigures
8683-4,4,6,0.67,2010,Series 1 Minifigures
8683-1,5,9,0.56,2010,Series 1 Minifigures
8683-16,2,7,0.29,2010,Series 1 Minifigures
8683-7,3,6,0.50,2010,Series 1 Minifigures
8683-6,0,7,0.00,2010,Series 1 Minifigures
8683-5,2,6,0.33,2010,Series 1 Minifigures
8683-8,4,6,0.67,2010,Series 1 Minifigures
8683-12,2,7,0.29,2010,Series 1 Minifigures
8683-10,3,5,0.60,2010,Series 1 Minifigures
8683-2,0,6,0.00,2010,Series 1 Minifigures
8683-13,3,9,0.33,2010,Series 1 Minifigures
8683-15,2,8,0.25,2010,Series 1 Minifigures
852697-1,0,18,0.00,2009,Collectible Minifigures
MFCN-2,0,26,0.00,2009,Collectible Minifigures
5000437-1,0,19,0.00,2012,Collectible Minifigures
850449-1,0,41,0.00,2012,Collectible Minifigures
852769-1,0,19,0.00,2010,Collectible Minifigures
5000440-1,0,20,0.00,2012,Collectible Minifigures
5002146-1,0,6,0.00,2013,Collectible Minifigures
850458-1,0,32,0.00,2012,Collectible Minifigures
852753-1,0,20,0.00,2009,Collectible Minifigures
852331-1,0,19,0.00,2008,Collectible Minifigures
5000439-1,0,18,0.00,2012,Collectible Minifigures
852535-1,0,19,0.00,2009,Collectible Minifigures
5000438-1,0,19,0.00,2012,Collectible Minifigures
1089-1,0,2,0.00,1985,Universal Building Set
951178-1,0,7,0.00,1987,Universal Building Set
1065-1,2,45,0.04,1985,Universal Building Set
9287-1,2,224,0.01,1996,Universal Building Set
9452-1,0,134,0.00,1991,Universal Building Set
1056-1,0,121,0.00,1985,Universal Building Set
9280-1,0,110,0.00,1997,Universal Building Set
9255-1,0,40,0.00,1992,Universal Building Set
1083-1,0,22,0.00,1986,Universal Building Set
9453-1,0,98,0.00,1997,Universal Building Set
9454-1,0,65,0.00,1992,Universal Building Set
9337-1,0,212,0.00,2011,Town
9293-1,1,57,0.02,1996,Town
9324-1,0,259,0.00,2007,Town
1063-1,0,55,0.00,1985,Town
9353-1,0,157,0.00,1991,Town
9301-1,0,22,0.00,1999,Town
1060-1,0,15,0.00,1981,Town
9322-1,0,202,0.00,2007,Town
9314-1,0,282,0.00,2010,Town
9333-1,0,247,0.00,2010,Town
1066-1,0,37,0.00,1982,Town
9361-1,0,46,0.00,1991,Town
9348-1,0,163,0.00,2011,Town
1053-1,0,177,0.00,1984,Town
9335-1,1,324,0.00,2010,Town
9247-1,0,88,0.00,2005,Town
9356-1,0,132,0.00,1986,Town
K1062-1,6,22,0.27,1981,Town
k1062b,1,1,1.00,1981,Town
9360-1,0,21,0.00,1986,Town
9364-1,1,150,0.01,1993,Town
9354-1,6,214,0.03,1991,Town
9365-1,0,284,0.00,1993,Town
1062-1,0,75,0.00,1980,Town
9371-1,4,152,0.03,1999,Town
9370-1,0,4,0.00,1998,Town
9362-1,0,4,0.00,1991,Town
9311-1,0,184,0.00,2010,Town
9247-2,1,97,0.01,2006,Town
1033-1,20,20,1.00,1985,Supplemental
9670-1,0,1,0.00,2010,Supplemental
9750-1,3,4,0.75,1986,Supplemental
9669-1,0,1,0.00,2010,Supplemental
9667-1,0,1,0.00,2010,Supplemental
9752-1,0,4,0.00,1996,Supplemental
9688-1,1,7,0.14,2010,Supplemental
9847-1,18,18,1.00,1997,Supplemental
1034-1,0,69,0.00,1985,Supplemental
9875-1,4,4,1.00,1992,Supplemental
9771-1,2,3,0.67,1989,Supplemental
1031-1,20,20,1.00,1983,Supplemental
9668-1,0,1,0.00,2010,Supplemental
9628-1,0,3,0.00,2008,Supplemental
9874-1,5,5,1.00,1992,Supplemental
9605-1,0,69,0.00,1990,Supplemental
9681-1,0,98,0.00,1999,eLAB
9751-1,2,2,1.00,1995,Control Lab
9607-1,17,102,0.17,1994,Technic
9608-1,16,16,1.00,1994,Technic
9767-1,1,1,1.00,1989,Technic
9616-1,3,36,0.08,1995,Technic
951-2,8,8,1.00,1988,Technic
9700-1,6,126,0.05,1987,Technic
B110-1,0,33,0.00,2008,Technic
9632-1,0,73,0.00,2006,Technic
9975-1,0,14,0.00,1987,Technic
B100-1,0,25,0.00,1998,Technic
9645-1,2,2,1.00,1997,Technic
9631-1,24,24,1.00,1997,Technic
9618-1,2,60,0.03,1997,Technic
9384-1,0,104,0.00,2010,Supplemental
9256-1,0,20,0.00,2000,Supplemental
9840-1,1,2,0.50,2006,Supplemental
9241-1,0,7,0.00,2007,Supplemental
1077-1,1,20,0.05,1976,Supplemental
45120-1,0,51,0.00,2014,Supplemental
9001-2,0,1,0.00,2007,Supplemental
9641-1,1,21,0.05,2008,Supplemental
991319-1,0,1,0.00,2008,Supplemental
9279-2,0,3,0.00,2008,Supplemental
9243-1,0,12,0.00,2002,Supplemental
9286-1,0,3,0.00,1998,Supplemental
9386-1,0,21,0.00,2010,Supplemental
991268-1,0,17,0.00,2009,Supplemental
9355-1,0,132,0.00,1990,Space
9320-1,1,137,0.01,2003,Space
9022-1,0,10,0.00,1999,Soft Bricks
9021-1,0,12,0.00,1999,Soft Bricks
9023-1,0,5,0.00,2000,Soft Bricks
45003-1,0,10,0.00,2013,Soft Bricks
9020-1,0,12,0.00,1998,Soft Bricks
991451-1,0,2,0.00,2009,Technic
970630-1,0,1,0.00,2002,Technic
970617-1,0,1,0.00,2002,Technic
970663-1,0,1,0.00,2002,Technic
991333-1,0,1,0.00,2007,Technic
970638-1,0,1,0.00,2002,Technic
991369-1,0,2,0.00,2008,Technic
970637-1,0,1,0.00,2002,Technic
1332-1,0,4,0.00,1985,Technic
1333-1,0,4,0.00,1985,Technic
970627-1,0,1,0.00,2002,Technic
970612-1,0,1,0.00,2002,Technic
970018-1,0,1,0.00,2008,Technic
970117-1,0,1,0.00,2002,Technic
970620-1,0,1,0.00,2002,Technic
970645-1,0,1,0.00,2003,Technic
9945-1,0,3,0.00,1998,Technic
970616-1,0,1,0.00,2002,Technic
970621-1,0,1,0.00,2002,Technic
991404-1,0,2,0.00,2008,Technic
970119-1,2,2,1.00,2002,Technic
1342-1,0,4,0.00,1986,Technic
970623-1,0,1,0.00,2002,Technic
970643-1,0,1,0.00,2002,Technic
970017-1,0,1,0.00,2002,Technic
1330-1,0,3,0.00,1985,Technic
1335-1,0,1,0.00,1985,Technic
970665-1,0,1,0.00,2002,Technic
991405-1,0,6,0.00,2008,Technic
970608-1,0,1,0.00,2002,Technic
970604-1,0,1,0.00,2002,Technic
970614-1,0,1,0.00,2002,Technic
970654-1,0,3,0.00,2002,Technic
970610-1,0,1,0.00,2002,Technic
1343-1,0,2,0.00,1986,Technic
970115-1,0,1,0.00,2002,Technic
991329-1,0,1,0.00,2007,Technic
9918-1,0,1,0.00,1999,Technic
970634-1,0,1,0.00,2002,Technic
991328-1,0,1,0.00,2007,Technic
991452-1,0,2,0.00,2009,Technic
970618-1,0,1,0.00,2002,Technic
1329-1,0,3,0.00,1985,Technic
970662-1,0,1,0.00,2002,Technic
970118-1,0,1,0.00,2002,Technic
970041-1,0,1,0.00,2002,Technic
991336-1,0,1,0.00,2007,Technic
970631-1,0,1,0.00,2002,Technic
970640-1,0,1,0.00,2002,Technic
970613-1,0,1,0.00,2002,Technic
970622-1,0,1,0.00,2002,Technic
9849-1,0,4,0.00,1995,Technic
991751-1,0,8,0.00,2012,Technic
970609-1,0,1,0.00,2002,Technic
991426-1,0,15,0.00,2009,Technic
970636-1,0,1,0.00,2002,Technic
970602-1,0,1,0.00,2002,Technic
970028-1,0,1,0.00,2002,Technic
970628-1,0,1,0.00,2002,Technic
970043-1,0,1,0.00,2002,Technic
991337-1,0,1,0.00,2007,Technic
970635-1,0,1,0.00,2002,Technic
991330-1,0,1,0.00,2007,Technic
970629-1,0,1,0.00,2002,Technic
970605-1,0,1,0.00,2002,Technic
970030-1,0,1,0.00,2002,Technic
970646-1,0,1,0.00,2002,Technic
970603-1,0,1,0.00,2002,Technic
991332-1,0,1,0.00,2007,Technic
970010-1,0,1,0.00,2002,Technic
970633-1,0,1,0.00,2002,Technic
991402-1,0,7,0.00,2008,Technic
970039-1,0,1,0.00,2002,Technic
970601-1,0,1,0.00,2002,Technic
970626-1,0,1,0.00,2003,Technic
970659-1,0,5,0.00,2002,Technic
1331-1,0,4,0.00,1985,Technic
970619-1,0,1,0.00,2002,Technic
991327-1,0,1,0.00,2007,Technic
970615-1,0,1,0.00,2002,Technic
970607-1,0,1,0.00,2002,Technic
970611-1,0,1,0.00,2002,Technic
970660-1,0,2,0.00,2002,Technic
970606-1,0,1,0.00,2002,Technic
1334-1,0,1,0.00,1985,Technic
991403-1,0,6,0.00,2008,Technic
970641-1,0,1,0.00,2002,Technic
970042-1,0,1,0.00,2002,Technic
970624-1,0,1,0.00,2003,Technic
970658-1,0,1,0.00,2002,Technic
970632-1,0,1,0.00,2002,Technic
970110-1,0,1,0.00,2002,Technic
970116-1,0,1,0.00,2002,Technic
970625-1,0,1,0.00,2002,Technic
970674-1,0,26,0.00,2002,Service Packs
9962-1,0,4,0.00,1994,Service Packs
970639-1,0,1,0.00,2002,Service Packs
970672-1,0,35,0.00,2002,Service Packs
970679-1,0,38,0.00,2004,Service Packs
9934-1,0,12,0.00,1999,Service Packs
1328-1,0,4,0.00,1985,Service Packs
970113-1,0,3,0.00,2002,Service Packs
970677-1,1,14,0.07,2002,Service Packs
991118-1,0,1,0.00,2002,Service Packs
1338-1,0,5,0.00,1985,Service Packs
9929-1,0,14,0.00,1998,Service Packs
970112-1,0,2,0.00,2002,Service Packs
9869-1,0,1,0.00,1992,Service Packs
970122-1,0,1,0.00,2002,Service Packs
970673-1,0,23,0.00,2002,Service Packs
9935-1,0,12,0.00,1999,Service Packs
9959-1,0,31,0.00,2001,Service Packs
970600-1,0,1,0.00,2002,Service Packs
9931-1,0,14,0.00,1998,Service Packs
970670-1,0,106,0.00,2002,Service Packs
970684-1,0,7,0.00,2002,Service Packs
9933-1,0,12,0.00,1999,Service Packs
970047-1,0,2,0.00,2002,Service Packs
970004-1,0,1,0.00,2002,Service Packs
991331-2,0,2,0.00,2007,Service Packs
9930-1,0,14,0.00,1998,Service Packs
970009-1,0,1,0.00,2002,Service Packs
970120-1,0,1,0.00,2002,Service Packs
1347-1,0,9,0.00,1987,Service Packs
970669-1,0,20,0.00,2002,Service Packs
970005-1,0,1,0.00,2002,Service Packs
970021-1,0,2,0.00,2002,Service Packs
970121-1,0,1,0.00,2002,Service Packs
1323-1,0,3,0.00,1985,Service Packs
970671-1,0,35,0.00,2002,Service Packs
1327-1,0,4,0.00,1985,Service Packs
1348-1,0,1,0.00,1987,Service Packs
970036-1,0,1,0.00,2002,Service Packs
1341-1,0,1,0.00,1985,Service Packs
970680-1,7,19,0.37,2002,Service Packs
970683-1,0,15,0.00,2002,Service Packs
970661-1,0,5,0.00,2002,Service Packs
970008-1,0,1,0.00,2002,Service Packs
970111-1,0,2,0.00,2002,Service Packs
970676-1,0,30,0.00,2002,Service Packs
9954-1,0,24,0.00,2001,Service Packs
970678-1,0,39,0.00,2002,Service Packs
991335-1,0,2,0.00,2007,Service Packs
9932-1,0,14,0.00,1998,Service Packs
970675-1,0,32,0.00,2002,Service Packs
970687-1,2,37,0.05,2002,Service Packs
970653-1,0,1,0.00,2003,Service Packs
1344-1,0,4,0.00,1986,Service Packs
970686-1,0,5,0.00,2002,Service Packs
970040-1,0,2,0.00,2002,Service Packs
9936-1,0,1,0.00,1998,Service Packs
45301-1,0,1,0.00,2016,WeDo
45302-1,0,1,0.00,2016,WeDo
9585-1,0,72,0.00,2009,WeDo
9584-1,0,1,0.00,2009,WeDo
9581-1,0,1,0.00,2009,WeDo
45303-1,0,1,0.00,2016,WeDo
45300-1,2,111,0.02,2016,WeDo
45305-1,0,1,0.00,2016,WeDo
5004838-1,0,2,0.00,2016,WeDo
9583-1,0,1,0.00,2009,WeDo
45304-1,0,1,0.00,2016,WeDo
9689-1,0,46,0.00,2009,WeDo
9713-1,0,2,0.00,1998,RCX
9783-1,0,2,0.00,2001,RCX
9790-1,0,140,0.00,1999,RCX
9793-1,0,165,0.00,2002,RCX
9780-1,0,220,0.00,1998,RCX
9725-1,1,100,0.01,1999,RCX
9795-1,0,89,0.00,2001,RCX
9797-1,1,97,0.01,2006,NXT
9594-1,0,242,0.00,2011,Mindstorms
979760-1,1,96,0.01,2003,Mindstorms
45570-1,0,253,0.00,2014,Mindstorms
9650-1,0,91,0.00,2002,Mindstorms
45517-1,0,1,0.00,2016,Mindstorms
1513-1,0,6,0.00,1972,Learning
9742-1,0,4,0.00,2008,Learning
1512-1,0,6,0.00,1972,Learning
2000446-1,0,52,0.00,2015,Learning
9743-1,0,22,0.00,2003,Learning
1103-2,0,20,0.00,2008,Learning
9303-1,1,172,0.01,2004,Creator
9302-1,0,197,0.00,2004,Creator
90-2,1,1,1.00,1965,Classic
700K-1,0,60,0.00,1960,Classic
700L-1,0,1,0.00,1961,Classic
9376-1,0,116,0.00,1997,Castle
1045-2,0,68,0.00,1976,Building Set with People
1075-1,0,34,0.00,1980,Building Set with People
1049-1,0,50,0.00,1985,Boat
2000424-1,0,30,0.00,2014,Educational and Dacta
9530-1,56,58,0.97,2008,Educational and Dacta
45110-1,0,120,0.00,2013,Educational and Dacta
9331-1,0,118,0.00,2009,Educational and Dacta
9349-1,0,148,0.00,2011,Educational and Dacta
9218-1,9,50,0.18,2012,Educational and Dacta
9999-1,0,4,0.00,2008,Educational and Dacta
2000416-1,0,5,0.00,2012,Educational and Dacta
9580-1,0,71,0.00,2009,Educational and Dacta
45100-1,0,169,0.00,2013,Educational and Dacta
9089-1,12,37,0.32,2004,Educational and Dacta
1067-1,0,115,0.00,1988,Educational and Dacta
991464-1,0,20,0.00,2009,Educational and Dacta
45001-1,13,66,0.20,2013,Educational and Dacta
2000409-1,0,34,0.00,2010,Educational and Dacta
9090-1,0,67,0.00,1993,Educational and Dacta
45000-1,1,48,0.02,2013,Educational and Dacta
2000414-1,0,120,0.00,2010,Educational and Dacta
45002-1,21,36,0.58,2013,Educational and Dacta
45103-1,1,40,0.03,2015,Educational and Dacta
9388-1,0,11,0.00,2012,Educational and Dacta
9338-1,0,46,0.00,2011,Educational and Dacta
9686-1,0,91,0.00,2009,Educational and Dacta
9387-1,0,28,0.00,2011,Educational and Dacta
45020-1,0,93,0.00,2016,Educational and Dacta
9209-1,1,73,0.01,2012,Educational and Dacta
9251-1,0,25,0.00,2000,Educational and Dacta
9334-1,0,231,0.00,2010,Educational and Dacta
5003246-1,0,1,0.00,2015,Educational and Dacta
9389-1,0,280,0.00,2012,Educational and Dacta
9544-1,29,66,0.44,2006,Educational and Dacta
9531-1,58,60,0.97,2008,Educational and Dacta
2000445-1,0,8,0.00,2016,Educational and Dacta
10600-1,0,21,0.00,2015,Cars
6133-1,4,17,0.24,2012,Cars
6134-1,8,26,0.31,2012,Cars
6132-1,3,14,0.21,2012,Cars
10538-1,6,20,0.30,2014,Cars
5814-1,2,12,0.17,2010,Cars
5490-1,0,27,0.00,2006,Basic Set
5538-1,1,25,0.04,2009,Basic Set
5506-1,1,26,0.04,2010,Basic Set
10561-1,2,25,0.08,2013,Basic Set
10555-1,0,38,0.00,2013,Basic Set
6176-1,0,20,0.00,2008,Basic Set
10554-1,4,14,0.29,2013,Basic Set
3599-1,0,16,0.00,2005,Basic Set
9230-1,0,35,0.00,2004,Basic Set
5748-1,0,32,0.00,2011,Basic Set
5417-1,2,36,0.06,2007,Basic Set
1544-1,5,18,0.28,1988,Basic Set
5509-1,0,13,0.00,2010,Basic Set
5416-2,0,23,0.00,2009,Basic Set
2312-1,0,13,0.00,1987,Basic Set
10553-1,2,17,0.12,2013,Basic Set
5380-2,1,23,0.04,2008,Basic Set
5622-1,0,17,0.00,2010,Basic Set
5645-1,1,9,0.11,2010,Duplo
6758-1,2,17,0.12,2012,Duplo
10515-1,2,31,0.06,2013,Duplo
9222-1,3,16,0.19,2007,Duplo
10582-1,1,29,0.03,2015,Duplo
5606-1,2,10,0.20,2008,Duplo
4987-1,6,28,0.21,2007,Duplo
5793-1,0,10,0.00,2011,Duplo
30066-5,0,3,0.00,2013,Duplo
6051-1,33,56,0.59,2011,Duplo
4966-1,6,51,0.12,2006,Duplo
6151-1,3,15,0.20,2012,Duplo
10580-1,1,53,0.02,2014,Duplo
4629-1,0,55,0.00,2012,Duplo
45011-1,6,15,0.40,2015,Duplo
30218-1,0,6,0.00,2015,Duplo
3594-1,4,12,0.33,2009,Duplo
10597-1,5,24,0.21,2015,Duplo
10512-1,0,20,0.00,2013,Duplo
7844-1,10,22,0.45,2004,Duplo
30067-3,0,5,0.00,2014,Duplo
10566-1,3,34,0.09,2014,Duplo
2866-1,1,19,0.05,1998,Duplo
2775-1,2,7,0.29,1991,Duplo
10830-1,4,22,0.18,2016,Duplo
10587-1,2,33,0.06,2015,Duplo
10504-1,4,37,0.11,2013,Duplo
30067-4,0,5,0.00,2014,Duplo
6168-1,2,45,0.04,2012,Duplo
10605-1,3,15,0.20,2015,Duplo
5817-1,1,9,0.11,2011,Duplo
9091-1,0,52,0.00,2010,Duplo
10567-1,4,17,0.24,2014,Duplo
2912-1,4,10,0.40,2000,Duplo
10568-1,0,11,0.00,2014,Duplo
4962-1,4,20,0.20,2006,Duplo
10622-1,0,73,0.00,2015,Duplo
6136-1,2,33,0.06,2011,Duplo
10583-1,0,21,0.00,2015,Duplo
2982-1,7,9,0.78,1999,Duplo
10616-1,4,22,0.18,2015,Duplo
10827-1,8,30,0.27,2016,Duplo
10507-1,4,32,0.13,2013,Duplo
10831-1,3,16,0.19,2016,Duplo
10514-1,6,47,0.13,2013,Duplo
10601-1,2,12,0.17,2015,Duplo
9213-1,7,31,0.23,2007,Duplo
10801-1,0,11,0.00,2016,Duplo
5681-1,2,36,0.06,2011,Duplo
10508-1,5,71,0.07,2013,Duplo
5643-1,0,4,0.00,2010,Duplo
10565-1,0,61,0.00,2014,Duplo
4963-1,0,5,0.00,2006,Duplo
10593-1,5,41,0.12,2015,Duplo
10569-1,2,34,0.06,2014,Duplo
10531-1,5,49,0.10,2012,Duplo
30067-2,0,5,0.00,2014,Duplo
10617-1,3,19,0.16,2015,Duplo
10607-1,2,12,0.17,2015,Duplo
10572-1,1,38,0.03,2014,Duplo
30068-1,0,5,0.00,2014,Duplo
2933-1,25,40,0.63,2000,Duplo
5795-1,9,56,0.16,2011,Duplo
10808-1,0,12,0.00,2016,Duplo
10589-1,1,11,0.09,2015,Duplo
10550-1,2,9,0.22,2013,Duplo
5595-1,11,39,0.28,2009,Duplo
5649-1,0,43,0.00,2010,Duplo
7882-1,0,8,0.00,2006,Duplo
5945-1,3,11,0.27,2011,Duplo
4665-1,1,45,0.02,2005,Duplo
10527-1,3,13,0.23,2014,Duplo
6153-1,3,16,0.19,2012,Duplo
10517-1,4,28,0.14,2013,Duplo
10528-1,2,17,0.12,2014,Duplo
7881-1,2,19,0.11,2006,Duplo
2617-1,1,4,0.25,1989,Duplo
10524-1,2,20,0.10,2014,Duplo
10803-1,4,21,0.19,2016,Duplo
10829-1,3,16,0.19,2016,Duplo
30067-1,0,5,0.00,2014,Duplo
6152-1,2,21,0.10,2012,Duplo
2649-1,8,21,0.38,1984,Duplo
7883-1,1,9,0.11,2006,Duplo
10818-1,9,19,0.47,2016,Duplo
6158-1,4,34,0.12,2012,Duplo
2613-1,0,1,0.00,1990,Duplo
2070-1,3,3,1.00,1987,Duplo
6154-1,7,46,0.15,2012,Duplo
10516-1,0,23,0.00,2012,Duplo
30066-1,0,3,0.00,2013,Duplo
10557-1,4,77,0.05,2013,Duplo
10521-1,1,7,0.14,2014,Duplo
30066-4,0,3,0.00,2013,Duplo
2636-1,0,2,0.00,1984,Duplo
6144-1,3,12,0.25,2012,Duplo
7880-1,1,24,0.04,2006,Duplo
10520-1,3,12,0.25,2013,Duplo
9217-1,2,64,0.03,2010,Duplo
4662-1,1,16,0.06,2005,Duplo
5680-1,2,13,0.15,2011,Duplo
10579-1,0,13,0.00,2014,Duplo
10511-1,0,21,0.00,2013,Duplo
3066-3,0,3,0.00,2013,Duplo
10539-1,2,31,0.06,2014,Duplo
10575-1,0,46,0.00,2014,Duplo
5679-1,0,8,0.00,2011,Duplo
5380-1,0,25,0.00,2007,Duplo
10518-1,5,36,0.14,2013,Duplo
5659-1,3,25,0.12,2010,Duplo
6156-1,8,45,0.18,2012,Duplo
10584-1,6,56,0.11,2015,Duplo
10544-1,2,23,0.09,2014,Duplo
6143-1,8,22,0.36,2012,Duplo
10806-1,5,15,0.33,2016,Duplo
5416-1,0,24,0.00,2007,Duplo
10618-1,0,39,0.00,2015,Duplo
5658-1,3,11,0.27,2010,Duplo
10576-1,1,9,0.11,2014,Duplo
10814-1,3,24,0.13,2016,Duplo
6146-1,2,15,0.13,2012,Duplo
10545-1,5,40,0.13,2014,Duplo
4631-1,2,45,0.04,2012,Duplo
5609-1,14,57,0.25,2008,Duplo
5657-1,0,14,0.00,2010,Duplo
6760-1,2,13,0.15,2012,Duplo
10615-1,4,12,0.33,2015,Duplo
10558-1,0,27,0.00,2013,Duplo
5685-1,0,4,0.00,2011,Duplo
10804-1,8,50,0.16,2016,Duplo
2125-1,1,29,0.03,1997,Duplo
10590-1,1,21,0.05,2015,Duplo
10595-1,3,36,0.08,2015,Duplo
10526-1,4,31,0.13,2014,Duplo
2949-1,9,17,0.53,2001,Duplo
10509-1,4,14,0.29,2013,Duplo
9224-1,4,19,0.21,2006,Duplo
6157-1,7,82,0.09,2012,Duplo
10847-1,6,18,0.33,2017,Duplo
10805-1,0,75,0.00,2016,Duplo
10546-1,2,29,0.07,2014,Duplo
6138-1,0,25,0.00,2011,Duplo
10529-1,0,15,0.00,2014,Duplo
4828-1,5,28,0.18,2007,Duplo
2304-1,1,1,1.00,1992,Duplo
3093-1,10,26,0.38,2001,Duplo
10594-1,1,21,0.05,2015,Duplo
10606-1,5,28,0.18,2015,Duplo
9027-1,0,31,0.00,2007,Duplo
5507-1,0,38,0.00,2010,Duplo
10591-1,0,18,0.00,2015,Duplo
10813-1,0,21,0.00,2016,Duplo
9656-1,5,31,0.16,2008,Duplo
10552-1,2,37,0.05,2013,Duplo
6173-1,0,7,0.00,2012,Duplo
4623-1,0,20,0.00,2012,Duplo
10586-1,1,9,0.11,2015,Duplo
10570-1,0,22,0.00,2014,Duplo
10585-1,0,12,0.00,2015,Duplo
10577-1,3,50,0.06,2014,Duplo
10513-1,2,29,0.07,2013,Duplo
3775-1,0,1,0.00,2005,Duplo
10532-1,4,29,0.14,2014,Duplo
10505-1,7,51,0.14,2013,Duplo
10543-1,2,16,0.13,2014,Duplo
10608-1,3,22,0.14,2015,Duplo
6130-1,1,29,0.03,2011,Duplo
10574-1,1,21,0.05,2014,Duplo
4632-1,0,3,0.00,2012,Duplo
10506-1,1,12,0.08,2013,Duplo
6137-1,5,26,0.19,2011,Duplo
6759-1,4,16,0.25,2012,Duplo
10525-1,4,53,0.08,2014,Duplo
10592-1,2,23,0.09,2015,Duplo
4627-1,0,42,0.00,2012,Duplo
10510-1,6,24,0.25,2013,Duplo
10573-1,5,24,0.21,2014,Duplo
10802-1,0,11,0.00,2016,Duplo
6169-1,1,6,0.17,2012,Duplo
10581-1,1,11,0.09,2015,Duplo
10599-1,3,21,0.14,2015,Duplo
5638-1,2,9,0.22,2009,Duplo
5813-1,1,9,0.11,2010,Duplo
10596-1,0,46,0.00,2015,Duplo
5946-1,3,14,0.21,2011,Duplo
5682-1,3,18,0.17,2011,Duplo
5646-1,0,8,0.00,2010,Duplo
10501-1,0,5,0.00,2013,Duplo
10825-1,5,20,0.25,2016,Duplo
10824-1,6,18,0.33,2017,Duplo
30321-1,0,4,0.00,2016,Duplo
6785-1,2,28,0.07,2012,Duplo
10604-1,1,19,0.05,2015,Duplo
3612-1,12,27,0.44,2002,Duplo
10522-1,0,10,0.00,2014,Duplo
4659-1,4,12,0.33,2005,Duplo
6784-1,4,24,0.17,2012,Duplo
10500-1,2,29,0.07,2013,Duplo
4820-1,1,38,0.03,2005,Duplo
4986-1,10,17,0.59,2007,Duplo
522-1,11,16,0.69,1977,Duplo
10602-1,5,29,0.17,2015,Duplo
9227-1,2,52,0.04,2007,Duplo
30066-2,0,3,0.00,2013,Duplo
4624-1,3,23,0.13,2012,Duplo
45007-1,0,66,0.00,2014,Duplo
6171-1,6,37,0.16,2012,Duplo
2734-1,0,1,0.00,1993,Duplo
10603-1,6,14,0.43,2015,Duplo
2735-1,0,1,0.00,1993,Duplo
10571-1,1,38,0.03,2014,Duplo
5639-1,2,45,0.04,2009,Duplo
5644-1,0,9,0.00,2010,Duplo
10820-1,1,58,0.02,2016,Duplo
3300-1,2,5,0.40,2006,Duplo
10810-1,1,25,0.04,2016,Duplo
10852-1,1,5,0.20,2017,Duplo
10849-1,1,8,0.13,2017,Duplo
850789-1,0,6,0.00,2013,Key Chain
853380-1,0,1,0.00,2015,Key Chain
851324-1,0,4,0.00,2014,Key Chain
850602-1,0,4,0.00,2013,Key Chain
852273-1,0,1,0.00,2008,Key Chain
850808-1,0,1,0.00,2013,Key Chain
850154-1,0,1,0.00,2007,Key Chain
852095-1,0,1,0.00,2007,Key Chain
853379-1,0,1,0.00,2015,Key Chain
850355-1,1,4,0.25,2002,Key Chain
3859-1,3,75,0.04,2011,Game
3855-1,3,37,0.08,2011,Game
3853-1,0,16,0.00,2011,Game
852293-1,1,379,0.00,2008,Game
3866-1,13,89,0.15,2012,Game
3842-1,2,56,0.04,2009,Game
852001-1,1,42,0.02,2007,Game
3865-1,4,86,0.05,2012,Game
3860-1,2,107,0.02,2011,Game
30170-1,0,32,0.00,2012,Game
3847-1,4,51,0.08,2010,Game
3857-1,1,48,0.02,2011,Game
03093-1,0,40,0.00,1999,Game
3864-1,4,52,0.08,2012,Game
3852-1,1,39,0.03,2011,Game
3920-1,11,63,0.17,2012,Game
4591715-1,0,7,0.00,2009,Game
3854-1,1,34,0.03,2011,Game
3845-1,0,29,0.00,2010,Game
3846-1,1,37,0.03,2010,Game
3874-1,4,101,0.04,2012,Game
50011-1,12,88,0.14,2013,Game
3839-1,0,47,0.00,2009,Game
3856-1,8,67,0.12,2011,Game
50003-1,11,77,0.14,2013,Game
3840-1,0,58,0.00,2009,Game
3849-1,5,53,0.09,2010,Game
852132-1,1,16,0.06,2007,Game
3838-1,4,48,0.08,2009,Game
3858-1,3,84,0.04,2011,Game
3836-1,0,38,0.00,2009,Game
4648939-1,0,8,0.00,2011,Game
50004-1,3,167,0.02,2013,Game
2856079-1,20,26,0.77,2011,Game
3848-1,3,58,0.05,2010,Game
3835-1,0,65,0.00,2009,Game
3850-1,3,73,0.04,2010,Game
3861-1,1,36,0.03,2011,Game
2010-1,1,38,0.03,2010,Game
50006-1,6,68,0.09,2013,Game
4277678-1,0,61,0.00,2005,Game
3844-1,5,148,0.03,2009,Game
3837-1,2,49,0.04,2009,Game
3841-1,4,53,0.08,2009,Game
3862-1,10,92,0.11,2010,Game
3843-1,7,52,0.13,2009,Game
3863-1,2,31,0.06,2012,Game
3851-1,6,76,0.08,2010,Game
G577-1,9,34,0.26,2006,Game
40174-1,0,100,0.00,2017,Game
850760-1,2,6,0.33,2013,Gear
851210-1,0,1,0.00,2005,Gear
40080-1,0,56,0.00,2013,Gear
850935-1,1,21,0.05,2014,Gear
853476-1,0,2,0.00,2015,Gear
853195-1,6,63,0.10,2011,Gear
850591-1,0,22,0.00,2013,Gear
850597-1,0,9,0.00,2013,Gear
852554-1,0,18,0.00,2008,Gear
850423-1,0,14,0.00,2012,Gear
4659597-1,0,2,0.00,2012,Gear
850702-1,0,29,0.00,2013,Gear
852948-1,1,18,0.06,2010,Gear
850595-1,0,15,0.00,2014,Gear
853358-1,1,11,0.09,2011,Gear
852553-1,0,15,0.00,2009,Gear
852844-1,1,13,0.08,2010,Gear
850686-1,0,46,0.00,2013,Gear
850581-1,6,81,0.07,2013,Gear
853213-1,0,7,0.00,2012,Gear
5004238-1,4,6,0.67,2014,Gear
850664-1,0,1,0.00,2013,Gear
DCSHDVD1-1,2,5,0.40,2015,Gear
2856195-1,1,1,1.00,2011,Gear
853175-1,1,58,0.02,2011,Gear
2856226-1,1,3,0.33,2011,Gear
852737-1,0,6,0.00,2009,Gear
850963-1,0,11,0.00,2014,Gear
851331-1,0,6,0.00,2015,Gear
2855113-1,0,86,0.00,2011,Gear
850635-1,0,2,0.00,2013,Gear
852555-1,0,18,0.00,2009,Gear
5004120-1,0,4,0.00,2014,Gear
853261-1,1,1,1.00,2011,Gear
853373-1,1,88,0.01,2012,Gear
853353-1,1,23,0.04,2011,Gear
852942-1,0,19,0.00,2010,Gear
853037-1,0,17,0.00,2010,Gear
850682-1,0,3,0.00,2013,Gear
851490-1,0,1,0.00,2005,Gear
853395-1,1,1,1.00,2012,Gear
852820-1,0,1,0.00,2010,Gear
851344-1,0,9,0.00,2015,Gear
852845-1,0,15,0.00,2010,Gear
852777-1,0,16,0.00,2010,Gear
852231-1,0,36,0.00,2008,Gear
852843-1,0,11,0.00,2010,Gear
850425-1,5,62,0.08,2012,Gear
850798-1,0,30,0.00,2013,Gear
853305-1,0,7,0.00,2011,Gear
850802-1,2,6,0.33,2011,Gear
852552-1,1,15,0.07,2009,Gear
853440-1,0,19,0.00,2015,Gear
2855028-1,1,8,0.13,2010,Gear
852949-1,0,13,0.00,2010,Gear
4521221-1,0,3,0.00,2007,Gear
850642-1,0,5,0.00,2013,Gear
DKSS-1,1,1,1.00,2009,Gear
850513-1,2,6,0.33,2012,Gear
852750-1,0,38,0.00,2009,Gear
852551-1,0,20,0.00,2009,Gear
850426-1,1,33,0.03,2012,Gear
850457-1,0,6,0.00,2012,Gear
40172-1,0,24,0.00,2017,Gear
852715-1,0,15,0.00,2009,Gear
7511-1,2,22,0.09,2003,Clikits
4875-1,0,13,0.00,2005,Clikits
7507-1,3,27,0.11,2003,Clikits
10082-1,3,24,0.13,2004,Clikits
7528-1,5,28,0.18,2004,Clikits
7512-1,4,16,0.25,2003,Clikits
3194-1,1,7,0.14,2004,Clikits
65542-1,0,1,0.00,2004,Clikits
7504-1,2,9,0.22,2004,Clikits
10116-1,0,27,0.00,2004,Clikits
1386-1,0,12,0.00,2004,Clikits
7537-1,5,22,0.23,2005,Clikits
7548-1,6,36,0.17,2006,Clikits
7506-1,0,9,0.00,2004,Clikits
7545-1,9,31,0.29,2006,Clikits
7518-1,8,34,0.24,2003,Clikits
7529-1,8,25,0.32,2004,Clikits
7558-1,4,9,0.44,2005,Clikits
7530-1,5,22,0.23,2004,Clikits
4876-1,0,12,0.00,2005,Clikits
4277206-1,32,42,0.76,2005,Clikits
7559-1,4,11,0.36,2005,Clikits
7524-1,1,9,0.11,2004,Clikits
10117-1,2,28,0.07,2004,Clikits
7509-1,3,31,0.10,2003,Clikits
7549-1,17,56,0.30,2006,Clikits
7531-1,1,54,0.02,2004,Clikits
7533-1,2,22,0.09,2005,Clikits
1385-1,0,10,0.00,2003,Clikits
7514-1,1,7,0.14,2004,Clikits
7501-1,0,13,0.00,2003,Clikits
3195-1,0,7,0.00,2004,Clikits
7510-1,10,23,0.43,2003,Clikits
65364-1,0,1,0.00,2004,Clikits
65363-1,0,1,0.00,2004,Clikits
7534-1,3,20,0.15,2005,Clikits
10118-1,0,29,0.00,2004,Clikits
7535-1,3,24,0.13,2005,Clikits
65362-1,0,1,0.00,2004,Clikits
10081-1,6,25,0.24,2004,Clikits
7508-1,1,33,0.03,2003,Clikits
7554-1,0,15,0.00,2006,Clikits
7525-1,8,20,0.40,2004,Clikits
7523-1,1,7,0.14,2005,Clikits
7502-1,2,15,0.13,2003,Clikits
3196-1,0,7,0.00,2004,Clikits
7527-1,16,52,0.31,2005,Clikits
7557-1,3,9,0.33,2005,Clikits
7516-1,2,22,0.09,2004,Clikits
7526-1,2,14,0.14,2004,Clikits
7540-1,6,30,0.20,2005,Clikits
7546-1,4,32,0.13,2006,Clikits
10083-1,5,23,0.22,2004,Clikits
7505-1,0,8,0.00,2004,Clikits
8890-1,1,1,1.00,1988,Technic
8888-1,1,1,1.00,1980,Technic
8889-1,1,1,1.00,1984,Technic
8891-1,1,1,1.00,1991,Technic
5000214-1,1,4,0.25,2011,Books
DKStarWars-1,0,86,0.00,2010,Books
DKAtlantis-1,0,81,0.00,2010,Books
6000-1,2,2,1.00,1980,Books
5004798-1,0,4,0.00,2014,Books
309314-1,0,18,0.00,2011,Books
5004103-1,1,1,1.00,2013,Books
5004195-1,3,4,0.75,2014,Books
DKPirates-1,0,75,0.00,2009,Books
DKFriends-1,0,66,0.00,2012,Books
18703535-1,0,15,0.00,2016,Books
11905-1,0,182,0.00,2013,Books
DKCity-1,0,80,0.00,2011,Books
5004197-1,0,6,0.00,2014,Books
5004853-1,3,6,0.50,2015,Books
9780545703307-1,0,16,0.00,2015,Books
250-1,1,1,1.00,1987,Books
DKLEGOBOOK-1,1,1,1.00,2009,Books
5000215-1,1,4,0.25,2011,Books
2853508-1,2,6,0.33,2009,Books
5002773-1,0,93,0.00,2013,Books
697-2,2,2,1.00,1997,Books
DKCastle-1,0,76,0.00,2009,Books
DKLEGOBOOK-2,1,1,1.00,2011,Books
ISBN1338112120-1,2,6,0.33,2017,Books
DKNinjago-1,0,75,0.00,2011,Books
41023-1,0,23,0.00,2013,Animals
41048-1,0,34,0.00,2014,Animals
41044-1,0,28,0.00,2014,Animals
41021-1,1,29,0.03,2013,Animals
41043-1,0,34,0.00,2014,Animals
41024-1,0,23,0.00,2013,Animals
41049-1,0,29,0.00,2014,Animals
41025-1,0,28,0.00,2013,Animals
41018-1,0,20,0.00,2013,Animals
41046-1,0,30,0.00,2014,Animals
41022-1,0,26,0.00,2013,Animals
41047-1,0,27,0.00,2014,Animals
41041-1,1,31,0.03,2014,Animals
10726-1,2,50,0.04,2016,Animals
561411-1,0,20,0.00,2014,Animals
41045-1,0,22,0.00,2014,Animals
41017-1,0,28,0.00,2013,Animals
41302-1,2,42,0.05,2017,Animals
41304-1,0,35,0.00,2017,Animals
41020-1,0,27,0.00,2013,Animals
41042-1,0,25,0.00,2014,Animals
41019-1,0,24,0.00,2013,Animals
41303-1,1,45,0.02,2017,Animals
30115-1,0,28,0.00,2014,Jungle Rescue
41033-1,0,108,0.00,2014,Jungle Rescue
41038-1,2,223,0.01,2014,Jungle Rescue
41059-1,1,138,0.01,2014,Jungle Rescue
41032-1,1,96,0.01,2014,Jungle Rescue
41036-1,3,183,0.02,2014,Jungle Rescue
30106-1,0,23,0.00,2013,Friends
41135-1,1,226,0.00,2016,Friends
561508-1,0,13,0.00,2015,Friends
561409-1,0,24,0.00,2014,Friends
853556-1,0,28,0.00,2016,Friends
41125-1,3,181,0.02,2016,Friends
41116-1,1,95,0.01,2016,Friends
3942-1,0,93,0.00,2012,Friends
30108-1,0,24,0.00,2013,Friends
41057-1,1,179,0.01,2014,Friends
41119-1,0,227,0.00,2016,Friends
471602-1,0,21,0.00,2016,Friends
561504-1,0,18,0.00,2015,Friends
41001-1,2,55,0.04,2013,Friends
41130-1,3,353,0.01,2016,Friends
41105-1,5,148,0.03,2015,Friends
41127-1,1,91,0.01,2016,Friends
41003-1,1,62,0.02,2013,Friends
41015-1,2,244,0.01,2013,Friends
5002112-1,0,9,0.00,2014,Friends
561410-1,0,22,0.00,2014,Friends
30203-1,0,28,0.00,2015,Friends
3186-1,0,112,0.00,2012,Friends
30398-1,0,24,0.00,2016,Friends
30396-1,0,29,0.00,2016,Friends
41111-1,0,78,0.00,2016,Friends
3939-1,1,61,0.02,2012,Friends
FR561611-1,0,19,0.00,2016,Friends
5002930-1,0,4,0.00,2015,Friends
41035-1,2,132,0.02,2014,Friends
3183-1,0,87,0.00,2012,Friends
10728-1,7,120,0.06,2016,Friends
41124-1,2,145,0.01,2016,Friends
41030-1,1,63,0.02,2014,Friends
3930-1,0,35,0.00,2012,Friends
3184-1,2,138,0.01,2012,Friends
6006139-1,2,2,1.00,2012,Friends
41103-1,0,98,0.00,2015,Friends
5000245-1,0,5,0.00,2012,Friends
30114-1,0,27,0.00,2014,Friends
40156-1,0,39,0.00,2015,Friends
30101-1,0,27,0.00,2012,Friends
41100-1,0,109,0.00,2015,Friends
41122-1,4,251,0.02,2016,Friends
FR561605-1,0,19,0.00,2016,Friends
FR561603-1,0,11,0.00,2016,Friends
30100-1,0,21,0.00,2012,Friends
41031-1,1,56,0.02,2014,Friends
41000-1,1,26,0.04,2013,Friends
30103-1,0,20,0.00,2012,Friends
41132-1,0,104,0.00,2016,Friends
41085-1,2,101,0.02,2015,Friends
41098-1,0,76,0.00,2015,Friends
3931-1,0,29,0.00,2012,Friends
561511-1,0,12,0.00,2015,Friends
5002931-1,0,24,0.00,2015,Friends
41029-1,1,55,0.02,2014,Friends
11908-1,0,34,0.00,2015,Friends
FR561604-1,0,17,0.00,2016,Friends
40114-1,0,49,0.00,2014,Friends
41090-1,1,61,0.02,2015,Friends
30202-1,0,38,0.00,2015,Friends
561503-1,0,16,0.00,2015,Friends
FRNDSMAGJNGLE-1,0,20,0.00,2014,Friends
5002928-1,0,10,0.00,2015,Friends
30204-1,0,32,0.00,2015,Friends
41005-1,4,195,0.02,2013,Friends
3185-1,2,304,0.01,2012,Friends
41093-1,3,183,0.02,2015,Friends
41034-1,0,144,0.00,2014,Friends
3189-1,1,142,0.01,2012,Friends
41095-1,4,295,0.01,2015,Friends
30105-1,0,33,0.00,2012,Friends
6043173-1,1,9,0.11,2013,Friends
41058-1,3,442,0.01,2014,Friends
41006-1,2,136,0.01,2013,Friends
FRNDSMAGBEACH-1,0,17,0.00,2014,Friends
FR561609-1,0,15,0.00,2016,Friends
3937-1,0,44,0.00,2012,Friends
561505-1,0,15,0.00,2015,Friends
561507-1,0,15,0.00,2015,Friends
41301-1,1,88,0.01,2017,Friends
41109-1,2,251,0.01,2015,Friends
41056-1,0,122,0.00,2014,Friends
30113-1,0,30,0.00,2014,Friends
FR561608-1,0,21,0.00,2016,Friends
41110-1,1,84,0.01,2016,Friends
561502-1,0,16,0.00,2015,Friends
41089-1,1,25,0.04,2015,Friends
41118-1,2,217,0.01,2016,Friends
FR561602-1,0,17,0.00,2016,Friends
MOMENTS-1,0,12,0.00,2015,Friends
41107-1,0,147,0.00,2015,Friends
41008-1,0,164,0.00,2013,Friends
41028-1,1,60,0.02,2014,Friends
3061-1,2,141,0.01,2012,Friends
561501-1,0,9,0.00,2015,Friends
3932-1,2,43,0.05,2012,Friends
3935-1,1,45,0.02,2012,Friends
JUNGLE-ADV-1,0,20,0.00,2015,Friends
41094-1,1,230,0.00,2015,Friends
3933-1,0,55,0.00,2012,Friends
41007-1,1,140,0.01,2013,Friends
41123-1,1,67,0.01,2016,Friends
41086-1,0,57,0.00,2015,Friends
4659602-1,1,7,0.14,2012,Friends
41101-1,4,479,0.01,2015,Friends
41013-1,1,88,0.01,2013,Friends
853393-1,0,21,0.00,2012,Friends
41106-1,0,230,0.00,2015,Friends
FR561607-1,0,15,0.00,2016,Friends
30205-1,0,32,0.00,2015,Friends
FR561606-1,0,11,0.00,2016,Friends
30399-1,0,29,0.00,2016,Friends
40171-1,0,52,0.00,2017,Friends
561509-1,0,16,0.00,2015,Friends
41114-1,0,48,0.00,2016,Friends
41108-1,0,184,0.00,2015,Friends
561512-1,0,19,0.00,2015,Friends
41010-1,0,60,0.00,2013,Friends
41104-1,1,137,0.01,2015,Friends
41009-1,0,64,0.00,2013,Friends
30107-1,0,27,0.00,2013,Friends
41026-1,0,119,0.00,2014,Friends
FR561610-1,0,22,0.00,2016,Friends
850967-1,1,25,0.04,2014,Friends
41120-1,0,72,0.00,2016,Friends
561407-1,0,13,0.00,2014,Friends
41300-1,2,103,0.02,2017,Friends
41039-1,0,232,0.00,2014,Friends
561408-1,0,20,0.00,2014,Friends
41112-1,0,49,0.00,2016,Friends
41133-1,0,151,0.00,2016,Friends
41134-1,0,253,0.00,2016,Friends
40112-1,0,64,0.00,2014,Friends
561506-1,0,19,0.00,2015,Friends
3936-1,1,47,0.02,2012,Friends
10727-1,3,89,0.03,2016,Friends
3187-1,1,116,0.01,2012,Friends
3938-1,1,48,0.02,2012,Friends
41117-1,1,107,0.01,2016,Friends
41129-1,2,103,0.02,2016,Friends
41128-1,0,88,0.00,2016,Friends
5002929-1,0,21,0.00,2015,Friends
41011-1,1,60,0.02,2013,Friends
41091-1,0,120,0.00,2015,Friends
30112-1,0,38,0.00,2014,Friends
30102-1,0,23,0.00,2012,Friends
3934-1,0,51,0.00,2012,Friends
41097-1,1,142,0.01,2015,Friends
41037-1,2,179,0.01,2014,Friends
41121-1,3,153,0.02,2016,Friends
41027-1,1,77,0.01,2014,Friends
WishingWell-1,0,10,0.00,2013,Friends
3063-1,1,88,0.01,2012,Friends
41088-1,1,48,0.02,2015,Friends
41099-1,0,129,0.00,2015,Friends
3188-1,1,149,0.01,2012,Friends
41126-1,3,220,0.01,2016,Friends
FR561502-1,0,16,0.00,2015,Friends
41087-1,0,38,0.00,2015,Friends
FR561601-1,0,15,0.00,2016,Friends
41313-1,6,268,0.02,2017,Friends
41311-1,2,146,0.01,2017,Friends
41305-1,3,70,0.04,2017,Friends
41307-1,2,68,0.03,2017,Friends
41308-1,0,93,0.00,2017,Friends
41309-1,2,57,0.04,2017,Friends
41312-1,1,190,0.01,2017,Friends
41314-1,5,278,0.02,2017,Friends
40265-1,0,11,0.00,2017,Friends
FR561701-1,0,18,0.00,2017,Friends
471518-1,0,16,0.00,2015,Friends
3315-1,6,266,0.02,2012,Friends
3065-1,0,80,0.00,2012,Friends
41115-1,0,97,0.00,2016,Friends
41092-1,0,62,0.00,2015,Friends
561510-1,0,16,0.00,2015,Friends
561412-1,0,17,0.00,2014,Friends
FR561612-1,0,18,0.00,2016,Friends
5002113-1,0,12,0.00,2014,Friends
41113-1,0,47,0.00,2016,Friends
41004-1,2,96,0.02,2013,Friends
41002-1,3,59,0.05,2013,Friends
41306-1,0,62,0.00,2017,Friends
41310-1,1,137,0.01,2017,Friends
851362-1,0,12,0.00,2015,Friends
TRUFRIENDS-1,0,14,0.00,2017,Friends
30401-1,0,34,0.00,2017,Friends
30400-1,0,25,0.00,2017,Friends
76050-1,6,100,0.06,2016,Marvel
76039-1,11,100,0.11,2015,Marvel
76060-1,12,133,0.09,2016,Marvel
76036-1,6,64,0.09,2015,Marvel
76067-1,3,133,0.02,2016,Marvel
76047-1,3,146,0.02,2016,Marvel
76037-1,4,177,0.02,2015,Marvel
76078-1,8,141,0.06,2017,Marvel
76076-1,9,84,0.11,2017,Marvel
30449-1,0,41,0.00,2017,Marvel
76082-1,2,111,0.02,2017,Marvel
30447-1,0,22,0.00,2016,Marvel
76073-1,5,55,0.09,2017,Marvel
76077-1,8,151,0.05,2017,Marvel
76083-1,6,148,0.04,2017,Marvel
4530-1,1,19,0.05,2012,Constraction
4529-1,2,27,0.07,2012,Constraction
4527-1,3,37,0.08,2012,Constraction
4528-1,3,23,0.13,2012,Constraction
4597-1,3,21,0.14,2012,Constraction
4526-1,2,20,0.10,2012,Constraction
comcon021-1,3,5,0.60,2012,X-Men
76022-1,13,158,0.08,2014,X-Men
6866-1,9,90,0.10,2012,X-Men
76008-1,4,64,0.06,2013,Iron Man
30167-1,0,21,0.00,2013,Iron Man
76007-1,7,186,0.04,2013,Iron Man
30168-1,3,14,0.21,2013,Iron Man
76006-1,5,102,0.05,2013,Iron Man
comcon017-1,0,5,0.00,2011,Superman
76003-1,4,161,0.02,2013,Superman
5001623-1,2,5,0.40,2013,Superman
6862-2,3,86,0.03,2012,Superman
76009-1,3,100,0.03,2013,Superman
SDCC2015-3,0,64,0.00,2015,Superman
comcon029-1,0,3,0.00,2013,Superman
76002-1,0,62,0.00,2013,Superman
76068-1,5,56,0.09,2017,Superman
76015-1,2,120,0.02,2014,Spider-Man
4854-1,4,106,0.04,2004,Spider-Man
10075-1,1,14,0.07,2002,Spider-Man
76016-1,7,140,0.05,2014,Spider-Man
76014-1,3,41,0.07,2014,Spider-Man
4857-1,7,127,0.06,2004,Spider-Man
76004-1,3,109,0.03,2013,Spider-Man
76071-1,4,47,0.09,2017,Spider-Man
30305-1,0,25,0.00,2015,Spider-Man
76058-1,4,125,0.03,2016,Spider-Man
30302-1,0,29,0.00,2014,Spider-Man
30448-1,0,26,0.00,2016,Spider-Man
comcon028-1,0,1,0.00,2013,Spider-Man
6873-1,5,119,0.04,2012,Spider-Man
1374-1,5,41,0.12,2002,Spider-Man
76059-1,6,156,0.04,2016,Spider-Man
1376-1,4,108,0.04,2002,Spider-Man
4853-1,3,68,0.04,2004,Spider-Man
76005-1,12,184,0.07,2013,Spider-Man
4852-1,2,125,0.02,2003,Spider-Man
4855-1,5,113,0.04,2004,Spider-Man
5002125-1,3,4,0.75,2015,Spider-Man
4856-1,3,150,0.02,2004,Spider-Man
comcon023-1,1,3,0.33,2012,Spider-Man
4850-1,3,102,0.03,2003,Spider-Man
76057-1,12,291,0.04,2016,Spider-Man
4851-1,6,126,0.05,2003,Spider-Man
6869-1,4,240,0.02,2012,Avengers
76049-1,10,183,0.05,2016,Avengers
6865-1,7,47,0.15,2012,Avengers
6868-1,1,172,0.01,2012,Avengers
30304-1,0,34,0.00,2015,Avengers
SDCC2015-1,0,66,0.00,2015,Avengers
76018-1,9,166,0.05,2014,Avengers
5002943-1,0,1,0.00,2015,Avengers
76029-1,4,41,0.10,2015,Avengers
6867-1,0,88,0.00,2012,Avengers
5000022-1,0,4,0.00,2012,Avengers
76042-1,11,519,0.02,2015,Avengers
76017-1,3,83,0.04,2014,Avengers
6001095-1,0,4,0.00,2012,Avengers
76031-1,5,101,0.05,2015,Avengers
30165-1,0,21,0.00,2012,Avengers
30163-1,0,24,0.00,2012,Avengers
76041-1,4,186,0.02,2015,Avengers
5003084-1,0,10,0.00,2015,Avengers
comcon046-1,2,5,0.40,2015,Avengers
76032-1,1,272,0.00,2015,Avengers
30162-1,0,19,0.00,2012,Avengers
76030-1,0,114,0.00,2015,Avengers
76038-1,6,193,0.03,2015,Avengers
76048-1,7,139,0.05,2016,Avengers
76026-1,8,171,0.05,2015,Justice League
76025-1,11,103,0.11,2015,Justice League
comcon020-1,1,1,1.00,2012,Justice League
comcon022-1,1,1,1.00,2012,Justice League
76028-1,8,206,0.04,2015,Justice League
comcon016-1,0,4,0.00,2011,Justice League
76040-1,4,88,0.05,2015,Justice League
5002126-1,3,4,0.75,2014,Justice League
comcon030-1,0,1,0.00,2013,Justice League
comcon013-1,0,4,0.00,2011,Justice League
76027-1,4,175,0.02,2015,Justice League
76023-1,5,308,0.02,2014,Ultimate Collector Series
7784-1,0,173,0.00,2006,Ultimate Collector Series
71017-20,3,6,0.50,2017,Batman
30301-1,0,31,0.00,2014,Batman
71017-1,4,7,0.57,2017,Batman
76013-1,6,190,0.03,2014,Batman
5004590-1,0,109,0.00,2015,Batman
30160-1,0,27,0.00,2012,Batman
comcon014-1,0,1,0.00,2011,Batman
71017-11,2,7,0.29,2017,Batman
7779-1,4,69,0.06,2006,Batman
71017-7,3,7,0.43,2017,Batman
10937-1,6,447,0.01,2012,Batman
71017-14,4,5,0.80,2017,Batman
7785-1,4,260,0.02,2006,Batman
TRUBATSIGNAL-1,0,11,0.00,2014,Batman
76054-1,13,243,0.05,2016,Batman
7886-1,3,131,0.02,2008,Batman
comcon003-1,0,9,0.00,2008,Batman
7884-1,0,57,0.00,2008,Batman
76010-1,2,77,0.03,2014,Batman
70901-1,5,108,0.05,2017,Batman
76055-1,7,226,0.03,2016,Batman
71017-10,4,8,0.50,2017,Batman
70903-1,15,135,0.11,2017,Batman
76056-1,5,126,0.04,2016,Batman
71017-5,4,7,0.57,2017,Batman
71017-13,4,7,0.57,2017,Batman
30300-1,0,30,0.00,2014,Batman
7885-1,1,109,0.01,2008,Batman
71017-4,3,7,0.43,2017,Batman
70911-1,2,157,0.01,2017,Batman
7888-1,0,189,0.00,2008,Batman
6860-1,2,268,0.01,2012,Batman
76011-1,5,111,0.05,2014,Batman
30522-1,0,31,0.00,2016,Batman
71017-19,3,7,0.43,2017,Batman
76012-1,6,148,0.04,2014,Batman
30166-1,0,22,0.00,2013,Batman
comcon037-1,0,68,0.00,2014,Batman
71017-17,4,6,0.67,2017,Batman
30161-1,0,23,0.00,2012,Batman
6864-1,8,242,0.03,2012,Batman
7786-1,2,153,0.01,2007,Batman
71017-12,4,6,0.67,2017,Batman
TRUJOKERMECH-1,0,21,0.00,2013,Batman
30521-1,0,34,0.00,2017,Batman
71017-3,3,8,0.38,2017,Batman
30446-1,0,37,0.00,2016,Batman
7782-1,2,185,0.01,2006,Batman
71017-8,4,6,0.67,2017,Batman
7781-1,5,174,0.03,2006,Batman
6858-1,2,66,0.03,2012,Batman
71017-16,4,8,0.50,2017,Batman
7780-1,6,100,0.06,2006,Batman
71017-2,4,8,0.50,2017,Batman
6857-1,4,175,0.02,2012,Batman
76052-1,3,458,0.01,2016,Batman
70902-1,6,108,0.06,2017,Batman
76035-1,10,424,0.02,2015,Batman
6863-1,3,146,0.02,2012,Batman
70900-1,0,90,0.00,2017,Batman
76000-1,4,107,0.04,2013,Batman
76053-1,7,128,0.05,2016,Batman
30303-1,0,25,0.00,2015,Batman
30524-1,0,36,0.00,2017,Batman
71017-15,2,6,0.33,2017,Batman
DC1-1,0,13,0.00,2006,Batman
7787-1,3,166,0.02,2007,Batman
71017-9,4,7,0.57,2017,Batman
comcon018-1,0,1,0.00,2011,Batman
76034-1,3,134,0.02,2015,Batman
76001-1,6,149,0.04,2013,Batman
30164-1,3,14,0.21,2012,Batman
71017-18,5,8,0.63,2017,Batman
30603-1,2,19,0.11,2016,Batman
30523-1,0,36,0.00,2017,Batman
76069-1,8,66,0.12,2017,Batman
70907-1,12,231,0.05,2017,Batman
70904-1,5,81,0.06,2017,Batman
70906-1,7,170,0.04,2017,Batman
70912-1,17,391,0.04,2017,Batman
70909-1,13,360,0.04,2017,Batman
30607-1,4,14,0.29,2017,Batman
70913-1,3,90,0.03,2017,Batman
70915-1,6,263,0.02,2017,Batman
71017-6,4,8,0.50,2017,Batman
7783-1,3,304,0.01,2006,Batman
70905-1,8,174,0.05,2017,Batman
70908-1,8,240,0.03,2017,Batman
70910-1,6,141,0.04,2017,Batman
70914-1,6,151,0.04,2017,Batman
70916-1,6,309,0.02,2017,Batman
comcon035-1,3,7,0.43,2014,Guardians of the Galaxy
76021-1,11,278,0.04,2014,Guardians of the Galaxy
76020-1,6,186,0.03,2014,Guardians of the Galaxy
5002145-1,0,12,0.00,2014,Guardians of the Galaxy
76019-1,5,97,0.05,2014,Guardians of the Galaxy
comcon034-1,0,65,0.00,2014,Guardians of the Galaxy
76079-1,8,106,0.08,2017,Guardians of the Galaxy
76080-1,1,140,0.01,2017,Guardians of the Galaxy
76081-1,13,176,0.07,2017,Guardians of the Galaxy
41230-1,10,118,0.08,2017,Super Heroes
41232-1,19,331,0.06,2017,Super Heroes
76065-1,5,60,0.08,2016,Super Heroes
41231-1,10,133,0.08,2016,Super Heroes
41234-1,9,84,0.11,2017,Super Heroes
76044-1,7,69,0.10,2016,Super Heroes
41235-1,8,110,0.07,2017,Super Heroes
76046-1,5,207,0.02,2016,Super Heroes
76066-1,5,48,0.10,2016,Super Heroes
76061-1,5,55,0.09,2016,Super Heroes
76062-1,5,56,0.09,2016,Super Heroes
76045-1,1,133,0.01,2016,Super Heroes
76064-1,3,58,0.05,2016,Super Heroes
76063-1,6,65,0.09,2016,Super Heroes
30546-1,2,36,0.06,2017,Super Heroes
76070-1,4,48,0.08,2017,Super Heroes
76072-1,5,55,0.09,2017,Super Heroes
41233-1,7,91,0.08,2017,Super Heroes
30604-1,2,6,0.33,2016,Super Heroes
30606-1,2,5,0.40,2016,Super Heroes
76051-1,7,351,0.02,2016,Super Heroes
10724-1,3,111,0.03,2016,Super Heroes
76075-1,5,135,0.04,2017,Super Heroes
5885-1,8,92,0.09,2012,Dino
5882-1,1,53,0.02,2012,Dino
5884-1,9,128,0.07,2012,Dino
5887-1,19,211,0.09,2012,Dino
5883-1,4,80,0.05,2012,Dino
5888-1,5,103,0.05,2012,Dino
5886-1,12,181,0.07,2012,Dino
3501-1,0,8,0.00,1998,Znap
3520-1,0,16,0.00,1999,Znap
3582-1,0,41,0.00,1999,Znap
3504-1,0,10,0.00,1998,Znap
3503-1,0,10,0.00,1998,Znap
3555-1,0,39,0.00,1999,Znap
3521-1,0,12,0.00,1999,Znap
3581-1,1,22,0.05,1998,Znap
3571-1,0,27,0.00,1998,Znap
3591-1,0,43,0.00,1998,Znap
3502-1,0,10,0.00,1998,Znap
3552-1,0,33,0.00,1998,Znap
3510-1,0,8,0.00,1998,Znap
3506-1,0,11,0.00,1999,Znap
3551-1,0,22,0.00,1998,Znap
3554-1,0,21,0.00,1999,Znap
3505-1,0,9,0.00,1999,Znap
3532-1,0,10,0.00,1998,Znap
3531-1,0,13,0.00,1998,Znap
4417-1,0,40,0.00,2006,Creator
4416-1,0,35,0.00,2006,Creator
4415-1,0,30,0.00,2006,Creator
4418-1,0,32,0.00,2006,Creator
4348-3,0,27,0.00,2004,X-Pod
4347-2,0,23,0.00,2004,X-Pod
4347-3,0,26,0.00,2004,X-Pod
4347-1,0,26,0.00,2004,X-Pod
4346-2,0,25,0.00,2004,X-Pod
4348-1,0,27,0.00,2004,X-Pod
65535-1,2,2,1.00,2004,X-Pod
4348-2,0,24,0.00,2004,X-Pod
4413-1,0,36,0.00,2005,X-Pod
4337-1,0,30,0.00,2005,X-Pod
4349-2,0,23,0.00,2004,X-Pod
4346-3,0,28,0.00,2004,X-Pod
4335-1,0,26,0.00,2004,X-Pod
4349-1,0,30,0.00,2004,X-Pod
4339-1,0,34,0.00,2005,X-Pod
4349-3,0,30,0.00,2004,X-Pod
4338-1,0,31,0.00,2005,X-Pod
4346-1,0,28,0.00,2004,X-Pod
6718-1,0,55,0.00,1997,Indians
6763-1,0,137,0.00,2002,Indians
6709-1,0,14,0.00,1997,Indians
6746-1,0,75,0.00,1997,Indians
6748-1,0,111,0.00,1997,Indians
6766-1,0,137,0.00,1997,Indians
2845-1,0,19,0.00,1997,Indians
5923-1,0,50,0.00,2002,Indians
2846-1,0,17,0.00,1997,Indians
6706-1,0,26,0.00,1997,Cowboys
6712-1,0,23,0.00,1996,Cowboys
6790-1,0,18,0.00,1997,Cowboys
6769-1,1,171,0.01,1996,Cowboys
6799-1,0,53,0.00,1997,Cowboys
6761-1,2,132,0.02,1996,Cowboys
6716-1,1,38,0.03,1996,Cowboys
6764-1,1,103,0.01,2002,Cowboys
6755-1,0,102,0.00,1996,Cowboys
6791-1,0,18,0.00,1997,Cowboys
6765-1,4,168,0.02,1996,Cowboys
6762-1,1,171,0.01,2002,Cowboys
7016-1,1,58,0.02,2005,Vikings
7015-1,0,42,0.00,2005,Vikings
7017-1,2,103,0.02,2005,Vikings
7019-1,2,238,0.01,2005,Vikings
7018-1,3,206,0.01,2005,Vikings
7020-1,0,95,0.00,2006,Vikings
7021-1,3,138,0.02,2006,Vikings
837-1,0,6,0.00,1980,Supplemental
792-1,0,1,0.00,1972,Supplemental
747-1,0,2,0.00,1978,Supplemental
1857-1,0,40,0.00,1996,Supplemental
821-1,0,1,0.00,1990,Supplemental
970-1,1,11,0.09,1978,Supplemental
1715-1,0,49,0.00,1995,Supplemental
820-1,0,15,0.00,1980,Supplemental
932-1,0,12,0.00,1973,Supplemental
831-1,0,11,0.00,1980,Supplemental
846-1,0,26,0.00,1992,Supplemental
786-1,0,1,0.00,1980,Supplemental
934-1,0,8,0.00,1973,Supplemental
3033-2,0,54,0.00,2002,Supplemental
624-1,0,8,0.00,1996,Supplemental
785-1,0,1,0.00,1973,Supplemental
1743-1,0,49,0.00,1995,Supplemental
800-2,0,11,0.00,1986,Supplemental
781-1,0,1,0.00,1982,Supplemental
805-1,0,11,0.00,1986,Supplemental
933-1,0,12,0.00,1973,Supplemental
812-2,0,4,0.00,1986,Supplemental
938-1,0,6,0.00,1973,Supplemental
940-1,0,11,0.00,1973,Supplemental
839-1,0,4,0.00,1980,Supplemental
638-1,0,21,0.00,1996,Supplemental
941-1,0,8,0.00,1974,Supplemental
816-1,1,10,0.10,1987,Supplemental
813-1,0,1,0.00,1986,Supplemental
808-1,0,6,0.00,1986,Supplemental
798-1,0,1,0.00,1972,Supplemental
107-1,0,13,0.00,1976,Supplemental
3033-1,0,54,0.00,1998,Supplemental
838-1,0,12,0.00,1980,Supplemental
890-1,0,5,0.00,1981,Supplemental
1745-1,0,21,0.00,1995,Supplemental
1798-1,0,2,0.00,1995,Supplemental
895-1,0,5,0.00,1986,Supplemental
802-2,0,11,0.00,1986,Supplemental
634-1,0,12,0.00,1996,Supplemental
806-1,0,17,0.00,1986,Supplemental
1129-1,0,1,0.00,1980,Supplemental
930-1,0,6,0.00,1973,Supplemental
103-1,0,10,0.00,1969,Supplemental
795-1,0,2,0.00,1971,Supplemental
632-1,0,7,0.00,1996,Supplemental
819-1,0,1,0.00,1991,Supplemental
745-1,0,1,0.00,1978,Supplemental
801-2,0,11,0.00,1986,Supplemental
797-1,0,2,0.00,1971,Supplemental
787-1,0,1,0.00,1977,Supplemental
811-1,0,12,0.00,1986,Supplemental
636-1,0,9,0.00,1996,Supplemental
631-1,0,6,0.00,1996,Supplemental
637-1,0,2,0.00,1996,Supplemental
782-1,0,1,0.00,1984,Supplemental
359-1,0,1,0.00,1972,Supplemental
901-1,0,12,0.00,1976,Supplemental
639-1,0,49,0.00,1997,Supplemental
836-1,0,12,0.00,1980,Supplemental
990-1,0,9,0.00,1971,Supplemental
629-1,0,3,0.00,1996,Supplemental
803-1,0,11,0.00,1986,Supplemental
791-1,0,1,0.00,1972,Supplemental
990-2,0,8,0.00,1969,Supplemental
628-1,0,1,0.00,1996,Supplemental
841-1,0,2,0.00,1980,Supplemental
936-1,0,5,0.00,1973,Supplemental
832-1,0,11,0.00,1980,Supplemental
900-1,0,9,0.00,1973,Supplemental
845-1,0,8,0.00,1992,Supplemental
937-1,0,11,0.00,1973,Supplemental
793-1,0,1,0.00,1972,Supplemental
809-1,0,12,0.00,1986,Supplemental
814-1,0,3,0.00,1986,Supplemental
830-1,0,11,0.00,1980,Supplemental
931-1,0,6,0.00,1973,Supplemental
833-1,0,11,0.00,1980,Supplemental
843-1,0,1,0.00,1980,Supplemental
842-1,0,2,0.00,1980,Supplemental
818-1,0,4,0.00,1990,Supplemental
807-1,0,17,0.00,1986,Supplemental
939-1,0,11,0.00,1972,Supplemental
804-1,0,11,0.00,1986,Supplemental
783-1,1,1,1.00,1985,Supplemental
834-1,0,11,0.00,1980,Supplemental
822-1,0,15,0.00,1980,Supplemental
633-1,0,5,0.00,1996,Supplemental
746-1,0,2,0.00,1978,Supplemental
840-1,0,1,0.00,1980,Supplemental
935-1,0,4,0.00,1973,Supplemental
794-1,0,1,0.00,1972,Supplemental
810-1,0,11,0.00,1985,Supplemental
789-1,0,1,0.00,1987,Supplemental
626-1,0,1,0.00,1996,Supplemental
635-1,0,12,0.00,1996,Supplemental
627-1,0,1,0.00,1996,Supplemental
796-1,0,2,0.00,1971,Supplemental
815-1,0,1,0.00,1986,Supplemental
813-2,1,37,0.03,1974,Gears
811-2,0,35,0.00,1974,Gears
800-1,0,36,0.00,1970,Gears
803-2,0,30,0.00,1972,Gears
814-2,1,45,0.02,1975,Gears
810-3,0,36,0.00,1974,Gears
802-1,0,10,0.00,1970,Gears
801-1,0,32,0.00,1970,Gears
812-1,0,14,0.00,1974,Gears
1554-1,2,47,0.04,1986,Ferries
1923-1,0,53,0.00,1989,Ferries
1656-2,1,41,0.02,1982,Ferries
1660-1,0,49,0.00,1996,Ferries
1054-1,0,78,0.00,1999,Ferries
1575-1,0,45,0.00,1977,Ferries
1548-1,0,65,0.00,1992,Ferries
1658-1,1,44,0.02,1982,Ferries
1580-2,0,42,0.00,1977,Ferries
1655-1,0,52,0.00,1985,Ferries
1998-1,1,86,0.01,1991,Ferries
1955-1,0,76,0.00,1993,Ferries
2998-1,0,81,0.00,1998,Ferries
1581-1,4,41,0.10,1981,Ferries
1924-2,0,75,0.00,1992,Ferries
4284-1,0,51,0.00,1999,Classic Basic
4220-1,0,28,0.00,1998,Classic Basic
4213-1,1,81,0.01,1998,Classic Basic
4283-1,0,20,0.00,2000,Classic Basic
1841-1,1,11,0.09,1999,Classic Basic
2025-1,1,8,0.13,1999,Classic Basic
2045-1,1,7,0.14,1999,Classic Basic
2744-1,1,8,0.13,1999,Classic Basic
2069-1,1,8,0.13,1999,Classic Basic
4288-1,0,108,0.00,1999,Classic Basic
4291-1,1,117,0.01,1999,Classic Basic
2229-1,0,49,0.00,1998,Classic Basic
4282-1,0,19,0.00,1999,Classic Basic
4225-1,0,103,0.00,1998,Classic Basic
4224-1,0,111,0.00,1998,Classic Basic
3041-1,0,115,0.00,1998,Classic Basic
2453-1,0,40,0.00,1998,Classic Basic
2743-1,1,13,0.08,1999,Classic Basic
2729-1,1,9,0.11,1999,Classic Basic
4222-1,0,128,0.00,1998,Classic Basic
1194-1,0,126,0.00,1999,Classic Basic
4223-1,0,152,0.00,1999,Classic Basic
4281-1,0,14,0.00,1999,Classic Basic
3040-1,0,60,0.00,1998,Classic Basic
4216-1,1,85,0.01,1998,Classic Basic
4293-1,1,160,0.01,1999,Classic Basic
2728-1,1,7,0.14,1999,Classic Basic
4211-1,0,20,0.00,1998,Classic Basic
2759-1,1,8,0.13,1999,Classic Basic
4214-1,1,60,0.02,1998,Classic Basic
1995-1,1,7,0.14,1999,Classic Basic
4219-1,0,25,0.00,1998,Classic Basic
4217-1,1,61,0.02,1998,Classic Basic
2047-1,1,9,0.11,1999,Classic Basic
4122-1,0,54,0.00,2000,Classic Basic
4212-1,0,33,0.00,1998,Classic Basic
4229-1,0,56,0.00,1998,Classic Basic
4285-1,0,71,0.00,1999,Classic Basic
4215-1,0,66,0.00,1998,Classic Basic
2757-1,2,6,0.33,1999,Classic Basic
2742-1,1,6,0.17,1999,Classic Basic
4221-1,0,33,0.00,1998,Classic Basic
2075-1,1,11,0.09,1999,Classic Basic
2719-1,1,6,0.17,1999,Classic Basic
1106-2,0,127,0.00,1999,Classic Basic
2032-1,1,13,0.08,1999,Classic Basic
733-1,0,144,0.00,1980,Basic Set
3-4,0,36,0.00,1973,Basic Set
1845-1,0,130,0.00,1993,Basic Set
9-1,1,29,0.03,1978,Basic Set
50-1,0,88,0.00,1976,Basic Set
322-1,0,24,0.00,1981,Basic Set
1-11,0,21,0.00,1981,Basic Set
114-1,0,88,0.00,1977,Basic Set
3758-1,0,54,0.00,1998,Basic Set
1678-1,0,26,0.00,1991,Basic Set
125-2,0,51,0.00,1974,Basic Set
912-1,0,126,0.00,1976,Basic Set
1965-1,0,18,0.00,1985,Basic Set
3025-1,0,55,0.00,1998,Basic Set
1910-1,0,22,0.00,1982,Basic Set
1905-1,0,21,0.00,1982,Basic Set
140-2,0,36,0.00,1969,Basic Set
1922-2,0,24,0.00,1983,Basic Set
111-1,0,52,0.00,1977,Basic Set
1867-1,0,49,0.00,1997,Basic Set
333-1,0,32,0.00,1981,Basic Set
366-1,0,37,0.00,1981,Basic Set
10-2,0,36,0.00,1976,Basic Set
135-1,0,51,0.00,1973,Basic Set
4-3,0,51,0.00,1973,Basic Set
1708-1,0,131,0.00,1994,Basic Set
311-3,0,15,0.00,1984,Basic Set
400-1,0,97,0.00,1977,Basic Set
355-2,0,38,0.00,1981,Basic Set
2199-1,0,36,0.00,1997,Basic Set
911-1,0,122,0.00,1976,Basic Set
722-1,0,99,0.00,1980,Basic Set
2494-1,0,49,0.00,1998,Basic Set
1776-1,0,40,0.00,1996,Basic Set
544-1,0,49,0.00,1981,Basic Set
599-1,0,196,0.00,1982,Basic Set
1932-1,0,24,0.00,1984,Basic Set
40-1,0,81,0.00,1976,Basic Set
1944-1,1,46,0.02,1983,Basic Set
555-2,0,69,0.00,1981,Basic Set
744-1,0,120,0.00,1980,Basic Set
112-1,0,59,0.00,1977,Basic Set
1670-1,0,15,0.00,1992,Basic Set
120438-1,0,60,0.00,1985,Basic Set
533-1,0,33,0.00,1984,Basic Set
7-3,0,44,0.00,1973,Basic Set
8-2,0,26,0.00,1979,Basic Set
3759-1,0,54,0.00,1998,Basic Set
113-1,0,81,0.00,1977,Basic Set
1920-1,0,27,0.00,1982,Basic Set
105-2,0,35,0.00,1973,Basic Set
710-3,0,101,0.00,1983,Basic Set
404-1,0,126,0.00,1977,Basic Set
1668-1,0,14,0.00,1992,Basic Set
7-2,0,24,0.00,1979,Basic Set
1619-1,0,41,0.00,1986,Basic Set
1874-1,1,39,0.03,1993,Basic Set
3026-1,0,55,0.00,1998,Basic Set
8-3,1,59,0.02,1973,Basic Set
1911-1,0,15,0.00,1983,Basic Set
1994-1,0,43,0.00,1992,Basic Set
402-1,0,122,0.00,1977,Basic Set
145-1,0,44,0.00,1974,Basic Set
20-1,0,52,0.00,1976,Basic Set
910-1,0,98,0.00,1976,Basic Set
6-3,0,51,0.00,1973,Basic Set
5-3,0,52,0.00,1973,Basic Set
30-1,0,59,0.00,1976,Basic Set
110-1,0,36,0.00,1977,Basic Set
088-1,1,85,0.01,1969,Basic Set
577-1,0,115,0.00,1981,Basic Set
1954-2,0,45,0.00,1984,Basic Set
566-1,0,97,0.00,1981,Basic Set
115-1,0,36,0.00,1973,Basic Set
1698-1,0,16,0.00,1991,Basic Set
2-7,0,31,0.00,1973,Basic Set
1-7,0,20,0.00,1973,Basic Set
1901-2,0,21,0.00,1984,Basic Set
3032-1,0,54,0.00,1999,Basic Set
322-3,1,1,1.00,1983,Basic Set
1819-1,0,40,0.00,1995,Basic Set
1756-1,0,6,0.00,1995,Basic Model
1644-1,0,11,0.00,1989,Basic Model
1869-1,0,25,0.00,1996,Basic Model
1824-1,0,15,0.00,1997,Basic Model
3079-1,0,11,0.00,1998,Basic Model
1645-1,0,14,0.00,1989,Basic Model
2133-1,0,9,0.00,1998,Basic Model
1953-1,0,11,0.00,1989,Basic Model
1727-1,0,6,0.00,1994,Basic Model
2139-1,0,6,0.00,1998,Basic Model
2136-1,0,10,0.00,1997,Basic Model
2840-1,0,8,0.00,1998,Basic Model
2841-1,0,9,0.00,1998,Basic Model
3081-1,0,11,0.00,1998,Basic Model
3330-1,0,9,0.00,1998,Basic Model
2710-1,0,7,0.00,2000,Basic Model
3331-1,0,11,0.00,1998,Basic Model
1646-1,0,11,0.00,1989,Basic Model
1825-1,0,10,0.00,1997,Basic Model
1724-1,0,7,0.00,1994,Basic Model
2709-1,0,7,0.00,1996,Basic Model
1779-1,0,9,0.00,1997,Basic Model
1758-1,0,5,0.00,1995,Basic Model
1647-1,0,8,0.00,1989,Basic Model
1649-1,0,13,0.00,1989,Basic Model
1642-2,0,11,0.00,1994,Basic Model
1725-1,0,6,0.00,1994,Basic Model
1915-1,0,10,0.00,1983,Basic Model
1777-1,0,9,0.00,1997,Basic Model
3080-1,0,13,0.00,1998,Basic Model
2138-1,0,7,0.00,1997,Basic Model
1768-1,0,8,0.00,1995,Basic Model
2132-1,0,8,0.00,1998,Basic Model
1646-2,0,11,0.00,1994,Basic Model
3332-1,1,15,0.07,1998,Basic Model
1859-1,0,9,0.00,1997,Basic Model
1827-1,0,15,0.00,1997,Basic Model
2130-1,0,7,0.00,1998,Basic Model
2164-1,0,6,0.00,1997,Basic Model
1929-1,1,9,0.11,1988,Basic Model
2707-1,0,8,0.00,2000,Basic Model
1767-1,0,6,0.00,1995,Basic Model
2722-1,0,6,0.00,2000,Basic Model
2163-1,0,7,0.00,1997,Basic Model
1643-1,0,12,0.00,1989,Basic Model
2135-1,0,8,0.00,1997,Basic Model
1726-1,0,5,0.00,1994,Basic Model
1642-1,0,11,0.00,1989,Basic Model
2134-1,0,8,0.00,1998,Basic Model
2127-1,0,9,0.00,1997,Basic Model
1826-1,0,15,0.00,1997,Basic Model
2165-1,0,7,0.00,1998,Basic Model
2137-1,0,7,0.00,1997,Basic Model
3333-1,0,13,0.00,1998,Basic Model
3078-1,0,9,0.00,1998,Basic Model
1649-2,0,13,0.00,1994,Basic Model
2122-1,0,8,0.00,1997,Basic Model
2166-1,0,8,0.00,1998,Basic Model
1912-1,0,9,0.00,1983,Basic Model
2131-1,0,7,0.00,1998,Basic Model
1823-1,0,11,0.00,1997,Basic Model
2842-1,0,7,0.00,1997,Basic Model
2121-1,0,6,0.00,1997,Basic Model
2167-1,0,7,0.00,1997,Basic Model
2708-1,0,10,0.00,2000,Basic Model
1828-1,0,5,0.00,1995,Basic Model
2123-1,1,9,0.11,1997,Basic Model
1644-2,0,11,0.00,1994,Basic Model
1914-1,0,11,0.00,1983,Basic Model
1648-1,0,11,0.00,1989,Basic Model
1778-1,0,10,0.00,1997,Basic Model
1913-1,0,11,0.00,1983,Basic Model
2156-1,0,10,0.00,2000,Basic
508-1,0,26,0.00,1985,Basic
525-1,0,62,0.00,1990,Basic
2158-1,0,9,0.00,2000,Basic
308-2,0,15,0.00,1985,Basic
1512-2,0,32,0.00,1985,Basic
510-1,0,33,0.00,1985,Basic
1638-1,0,81,0.00,1990,Basic
1662-1,0,107,0.00,1989,Basic
1878-1,0,75,0.00,1991,Basic
1520-1,0,64,0.00,1985,Basic
325-1,0,35,0.00,1990,Basic
390-1,3,16,0.19,1986,Basic
1703-1,4,43,0.09,1994,Basic
1495-1,0,15,0.00,1988,Basic
1699-1,1,41,0.02,1993,Basic
2155-1,0,13,0.00,2000,Basic
1636-1,0,35,0.00,1990,Basic
1523-1,0,15,0.00,1986,Basic
1602-1,0,7,0.00,1987,Basic
550-1,0,138,0.00,1985,Basic
715-1,0,142,0.00,1990,Basic
304-1,0,13,0.00,1985,Basic
303-1,0,14,0.00,1987,Basic
1666-1,1,38,0.03,1991,Basic
1637-1,0,45,0.00,1990,Basic
504-1,0,19,0.00,1985,Basic
345-2,0,37,0.00,1993,Basic
1575-2,2,67,0.03,1987,Basic
507-1,0,28,0.00,1987,Basic
1701-1,1,17,0.06,1994,Basic
337-1,0,42,0.00,1987,Basic
1521-1,0,15,0.00,1989,Basic
365-2,1,43,0.02,1990,Basic
1661-2,0,84,0.00,1989,Basic
356-2,1,50,0.02,1987,Basic
1652-1,0,26,0.00,1994,Basic
1884-1,0,36,0.00,1992,Basic
535-1,0,93,0.00,1990,Basic
557-1,0,134,0.00,1987,Basic
391-2,3,13,0.23,1986,Basic
1577-1,0,38,0.00,1988,Basic
530-1,0,79,0.00,1985,Basic
565-2,0,148,0.00,1990,Basic
1609-1,0,17,0.00,1987,Basic
1604-1,0,8,0.00,1987,Basic
503-1,0,19,0.00,1987,Basic
1605-1,0,7,0.00,1987,Basic
520-16,0,59,0.00,1985,Basic
1651-1,0,16,0.00,1993,Basic
327-1,0,31,0.00,1987,Basic
515-1,0,44,0.00,1990,Basic
335-1,0,20,0.00,1990,Basic
347-2,0,49,0.00,1987,Basic
1598-1,0,18,0.00,1987,Basic
1688-1,1,41,0.02,1993,Basic
1513-2,0,27,0.00,1989,Basic
392-2,3,15,0.20,1986,Basic
1617-1,0,35,0.00,1988,Basic
1663-1,0,44,0.00,1989,Basic
310-4,0,23,0.00,1985,Basic
393-2,2,14,0.14,1986,Basic
1679-1,0,23,0.00,1990,Basic
320-1,0,31,0.00,1985,Basic
725-1,0,142,0.00,1990,Basic
1524-1,0,18,0.00,1986,Basic
1879-1,0,110,0.00,1992,Basic
1960-2,1,33,0.03,1985,Basic
317-2,0,23,0.00,1987,Basic
330-1,0,41,0.00,1985,Basic
315-1,0,27,0.00,1990,Basic
1882-1,0,39,0.00,1991,Basic
1962-1,0,64,0.00,1985,Basic
350-2,0,52,0.00,1985,Basic
740-1,0,142,0.00,1985,Basic
527-1,0,55,0.00,1987,Basic
1716-1,0,46,0.00,1994,Basic
1881-1,0,35,0.00,1991,Basic
720-1,0,128,0.00,1985,Basic
517-1,0,35,0.00,1987,Basic
547-1,0,101,0.00,1987,Basic
1588-1,0,15,0.00,1987,Basic
1963-1,0,66,0.00,1986,Basic
1562-2,0,21,0.00,1985,Basic
537-1,0,78,0.00,1987,Basic
540-1,0,100,0.00,1985,Basic
1639-1,0,106,0.00,1990,Basic
1606-1,0,11,0.00,1987,Basic
735-1,0,143,0.00,1990,Basic
1964-1,0,15,0.00,1985,Basic
1514-1,0,22,0.00,1988,Basic
1705-1,2,49,0.04,1994,Basic
2157-1,0,12,0.00,2000,Basic
730-2,0,132,0.00,1985,Basic
1474-1,0,27,0.00,1991,Basic
1522-1,0,22,0.00,1989,Basic
385-2,0,56,0.00,1990,Basic
1603-1,0,6,0.00,1993,Basic
1613-1,0,44,0.00,1987,Basic
1560-3,0,12,0.00,1985,Basic
545-1,0,118,0.00,1990,Basic
340-1,0,48,0.00,1985,Basic
1676-1,0,17,0.00,1990,Basic
1880-1,0,127,0.00,1992,Basic
1885-1,0,50,0.00,1992,Basic
611-2,6,39,0.15,1988,Airport
1599-1,0,44,0.00,1987,Airport
1809-1,0,19,0.00,1996,Airport
1607-1,0,17,0.00,1987,Airport
610-2,1,20,0.05,1987,Airport
4038-1,0,20,0.00,2003,Airport
4294-1,0,12,0.00,2002,Airport
1865-1,0,16,0.00,1994,Airport
3197-1,0,9,0.00,2001,Airport
1608-1,0,18,0.00,1987,Airport
1546-1,0,20,0.00,1985,Airport
1769-1,0,16,0.00,1992,Airport
1469-1,0,18,0.00,1986,Airport
6499-1,1,54,0.02,1997,Time Cruisers
6496-1,0,97,0.00,1997,Time Cruisers
6491-1,0,38,0.00,1996,Time Cruisers
6492-1,0,91,0.00,1996,Time Cruisers
6493-1,4,127,0.03,1996,Time Cruisers
6495-1,0,56,0.00,1997,Time Cruisers
1853-1,1,96,0.01,1996,Time Cruisers
6497-1,0,124,0.00,1997,Time Cruisers
6494-1,0,197,0.00,1996,Time Cruisers
3809-1,0,65,0.00,2002,Spybiotics
3807-1,0,54,0.00,2002,Spybiotics
3808-1,0,59,0.00,2002,Spybiotics
3806-1,0,59,0.00,2002,Spybiotics
4444-1,0,4,0.00,2002,Soccer
3420-1,0,73,0.00,2002,Soccer
4449-1,0,4,0.00,2002,Soccer
4451-1,0,4,0.00,2002,Soccer
4462-1,0,13,0.00,2002,Soccer
3304-1,1,4,0.25,1998,Soccer
4448-1,0,4,0.00,2002,Soccer
7923-1,0,2,0.00,2004,Soccer
4461-1,0,5,0.00,2002,Soccer
4466-1,0,2,0.00,2002,Soccer
3314-1,1,60,0.02,1998,Soccer
1430-1,0,10,0.00,2002,Soccer
4452-1,0,4,0.00,2002,Soccer
3426-1,0,61,0.00,2002,Soccer
3419-1,1,19,0.05,2001,Soccer
3408-1,2,102,0.02,2000,Soccer
3406-1,0,58,0.00,2000,Soccer
4446-1,0,4,0.00,2002,Soccer
3420-3,1,69,0.01,2002,Soccer
3422-1,0,68,0.00,2002,Soccer
3411-1,1,61,0.02,2000,Soccer
4453-1,1,4,0.25,2002,Soccer
3308-1,0,42,0.00,1998,Soccer
4470-1,0,1,0.00,2002,Soccer
3302-1,1,1,1.00,1998,Soccer
3421-1,1,59,0.02,2002,Soccer
3409-1,0,60,0.00,2000,Soccer
3306-1,2,6,0.33,1998,Soccer
3407-1,0,58,0.00,2000,Soccer
4457-1,1,4,0.25,2002,Soccer
3422-2,0,66,0.00,2003,Soccer
3570-1,1,57,0.02,2006,Soccer
4467-1,0,3,0.00,2002,Soccer
3420-2,0,73,0.00,2003,Soccer
4464-1,0,2,0.00,2002,Soccer
4184912-1,0,1,0.00,2002,Soccer
4447-1,0,4,0.00,2002,Soccer
1428-2,0,11,0.00,2002,Soccer
4458-1,0,7,0.00,2002,Soccer
4459-1,0,3,0.00,2002,Soccer
3324-1,0,5,0.00,1998,Soccer
3305-3,0,4,0.00,1998,Soccer
4469-1,0,5,0.00,2002,Soccer
3323-1,0,5,0.00,1998,Soccer
3402-1,0,38,0.00,2000,Soccer
3569-1,3,79,0.04,2006,Soccer
3305-2,0,4,0.00,1998,Soccer
1428-1,0,15,0.00,2002,Soccer
4471-1,1,4,0.25,2002,Soccer
1429-1,0,12,0.00,2002,Soccer
4455-1,0,6,0.00,2002,Soccer
4445-1,0,4,0.00,2002,Soccer
3425-2,4,90,0.04,2002,Soccer
880002-1,1,1,1.00,1998,Soccer
3318-1,0,4,0.00,1998,Soccer
3425-1,0,81,0.00,2002,Soccer
3303-1,1,20,0.05,1998,Soccer
3312-1,1,45,0.02,1998,Soccer
3420-4,0,73,0.00,2004,Soccer
3309-1,1,43,0.02,1998,Soccer
3568-1,1,20,0.05,2006,Soccer
3423-1,4,35,0.11,2002,Soccer
3412-1,0,14,0.00,2000,Soccer
3413-1,0,22,0.00,2000,Soccer
1429-2,0,12,0.00,2002,Soccer
5012-1,0,9,0.00,2003,Soccer
4454-1,1,8,0.13,2002,Soccer
3313-1,0,35,0.00,1998,Soccer
3317-1,0,4,0.00,1998,Soccer
4450-1,0,4,0.00,2002,Soccer
4472-1,1,4,0.25,2002,Soccer
7924-1,0,2,0.00,2004,Soccer
3404-1,2,58,0.03,2000,Soccer
3403-1,0,42,0.00,2000,Soccer
3416-1,0,37,0.00,2001,Soccer
4443-1,0,4,0.00,2002,Soccer
4460-1,0,5,0.00,2002,Soccer
3311-1,0,42,0.00,1998,Soccer
3401-2,1,20,0.05,2000,Soccer
880002-2,1,1,1.00,1998,Soccer
4468-1,0,6,0.00,2002,Soccer
3414-1,0,18,0.00,2000,Soccer
3401-1,0,19,0.00,2000,Soccer
3410-1,4,22,0.18,2000,Soccer
3573-1,1,8,0.13,2007,Soccer
880002-3,1,1,1.00,1998,Soccer
3310-1,1,50,0.02,1998,Soccer
4456-1,1,5,0.20,2002,Soccer
3305-1,0,4,0.00,1998,Soccer
3320-1,0,4,0.00,1998,Soccer
4465-1,0,5,0.00,2002,Soccer
3424-1,1,24,0.04,2002,Soccer
3418-1,0,13,0.00,2001,Soccer
3409-3,0,60,0.00,2000,Soccer
1430-2,0,11,0.00,2002,Soccer
4463-1,0,5,0.00,2002,Soccer
3405-1,0,58,0.00,2000,Soccer
7920-1,1,3,0.33,2004,Hockey
10127-1,0,32,0.00,2003,Hockey
7919-1,1,3,0.33,2004,Hockey
5014-1,0,21,0.00,2003,Hockey
3540-1,0,30,0.00,2003,Hockey
3557-1,0,27,0.00,2004,Hockey
3544-1,1,47,0.02,2003,Hockey
65182-1,5,12,0.42,2003,Hockey
5017-1,0,20,0.00,2003,Hockey
3559-1,0,25,0.00,2004,Hockey
3558-1,0,27,0.00,2004,Hockey
3543-1,1,30,0.03,2003,Hockey
3542-1,0,31,0.00,2003,Hockey
3578-1,15,88,0.17,2004,Hockey
3579-1,1,53,0.02,2004,Hockey
3541-1,0,29,0.00,2003,Hockey
3545-1,1,67,0.01,2003,Hockey
7922-1,2,4,0.50,2004,Gravity Games
3537-1,2,45,0.04,2003,Gravity Games
7921-1,3,5,0.60,2004,Gravity Games
5018-1,1,14,0.07,2003,Gravity Games
3536-1,2,48,0.04,2003,Gravity Games
3535-1,1,28,0.04,2003,Gravity Games
3538-1,4,83,0.05,2003,Gravity Games
3389-1,0,6,0.00,2003,Gravity Games
3585-1,4,84,0.05,2003,Gravity Games
5015-1,0,14,0.00,2003,Gravity Games
3565-1,7,13,0.54,2003,Basketball
7918-1,2,4,0.50,2004,Basketball
3431-1,0,58,0.00,2003,Basketball
3429-1,0,60,0.00,2003,Basketball
3530-1,0,4,0.00,2003,Basketball
3564-1,8,13,0.62,2003,Basketball
3432-1,2,95,0.02,2003,Basketball
3584-1,0,32,0.00,2003,Basketball
3549-1,0,15,0.00,2003,Basketball
3566-1,8,13,0.62,2003,Basketball
3433-1,8,105,0.08,2003,Basketball
3562-1,6,15,0.40,2003,Basketball
3428-1,1,32,0.03,2003,Basketball
3563-1,6,13,0.46,2003,Basketball
3550-1,0,18,0.00,2003,Basketball
3560-1,7,13,0.54,2003,Basketball
5013-1,0,20,0.00,2003,Basketball
3500-1,0,4,0.00,2003,Basketball
3430-1,0,41,0.00,2002,Basketball
3548-1,0,18,0.00,2003,Basketball
65221-1,0,1,0.00,2003,Basketball
3548-2,0,18,0.00,2003,Basketball
3390-1,0,5,0.00,2003,Basketball
3561-1,5,13,0.38,2003,Basketball
3440-1,0,42,0.00,2003,Basketball
3549-2,0,15,0.00,2003,Basketball
5016-1,0,16,0.00,2003,Basketball
3529-1,0,4,0.00,2003,Basketball
10121-1,1,8,0.13,2003,Basketball
3550-2,0,18,0.00,2003,Basketball
3427-1,0,35,0.00,2003,Basketball
3567-1,8,12,0.67,2003,Basketball
7917-1,2,4,0.50,2004,Basketball
1198-1,0,39,0.00,2000,Sports
1197-1,2,25,0.08,2000,Sports
1199-1,0,47,0.00,2000,Sports
1196-1,1,7,0.14,2000,Sports
5317-1,0,29,0.00,1999,Western 
5392-1,0,34,0.00,1997,Western 
5082-1,0,1,0.00,1989,Train
1169-1,0,1,0.00,1986,Train
5064-1,0,2,0.00,1987,Train
5079-1,0,1,0.00,1989,Train
5073-1,0,4,0.00,1987,Train
11-3,0,1,0.00,1977,Train
1170-1,0,2,0.00,1986,Train
5068-1,0,3,0.00,1987,Train
5300-1,0,2,0.00,1991,Train
9-3,0,2,0.00,1977,Train
1137-1,0,2,0.00,1981,Train
5070-1,0,1,0.00,1987,Train
27-2,0,1,0.00,1977,Train
1146-1,0,2,0.00,1981,Train
5307-1,0,3,0.00,1992,Train
1109-1,0,2,0.00,1977,Train
1139-1,0,3,0.00,1981,Train
10-3,0,2,0.00,1977,Train
1142-1,0,1,0.00,1981,Train
5301-1,0,1,0.00,1992,Train
5074-1,0,1,0.00,1987,Train
5308-1,0,3,0.00,1994,Train
5304-1,0,1,0.00,1992,Train
13-3,0,2,0.00,1977,Train
14-4,0,1,0.00,1977,Train
1141-1,0,1,0.00,1981,Train
1136-1,0,3,0.00,1981,Train
1102-1,0,1,0.00,1977,Train
1239-2,0,6,0.00,1985,Train
1216-1,0,2,0.00,1982,Train
5067-1,0,1,0.00,1987,Train
5083-1,0,1,0.00,1989,Train
1111-1,0,1,0.00,1977,Train
5061-1,1,3,0.33,1987,Train
5071-1,0,1,0.00,1987,Train
5303-1,0,3,0.00,1992,Train
5062-1,0,3,0.00,1987,Train
8-4,0,2,0.00,1977,Train
1215-1,0,1,0.00,1981,Train
19-2,0,3,0.00,1977,Train
6-4,0,2,0.00,1977,Train
1107-1,0,3,0.00,1977,Train
5309-1,0,1,0.00,1996,Train
5075-1,0,2,0.00,1987,Train
5302-1,0,1,0.00,1992,Train
1151-1,0,1,0.00,1977,Train
5310-1,0,4,0.00,1996,Train
5072-1,0,1,0.00,1987,Train
12-3,0,1,0.00,1977,Train
1143-1,0,1,0.00,1981,Train
1134-1,0,2,0.00,1981,Train
5085-1,1,1,1.00,1989,Train
5063-1,0,1,0.00,1987,Train
41-1,0,1,0.00,1977,Train
5081-1,0,1,0.00,1989,Train
5080-1,0,1,0.00,1989,Train
3748-1,0,4,0.00,2001,Train
1106-1,0,2,0.00,1977,Train
1108-1,0,2,0.00,1977,Train
1147-1,0,4,0.00,1981,Train
1214-1,0,1,0.00,1984,Train
5200-1,0,2,0.00,1987,Train
1144-1,0,1,0.00,1981,Train
1138-1,0,1,0.00,1981,Train
5305-1,0,1,0.00,1992,Train
1119-1,0,3,0.00,1977,Train
1152-1,0,2,0.00,1977,Train
5066-1,0,3,0.00,1987,Train
28-1,0,2,0.00,1977,Train
1112-1,0,1,0.00,1977,Train
1110-1,0,2,0.00,1977,Train
6213-1,0,1,0.00,1985,Train
1145-1,0,1,0.00,1981,Train
9-2,0,9,0.00,1981,Classic Town
5137-1,0,34,0.00,1994,Town
5048-1,0,28,0.00,1993,Town
5125-1,0,23,0.00,1995,Town
5313-1,0,13,0.00,1999,Town
5158-1,0,2,0.00,1990,Town
5133-1,0,36,0.00,1996,Town
5319-1,1,17,0.06,1999,Town
5159-1,0,1,0.00,1990,Town
5393-1,0,20,0.00,1997,Town
5180-1,0,2,0.00,1987,Town
5314-1,0,21,0.00,1999,Town
5389-1,0,28,0.00,1998,Town
5181-1,0,1,0.00,1987,Town
5390-1,0,13,0.00,1998,Town
5284-1,0,3,0.00,1996,Technic
1217-1,0,6,0.00,1982,Technic
1228-1,0,8,0.00,1982,Technic
5227-1,0,1,0.00,2000,Technic
5281-1,0,2,0.00,1994,Technic
5110-1,4,4,1.00,1990,Technic
1162-1,0,1,0.00,1985,Technic
1221-1,0,2,0.00,1982,Technic
5106-1,0,2,0.00,1987,Technic
1233-1,0,7,0.00,1984,Technic
5287-1,0,9,0.00,1995,Technic
5242-1,0,8,0.00,1987,Technic
73129-1,0,1,0.00,1985,Technic
5267-1,0,8,0.00,1993,Technic
5264-1,0,3,0.00,1987,Technic
5283-1,0,2,0.00,1994,Technic
5120-1,0,2,0.00,1993,Technic
1232-1,0,6,0.00,1982,Technic
1223-1,0,2,0.00,1982,Technic
5107-1,0,1,0.00,1991,Technic
5116-1,0,1,0.00,1997,Technic
5289-1,0,10,0.00,1996,Technic
1218-1,0,6,0.00,1982,Technic
5261-1,0,7,0.00,1987,Technic
1235-1,0,8,0.00,1984,Technic
5294-1,0,10,0.00,1998,Technic
5288-1,0,10,0.00,1995,Technic
5245-1,0,4,0.00,1994,Technic
5275-1,0,10,0.00,1993,Technic
5271-1,0,2,0.00,1991,Technic
5113-1,0,1,0.00,1987,Technic
70012-1,0,1,0.00,1985,Technic
5114-1,0,1,0.00,1991,Technic
5103-1,0,1,0.00,1987,Technic
5306-1,0,1,0.00,1992,Technic
5254-1,0,3,0.00,1987,Technic
1197-2,0,1,0.00,1981,Technic
5204-1,0,4,0.00,1999,Technic
5250-1,0,2,0.00,1987,Technic
1229-1,0,1,0.00,1982,Technic
5274-1,0,3,0.00,1992,Technic
5110-2,0,4,0.00,1989,Technic
1163-1,0,1,0.00,1985,Technic
5252-1,0,1,0.00,1993,Technic
5228-1,0,8,0.00,1997,Technic
5111-1,0,1,0.00,1990,Technic
5248-1,0,2,0.00,1987,Technic
31-2,0,4,0.00,1973,Technic
5105-1,0,1,0.00,1987,Technic
5276-1,0,8,0.00,1993,Technic
5104-1,0,1,0.00,1987,Technic
5109-1,0,3,0.00,1989,Technic
5118-1,0,13,0.00,1995,Technic
5203-1,0,2,0.00,1999,Technic
1234-1,0,8,0.00,1984,Technic
5237-1,0,2,0.00,1987,Technic
1161-1,0,1,0.00,1985,Technic
5249-1,0,6,0.00,1987,Technic
5201-1,0,5,0.00,1997,Technic
5282-1,0,2,0.00,1994,Technic
1131-1,0,2,0.00,1981,Technic
5265-1,0,3,0.00,1989,Technic
5115-1,0,1,0.00,1992,Technic
5240-1,0,3,0.00,1987,Technic
5293-1,0,1,0.00,1996,Technic
1231-1,0,2,0.00,1982,Technic
5266-1,0,9,0.00,1989,Technic
5244-1,0,1,0.00,1987,Technic
5041-1,0,1,0.00,1988,Technic
5202-1,0,2,0.00,1997,Technic
1225-1,0,6,0.00,1982,Technic
5229-1,0,10,0.00,1997,Technic
5119-1,0,4,0.00,1996,Technic
5255-1,0,2,0.00,1987,Technic
5272-1,0,5,0.00,1991,Technic
1267-1,0,1,0.00,1985,Technic
1230-1,0,1,0.00,1982,Technic
5246-1,0,2,0.00,1987,Technic
1236-3,0,1,0.00,1979,Technic
1164-1,0,2,0.00,1985,Technic
5260-1,0,4,0.00,1987,Technic
5279-1,0,7,0.00,1993,Technic
5205-1,0,6,0.00,1999,Technic
5256-1,0,4,0.00,1987,Technic
5259-1,0,6,0.00,1987,Technic
5269-1,0,4,0.00,1995,Technic
5234-1,0,6,0.00,1987,Technic
5233-2,0,6,0.00,1993,Technic
5291-1,0,4,0.00,1996,Technic
5290-1,0,9,0.00,1996,Technic
5258-1,0,3,0.00,1987,Technic
5225-1,0,1,0.00,1998,Technic
5241-1,0,8,0.00,1987,Technic
5117-1,0,4,0.00,1997,Technic
5236-1,0,2,0.00,1987,Technic
5263-1,0,3,0.00,1987,Technic
1160-1,0,2,0.00,1985,Technic
5285-1,0,1,0.00,1994,Technic
1227-1,0,7,0.00,1982,Technic
5280-1,0,3,0.00,1995,Technic
5247-1,0,11,0.00,1987,Technic
5277-1,0,7,0.00,1993,Technic
5232-1,0,6,0.00,1987,Technic
1149-2,0,1,0.00,1982,Technic
5270-1,0,2,0.00,1987,Technic
709-2,0,6,0.00,1984,Technic
5278-1,0,1,0.00,1994,Technic
5286-1,0,10,0.00,1994,Technic
5262-1,0,4,0.00,1987,Technic
1220-1,0,6,0.00,1982,Technic
5253-1,0,4,0.00,1987,Technic
5102-1,0,2,0.00,1987,Technic
5101-1,0,1,0.00,1987,Technic
1224-1,0,2,0.00,1982,Technic
1226-1,0,3,0.00,1982,Technic
5292-1,0,1,0.00,1996,Technic
5112-1,0,3,0.00,1987,Technic
5231-1,0,6,0.00,1987,Technic
5295-1,0,7,0.00,1998,Technic
5210-1,0,1,0.00,1997,Technic
1222-1,0,2,0.00,1982,Technic
1236-1,0,2,0.00,1984,Technic
1154-1,0,1,0.00,1986,Technic
5251-1,0,1,0.00,1989,Technic
5235-1,0,4,0.00,1993,Technic
5239-1,0,7,0.00,1987,Technic
5268-1,0,2,0.00,1995,Technic
5226-1,0,9,0.00,1998,Technic
1176-1,0,3,0.00,1978,Technic
5257-1,0,3,0.00,1987,Technic
5099-1,0,1,0.00,1991,Technic
1175-1,0,1,0.00,1982,Technic
5100-1,0,1,0.00,1987,Technic
1219-1,0,6,0.00,1982,Technic
29-1,0,1,0.00,1977,Technic
5238-1,0,2,0.00,1987,Technic
5243-1,0,1,0.00,1987,Technic
5273-1,0,2,0.00,1992,Technic
5108-1,0,1,0.00,1989,Technic
1148-1,0,2,0.00,1981,Technic
5042-1,0,21,0.00,1991,Space
5129-1,0,17,0.00,1996,Space
5057-1,0,14,0.00,1993,Space
5056-1,0,21,0.00,1993,Space
14-1,0,11,0.00,1982,Space
5175-1,0,13,0.00,1987,Space
3750-1,0,32,0.00,2001,Space
5384-1,0,15,0.00,1998,Space
12-1,0,8,0.00,1981,Space
5173-1,0,11,0.00,1987,Space
13-1,0,7,0.00,1981,Space
1213-1,0,3,0.00,1982,Space
5400-1,1,11,0.09,1997,Scala
3900-1,1,6,0.17,2000,Scala
5402-1,0,1,0.00,1997,Scala
5404-1,14,15,0.93,1997,Scala
5414-1,1,18,0.06,1999,Scala
5415-1,2,15,0.13,1999,Scala
5401-1,1,11,0.09,1997,Scala
5421-1,1,1,1.00,1997,Scala
5403-1,1,1,1.00,1997,Scala
5413-1,7,20,0.35,1999,Scala
3146-1,5,9,0.56,1999,Scala
5410-1,1,8,0.13,2011,Scala
5405-1,1,1,1.00,1998,Scala
5058-1,0,24,0.00,1993,Pirates
5122-1,0,26,0.00,1994,Pirates
5150-1,0,21,0.00,1990,Pirates
15-1,0,16,0.00,1984,Castle
5059-1,0,27,0.00,1993,Castle
5184-1,0,23,0.00,1989,Castle
5135-1,0,30,0.00,1995,Castle
5138-1,0,28,0.00,1994,Castle
5383-1,0,28,0.00,1998,Castle
5395-1,0,3,0.00,1996,Belville
5399-1,2,22,0.09,1999,Belville
5136-1,0,9,0.00,1995,Belville
5387-1,0,11,0.00,1998,Belville
5382-1,0,15,0.00,1998,Aquazone
5160-1,0,15,0.00,1995,Aquazone
5381-1,0,24,0.00,1998,Adventurers
702-3,0,1,0.00,1984,Service Packs
39-1,0,1,0.00,1977,Service Packs
5318-1,0,23,0.00,1999,Service Packs
5086-1,0,1,0.00,1993,Service Packs
5166-1,0,6,0.00,1991,Service Packs
5177-1,0,21,0.00,1987,Service Packs
760-1,0,3,0.00,1985,Service Packs
5009-1,0,1,0.00,1990,Service Packs
5045-1,0,3,0.00,1991,Service Packs
5316-1,0,30,0.00,1999,Service Packs
5165-1,0,17,0.00,1991,Service Packs
5156-1,0,11,0.00,1991,Service Packs
5051-1,0,9,0.00,1993,Service Packs
701-3,0,2,0.00,1986,Service Packs
701-1,0,2,0.00,1984,Service Packs
5140-1,0,11,0.00,1987,Service Packs
759-1,0,1,0.00,1985,Service Packs
1120-1,0,1,0.00,1977,Service Packs
5132-1,0,9,0.00,1995,Service Packs
5154-1,0,19,0.00,1991,Service Packs
5030-1,0,9,0.00,1992,Service Packs
5049-1,0,6,0.00,1993,Service Packs
5187-1,0,4,0.00,1989,Service Packs
5121-1,0,27,0.00,1994,Service Packs
5044-1,0,2,0.00,1991,Service Packs
5134-1,0,5,0.00,1995,Service Packs
5076-1,0,1,0.00,1989,Service Packs
10213sup-1,0,5,0.00,2010,Service Packs
5199-1,0,12,0.00,1989,Service Packs
758-1,0,1,0.00,1987,Service Packs
1174-1,0,2,0.00,1986,Service Packs
705-4,0,3,0.00,1984,Service Packs
5060-1,0,3,0.00,1993,Service Packs
1210-1,0,3,0.00,1982,Service Packs
5195-1,0,3,0.00,1989,Service Packs
708-3,0,2,0.00,1984,Service Packs
1172-1,0,5,0.00,1986,Service Packs
5000-1,0,1,0.00,1987,Service Packs
5144-1,0,11,0.00,1987,Service Packs
1205-1,0,1,0.00,1982,Service Packs
5164-1,0,12,0.00,1991,Service Packs
5006-1,0,2,0.00,1987,Service Packs
5315-1,0,30,0.00,1999,Service Packs
5055-1,0,3,0.00,1993,Service Packs
1123-1,0,4,0.00,1977,Service Packs
5189-1,0,2,0.00,1989,Service Packs
5157-1,0,20,0.00,1991,Service Packs
1126-1,0,1,0.00,1983,Service Packs
5124-1,0,7,0.00,1994,Service Packs
5191-1,0,1,0.00,1989,Service Packs
630-3,0,1,0.00,2012,Service Packs
5127-1,0,16,0.00,1995,Service Packs
5153-1,0,11,0.00,1991,Service Packs
5391-1,0,1,0.00,1997,Service Packs
5036-1,0,1,0.00,1987,Service Packs
1118-1,0,1,0.00,1977,Service Packs
5046-1,0,3,0.00,1991,Service Packs
630-1,0,1,0.00,1996,Service Packs
710-6,0,3,0.00,1984,Service Packs
704-4,0,1,0.00,1984,Service Packs
1130-1,1,1,1.00,1980,Service Packs
1240-1,0,4,0.00,1986,Service Packs
1125-1,0,3,0.00,1977,Service Packs
5040-1,0,1,0.00,1988,Service Packs
35-1,1,1,1.00,1977,Service Packs
1132-1,0,2,0.00,1981,Service Packs
5069-1,0,1,0.00,1987,Service Packs
5039-1,0,3,0.00,1987,Service Packs
5142-1,0,11,0.00,1987,Service Packs
5198-1,0,18,0.00,1989,Service Packs
16-1,0,11,0.00,1988,Service Packs
5182-1,0,11,0.00,1989,Service Packs
703-3,0,1,0.00,1984,Service Packs
5004-1,0,1,0.00,1987,Service Packs
5065-1,1,3,0.33,1987,Service Packs
1105-1,0,1,0.00,1977,Service Packs
5147-1,0,17,0.00,1987,Service Packs
5126-1,0,13,0.00,1995,Service Packs
5192-1,0,1,0.00,1989,Service Packs
5171-1,0,18,0.00,1987,Service Packs
5321-1,0,10,0.00,1999,Service Packs
1245-1,0,2,0.00,1986,Service Packs
5152-1,0,4,0.00,1987,Service Packs
1121-1,0,7,0.00,1977,Service Packs
5386-1,0,19,0.00,1998,Service Packs
5186-1,0,1,0.00,1989,Service Packs
1113-1,0,2,0.00,1977,Service Packs
5050-1,0,13,0.00,1993,Service Packs
5043-1,0,14,0.00,1991,Service Packs
5394-1,0,12,0.00,1997,Service Packs
5010-1,0,1,0.00,1990,Service Packs
1171-1,0,3,0.00,1986,Service Packs
1207-1,0,1,0.00,1982,Service Packs
1115-1,0,1,0.00,1977,Service Packs
706-4,0,3,0.00,1984,Service Packs
1135-3,0,2,0.00,1981,Service Packs
5003-1,0,1,0.00,1987,Service Packs
5038-1,0,1,0.00,1988,Service Packs
1140-1,0,1,0.00,1981,Service Packs
5084-1,0,1,0.00,1989,Service Packs
5139-1,0,5,0.00,1994,Service Packs
5188-1,0,4,0.00,1989,Service Packs
5193-1,0,1,0.00,1989,Service Packs
5179-1,0,15,0.00,1987,Service Packs
5031-1,0,7,0.00,1987,Service Packs
5077-1,0,2,0.00,1987,Service Packs
5141-1,0,11,0.00,1987,Service Packs
1211-1,0,2,0.00,1982,Service Packs
42-1,0,1,0.00,1977,Service Packs
5215-1,0,9,0.00,1999,Service Packs
5033-1,0,3,0.00,1987,Service Packs
1203-1,0,4,0.00,1985,Service Packs
5397-1,0,5,0.00,1996,Service Packs
5078-1,0,11,0.00,1993,Service Packs
5034-1,0,5,0.00,1987,Service Packs
5053-1,0,30,0.00,1993,Service Packs
5217-1,0,17,0.00,1999,Service Packs
5001-1,0,1,0.00,1987,Service Packs
5161-1,0,2,0.00,1987,Service Packs
1150-1,0,1,0.00,1977,Service Packs
5128-1,0,33,0.00,1996,Service Packs
5388-1,0,20,0.00,1998,Service Packs
5032-1,0,1,0.00,1987,Service Packs
5197-1,0,6,0.00,1989,Service Packs
1103-1,0,1,0.00,1977,Service Packs
707-1,0,3,0.00,1984,Service Packs
5151-1,0,12,0.00,1987,Service Packs
5183-1,0,14,0.00,1989,Service Packs
5143-1,0,11,0.00,1987,Service Packs
5196-1,0,3,0.00,1989,Service Packs
5035-1,0,1,0.00,1987,Service Packs
5194-1,0,2,0.00,1989,Service Packs
5002-1,0,1,0.00,1987,Service Packs
1178-1,0,1,0.00,1986,Service Packs
5005-1,0,1,0.00,1987,Service Packs
5007-1,0,1,0.00,1987,Service Packs
1209-1,0,3,0.00,1982,Service Packs
1114-1,0,1,0.00,1977,Service Packs
5148-1,0,5,0.00,1987,Service Packs
1101-1,0,1,0.00,1977,Service Packs
1242-1,0,3,0.00,1986,Service Packs
5155-1,0,12,0.00,1991,Service Packs
5176-1,0,12,0.00,1987,Service Packs
5047-1,0,20,0.00,1993,Service Packs
1179-1,0,1,0.00,1986,Service Packs
5167-1,0,4,0.00,1987,Service Packs
1234-3,0,1,0.00,1983,Service Packs
5054-1,0,21,0.00,1993,Service Packs
1241-1,0,4,0.00,1985,Service Packs
1135-1,0,2,0.00,1981,Service Packs
5174-1,0,7,0.00,1987,Service Packs
5172-1,0,14,0.00,1987,Service Packs
1243-1,0,6,0.00,1986,Service Packs
5163-1,0,4,0.00,1987,Service Packs
1244-1,0,1,0.00,1986,Service Packs
5398-1,0,28,0.00,1996,Service Packs
1206-1,0,1,0.00,1982,Service Packs
5149-1,0,11,0.00,1987,Service Packs
5169-1,0,5,0.00,1987,Service Packs
5146-1,0,17,0.00,1987,Service Packs
5037-1,0,3,0.00,1988,Service Packs
5145-1,0,11,0.00,1987,Service Packs
757-1,0,1,0.00,1987,Service Packs
1122-1,0,2,0.00,1977,Service Packs
1212-1,0,3,0.00,1982,Service Packs
5011-1,0,1,0.00,1992,Service Packs
5052-1,0,17,0.00,1993,Service Packs
5185-1,0,2,0.00,1989,Service Packs
1124-1,0,3,0.00,1977,Service Packs
5008-1,0,1,0.00,1990,Service Packs
1135-2,0,3,0.00,1981,Service Packs
5162-1,0,3,0.00,1987,Service Packs
5131-1,0,20,0.00,1996,Service Packs
1208-1,0,2,0.00,1982,Service Packs
1204-1,0,3,0.00,1984,Service Packs
5320-1,0,14,0.00,1999,Service Packs
5396-1,0,8,0.00,1996,Service Packs
5190-1,0,3,0.00,1989,Service Packs
5168-1,0,4,0.00,1987,Service Packs
1133-1,0,4,0.00,1981,Service Packs
1104-1,0,2,0.00,1977,Service Packs
1116-1,0,1,0.00,1977,Service Packs
5178-1,0,7,0.00,1987,Service Packs
5130-1,0,9,0.00,1996,Service Packs
5216-1,0,9,0.00,1999,Service Packs
4970-1,0,79,0.00,1999,Rock Raiders
1274-1,0,16,0.00,2000,Rock Raiders
1276-1,0,19,0.00,2000,Rock Raiders
4940-1,1,54,0.02,1999,Rock Raiders
1277-1,0,17,0.00,2000,Rock Raiders
1275-1,0,13,0.00,2000,Rock Raiders
4910-1,0,29,0.00,1999,Rock Raiders
4980-1,0,111,0.00,1999,Rock Raiders
4920-1,0,27,0.00,1999,Rock Raiders
4930-1,0,47,0.00,1999,Rock Raiders
4959-1,0,55,0.00,1999,Rock Raiders
3347-1,3,10,0.30,2000,Rock Raiders
4990-1,1,142,0.01,1999,Rock Raiders
3349-1,3,26,0.12,2000,Rock Raiders
4950-1,1,58,0.02,1999,Rock Raiders
3348-1,3,23,0.13,2000,Rock Raiders
4559387-1,0,3,0.00,2009,Power Miners
8962-1,3,66,0.05,2009,Power Miners
8907-1,0,20,0.00,2009,Power Miners
8957-1,0,45,0.00,2009,Power Miners
8708-1,0,113,0.00,2009,Power Miners
8959-1,0,83,0.00,2009,Power Miners
8961-1,1,172,0.01,2009,Power Miners
8956-1,1,30,0.03,2009,Power Miners
8960-1,1,115,0.01,2009,Power Miners
8191-1,4,150,0.03,2010,Power Miners
8190-1,2,118,0.02,2010,Power Miners
8964-1,1,218,0.00,2009,Power Miners
4559385-1,0,3,0.00,2009,Power Miners
8188-1,0,51,0.00,2010,Power Miners
8963-1,0,100,0.00,2009,Power Miners
8958-1,1,62,0.02,2009,Power Miners
8707-1,1,100,0.01,2009,Power Miners
4559288-1,0,3,0.00,2009,Power Miners
8189-1,1,93,0.01,2010,Power Miners
8908-1,0,10,0.00,2009,Power Miners
8709-1,1,203,0.00,2009,Power Miners
8293-1,0,12,0.00,2008,Power Functions
8879-1,0,1,0.00,2009,Power Functions
88002-1,0,3,0.00,2011,Power Functions
8883-1,0,1,0.00,2008,Power Functions
88004-1,0,1,0.00,2013,Power Functions
8870-1,0,1,0.00,2009,Power Functions
8869-1,0,1,0.00,2009,Power Functions
88000-1,0,1,0.00,2011,Power Functions
8887-1,1,1,1.00,2009,Power Functions
8882-1,0,1,0.00,2008,Power Functions
8871-1,0,1,0.00,2009,Power Functions
88003-1,0,1,0.00,2013,Power Functions
8881-1,0,1,0.00,2008,Power Functions
8886-1,0,1,0.00,2008,Power Functions
8885-1,0,1,0.00,2008,Power Functions
8878-1,1,1,1.00,2009,Power Functions
8884-1,0,1,0.00,2008,Power Functions
30091-1,0,23,0.00,2011,Pharaoh's Quest
853176-1,0,19,0.00,2011,Pharaoh's Quest
7306-1,0,48,0.00,2011,Pharaoh's Quest
7326-1,0,144,0.00,2011,Pharaoh's Quest
7325-1,2,96,0.02,2011,Pharaoh's Quest
7327-1,13,234,0.06,2011,Pharaoh's Quest
7307-1,0,70,0.00,2011,Pharaoh's Quest
7305-1,2,32,0.06,2011,Pharaoh's Quest
30090-1,0,27,0.00,2011,Pharaoh's Quest
70590-1,1,223,0.00,2016,Airjitzu
70740-1,3,31,0.10,2015,Airjitzu
70739-1,3,34,0.09,2015,Airjitzu
70741-1,3,32,0.09,2015,Airjitzu
70742-1,0,29,0.00,2015,Airjitzu
70743-1,1,38,0.03,2015,Airjitzu
70744-1,0,30,0.00,2015,Airjitzu
TRUNINJAGO-1,0,8,0.00,2015,Ninjago
NIN891615-1,0,13,0.00,2016,Ninjago
853111-1,1,20,0.05,2011,Ninjago
2115-1,6,20,0.30,2011,Ninjago
2516-1,0,40,0.00,2011,Ninjago
9557-1,8,20,0.40,2012,Ninjago
70734-1,1,272,0.00,2015,Ninjago
9566-1,6,23,0.26,2012,Ninjago
2508-1,0,96,0.00,2011,Ninjago
9552-1,5,19,0.26,2012,Ninjago
9567-1,8,19,0.42,2012,Ninjago
NIN891620-1,0,11,0.00,2016,Ninjago
70724-1,5,203,0.02,2014,Ninjago
70592-1,1,189,0.01,2016,Ninjago
2173-1,6,22,0.27,2011,Ninjago
2505-1,1,181,0.01,2011,Ninjago
TRUNINJAGO-3,0,10,0.00,2015,Ninjago
9579-1,7,34,0.21,2012,Ninjago
NIN891501-1,0,9,0.00,2015,Ninjago
2257-1,9,37,0.24,2011,Ninjago
2520-1,5,194,0.03,2011,Ninjago
9445-1,4,180,0.02,2012,Ninjago
30080-1,0,14,0.00,2011,Ninjago
NIN891612-1,0,5,0.00,2016,Ninjago
9457-1,1,156,0.01,2012,Ninjago
9558-1,5,110,0.05,2012,Ninjago
70736-1,2,190,0.01,2015,Ninjago
70726-1,1,120,0.01,2014,Ninjago
NIN891508-1,0,17,0.00,2015,Ninjago
9571-1,7,18,0.39,2012,Ninjago
70596-1,0,383,0.00,2016,Ninjago
2172-1,4,18,0.22,2011,Ninjago
70591-1,4,138,0.03,2016,Ninjago
30083-1,0,25,0.00,2011,Ninjago
2260-1,1,71,0.01,2011,Ninjago
30088-1,0,5,0.00,2012,Ninjago
2256-1,5,21,0.24,2011,Ninjago
850632-1,0,31,0.00,2013,Ninjago
NIN561609-1,0,13,0.00,2016,Ninjago
30292-1,0,35,0.00,2015,Ninjago
70721-1,0,93,0.00,2014,Ninjago
850445-1,1,44,0.02,2012,Ninjago
NIN891507-1,0,9,0.00,2015,Ninjago
20020-1,0,39,0.00,2011,Ninjago
70749-1,4,177,0.02,2015,Ninjago
70745-1,0,108,0.00,2015,Ninjago
70588-1,0,128,0.00,2016,Ninjago
70594-1,1,370,0.00,2016,Ninjago
9444-1,0,120,0.00,2012,Ninjago
NIN891614-1,0,7,0.00,2016,Ninjago
70753-1,2,72,0.03,2015,Ninjago
30293-1,0,31,0.00,2015,Ninjago
2259-1,1,89,0.01,2011,Ninjago
30087-1,0,20,0.00,2012,Ninjago
30082-1,0,24,0.00,2011,Ninjago
4659612-1,1,1,1.00,2012,Ninjago
9553-1,5,22,0.23,2012,Ninjago
2263-1,0,129,0.00,2011,Ninjago
70600-1,3,131,0.02,2016,Ninjago
NIN901503-1,0,7,0.00,2015,Ninjago
70602-1,2,159,0.01,2016,Ninjago
9551-1,5,22,0.23,2012,Ninjago
70599-1,2,58,0.03,2016,Ninjago
70505-1,4,194,0.02,2013,Ninjago
NIN891503-1,0,10,0.00,2015,Ninjago
SAMURAI-DROID-1,0,19,0.00,2015,Ninjago
2521-1,3,216,0.01,2011,Ninjago
2506-1,0,182,0.00,2011,Ninjago
NIN891616-1,0,9,0.00,2016,Ninjago
9447-1,1,134,0.01,2012,Ninjago
70731-1,0,150,0.00,2015,Ninjago
891611-1,0,12,0.00,2016,Ninjago
2518-1,0,81,0.00,2011,Ninjago
NIN891617-1,0,10,0.00,2016,Ninjago
9570-1,11,19,0.58,2012,Ninjago
901503-1,0,7,0.00,2015,Ninjago
70756-1,3,102,0.03,2015,Ninjago
70589-1,8,194,0.04,2016,Ninjago
2519-1,2,110,0.02,2011,Ninjago
70747-1,0,111,0.00,2015,Ninjago
2255-1,6,19,0.32,2011,Ninjago
9555-1,8,25,0.32,2012,Ninjago
9569-1,7,20,0.35,2012,Ninjago
9442-1,0,107,0.00,2012,Ninjago
70723-1,0,140,0.00,2014,Ninjago
9441-1,1,102,0.01,2012,Ninjago
891503-1,0,10,0.00,2015,Ninjago
2111-1,5,17,0.29,2011,Ninjago
70502-1,3,100,0.03,2013,Ninjago
2171-1,6,21,0.29,2011,Ninjago
70605-1,8,323,0.02,2016,Ninjago
70725-1,5,250,0.02,2014,Ninjago
9440-1,0,43,0.00,2012,Ninjago
9554-1,5,29,0.17,2012,Ninjago
2170-1,4,20,0.20,2011,Ninjago
11909-1,0,39,0.00,2015,Ninjago
70720-1,0,58,0.00,2014,Ninjago
70500-1,3,56,0.05,2013,Ninjago
2175-1,6,21,0.29,2011,Ninjago
30084-1,0,5,0.00,2011,Ninjago
30421-1,0,23,0.00,2016,Ninjago
9574-1,7,20,0.35,2012,Ninjago
5000030-1,2,21,0.10,2012,Ninjago
NIN891506-1,0,8,0.00,2015,Ninjago
70727-1,0,159,0.00,2014,Ninjago
2856134-1,0,39,0.00,2011,Ninjago
9456-1,0,144,0.00,2012,Ninjago
70750-1,3,241,0.01,2015,Ninjago
70504-1,8,144,0.06,2013,Ninjago
70603-1,3,175,0.02,2016,Ninjago
70732-1,1,406,0.00,2015,Ninjago
9450-1,12,298,0.04,2012,Ninjago
NIN891610-1,0,7,0.00,2016,Ninjago
9563-1,7,21,0.33,2012,Ninjago
9446-1,4,255,0.02,2012,Ninjago
9561-1,7,20,0.35,2012,Ninjago
9448-1,4,152,0.03,2012,Ninjago
70754-1,2,76,0.03,2015,Ninjago
70604-1,0,210,0.00,2016,Ninjago
70752-1,0,44,0.00,2015,Ninjago
5002919-1,0,19,0.00,2015,Ninjago
30291-1,0,31,0.00,2015,Ninjago
2174-1,5,22,0.23,2011,Ninjago
9590-1,11,23,0.48,2012,Ninjago
2254-1,6,95,0.06,2011,Ninjago
30085-1,0,21,0.00,2012,Ninjago
70593-1,2,223,0.01,2016,Ninjago
2114-1,5,17,0.29,2011,Ninjago
2258-1,0,40,0.00,2011,Ninjago
70728-1,6,376,0.02,2014,Ninjago
2504-1,6,144,0.04,2011,Ninjago
2509-1,2,99,0.02,2011,Ninjago
9443-1,1,133,0.01,2012,Ninjago
70751-1,8,554,0.01,2015,Ninjago
891505-1,0,8,0.00,2015,Ninjago
70746-1,7,108,0.06,2015,Ninjago
70748-1,0,152,0.00,2015,Ninjago
70601-1,1,135,0.01,2016,Ninjago
9573-1,7,20,0.35,2012,Ninjago
70722-1,4,101,0.04,2013,Ninjago
NIN891619-1,0,14,0.00,2016,Ninjago
NIN891618-1,0,8,0.00,2016,Ninjago
891613-1,0,17,0.00,2016,Ninjago
4636204-1,0,7,0.00,2011,Ninjago
30086-1,0,18,0.00,2012,Ninjago
70737-1,0,264,0.00,2015,Ninjago
NIN891505-1,0,8,0.00,2015,Ninjago
70501-1,2,116,0.02,2013,Ninjago
70595-1,0,338,0.00,2016,Ninjago
70503-1,2,110,0.02,2013,Ninjago
30422-1,0,33,0.00,2016,Ninjago
70733-1,0,101,0.00,2015,Ninjago
30294-1,0,33,0.00,2015,Ninjago
891504-1,0,18,0.00,2015,Ninjago
70735-1,0,223,0.00,2015,Ninjago
891501-1,0,9,0.00,2015,Ninjago
30081-1,0,22,0.00,2011,Ninjago
891507-1,0,9,0.00,2015,Ninjago
TRUNINJAGO-2,0,13,0.00,2015,Ninjago
2507-1,3,283,0.01,2011,Ninjago
9562-1,5,21,0.24,2012,Ninjago
30424-1,0,28,0.00,2016,Ninjago
851342-1,3,31,0.10,2015,Ninjago
70627-1,0,379,0.00,2017,Ninjago
70626-1,1,226,0.00,2017,Ninjago
70625-1,0,157,0.00,2017,Ninjago
70624-1,0,130,0.00,2017,Ninjago
70623-1,2,156,0.01,2017,Ninjago
9449-1,4,225,0.02,2012,Ninjago
9591-1,18,58,0.31,2012,Ninjago
70738-1,3,499,0.01,2015,Ninjago
70730-1,0,138,0.00,2015,Ninjago
2112-1,5,16,0.31,2011,Ninjago
9564-1,7,19,0.37,2012,Ninjago
70755-1,2,89,0.02,2015,Ninjago
2116-1,5,18,0.28,2011,Ninjago
9572-1,6,14,0.43,2012,Ninjago
9455-1,1,82,0.01,2012,Ninjago
9556-1,5,20,0.25,2012,Ninjago
TRUNINJAGO-4,0,16,0.00,2015,Ninjago
891610-1,0,7,0.00,2016,Ninjago
DKNINJAGO2-1,0,89,0.00,2012,Ninjago
2113-1,3,17,0.18,2011,Ninjago
30423-1,0,26,0.00,2016,Ninjago
70621-1,0,49,0.00,2017,Ninjago
70622-1,0,95,0.00,2017,Ninjago
853687-1,8,23,0.35,2017,Ninjago
3053-1,2,107,0.02,1999,Ninja
6045-1,0,59,0.00,1998,Ninja
6033-1,1,44,0.02,1998,Ninja
1187-1,0,13,0.00,1999,Ninja
1186-1,0,20,0.00,1999,Ninja
3344-1,2,12,0.17,2000,Ninja
3074-1,0,16,0.00,1999,Ninja
3346-1,6,18,0.33,2000,Ninja
4805-1,0,30,0.00,1999,Ninja
6089-1,0,120,0.00,1998,Ninja
3051-1,0,68,0.00,1999,Ninja
3017-1,0,17,0.00,1998,Ninja
3050-1,0,62,0.00,1999,Ninja
1269-1,0,15,0.00,1999,Ninja
3075-1,0,16,0.00,1999,Ninja
6093-1,3,172,0.02,1998,Ninja
3018-1,0,20,0.00,1998,Ninja
1185-1,0,17,0.00,1999,Ninja
6083-2,0,79,0.00,1998,Ninja
3076-1,0,15,0.00,1999,Ninja
3077-1,0,18,0.00,1999,Ninja
1184-1,0,17,0.00,1999,Ninja
3016-1,0,17,0.00,1998,Ninja
6088-1,0,119,0.00,1998,Ninja
6013-1,0,14,0.00,1998,Ninja
3019-1,0,12,0.00,1998,Ninja
3052-1,0,74,0.00,1999,Ninja
1099-1,0,17,0.00,1999,Ninja
3345-1,5,16,0.31,2000,Ninja
11-2,0,13,0.00,1973,Minitalia
24-1,0,12,0.00,1971,Minitalia
4-4,0,16,0.00,1970,Minitalia
2-11,0,27,0.00,1976,Minitalia
15-2,0,18,0.00,1973,Minitalia
5-4,0,15,0.00,1971,Minitalia
2-8,0,13,0.00,1970,Minitalia
30-2,0,11,0.00,1973,Minitalia
1-8,0,10,0.00,1970,Minitalia
13-2,1,14,0.07,1973,Minitalia
21-2,0,8,0.00,1971,Minitalia
32-2,0,15,0.00,1973,Minitalia
3-6,0,15,0.00,1970,Minitalia
23-1,0,12,0.00,1971,Minitalia
22-1,0,10,0.00,1971,Minitalia
2000415-1,2,163,0.01,2010,Master Building Academy
2000431-1,0,90,0.00,2013,Master Building Academy
2000413-1,1,93,0.01,2010,Master Building Academy
20215-1,1,235,0.00,2013,Master Building Academy
2000430-1,1,243,0.00,2013,Master Building Academy
20205-1,0,89,0.00,2012,Master Building Academy
20208-1,0,85,0.00,2012,Master Building Academy
20203-1,0,62,0.00,2011,Master Building Academy
20207-1,0,92,0.00,2012,Master Building Academy
20202-1,0,66,0.00,2011,Master Building Academy
20200-1,0,81,0.00,2011,Master Building Academy
20206-1,2,93,0.02,2012,Master Building Academy
20201-1,0,78,0.00,2011,Master Building Academy
20204-1,0,85,0.00,2012,Master Building Academy
llca27-1,0,38,0.00,2006,Pirates
LLCA29-1,0,43,0.00,2006,Pirates
LLCA30-1,0,28,0.00,2006,Pirates
llca22-1,0,27,0.00,2005,Holiday
llca21-1,0,21,0.00,2005,Holiday
AMFlag-1,0,6,0.00,2002,Holiday
LLCAPUM1-1,0,13,0.00,2002,Holiday
llca12-1,0,42,0.00,2004,Holiday
LLCAPUM2-1,0,12,0.00,2002,Holiday
llca23-1,0,26,0.00,2005,Holiday
LLCABR1-1,0,26,0.00,2001,Bionicle
bilmasks-1,0,2,0.00,2001,Bionicle
LLCABR3-1,0,26,0.00,2001,Bionicle
LLCABR2-1,0,26,0.00,2001,Bionicle
LLCA52-1,0,51,0.00,2010,Legoland Parks
LLBUS-1,0,20,0.00,2002,Legoland Parks
LLCA13-1,0,26,0.00,2004,Legoland Parks
4189224-1,0,21,0.00,2002,Legoland Parks
llca4-1,0,57,0.00,2003,Legoland Parks
40115-1,0,118,0.00,2014,Legoland Parks
LLCA24-1,0,7,0.00,2005,Legoland Parks
LLOlli-1,0,22,0.00,2002,Legoland Parks
llca3-1,0,42,0.00,2000,Legoland Parks
LLCA51-1,0,26,0.00,2009,Legoland Parks
LLCA31-1,0,15,0.00,2007,Legoland Parks
llca7-1,0,20,0.00,2001,Legoland Parks
llca10-1,0,25,0.00,2000,Legoland Parks
LLKING-1,0,27,0.00,2003,Legoland Parks
LLSWAN-1,0,23,0.00,2003,Legoland Parks
auditt-1,0,28,0.00,2002,Legoland Parks
LLCA26-1,0,28,0.00,2006,Legoland Parks
llca35-1,0,28,0.00,2008,Legoland Parks
LLCA25-1,0,18,0.00,2005,Legoland Parks
llca34-1,0,47,0.00,2008,Legoland Parks
40166-1,1,86,0.01,2016,Legoland Parks
llca8-1,0,6,0.00,2004,Legoland Parks
LLPlane-1,0,15,0.00,2002,Legoland Parks
1-10,0,31,0.00,1971,Vehicle
157-3,5,22,0.23,1970,Vehicle
3-8,0,23,0.00,1971,Vehicle
2-10,0,25,0.00,1971,Vehicle
565-1,0,61,0.00,1976,Space
358-1,1,50,0.02,1973,Space
367-1,0,62,0.00,1975,Space
370-1,0,69,0.00,1976,Police
354-1,0,53,0.00,1972,Police
628-2,0,19,0.00,1977,Police
659-1,0,25,0.00,1975,Police
420-1,0,11,0.00,1973,Police
585-1,0,69,0.00,1976,Police
618-1,0,19,0.00,1977,Police
611-1,0,11,0.00,1973,Police
560-2,0,50,0.00,1973,Police
445-1,0,25,0.00,1976,Police
653-1,0,19,0.00,1973,Hospital
386-1,0,52,0.00,1976,Hospital
555-1,0,55,0.00,1976,Hospital
373-2,0,25,0.00,1971,Hospital
363-1,0,55,0.00,1975,Hospital
770-1,0,52,0.00,1976,Hospital
338-1,0,27,0.00,1970,Hospital
600-1,0,12,0.00,1970,Hospital
460-1,0,19,0.00,1973,Hospital
616-1,0,16,0.00,1976,Harbor
364-1,1,132,0.01,1975,Harbor
663-1,0,23,0.00,1977,Harbor
644-1,0,21,0.00,1971,Gas Station
688-1,0,23,0.00,1973,Gas Station
621-2,0,19,0.00,1970,Gas Station
648-1,0,19,0.00,1971,Gas Station
373-1,1,91,0.01,1977,Gas Station
690-1,0,23,0.00,1974,Gas Station
485-1,0,28,0.00,1976,Fire
357-1,0,54,0.00,1973,Fire
658-1,0,24,0.00,1974,Fire
691-1,0,27,0.00,1974,Fire
347-1,1,51,0.02,1970,Fire
480-1,0,27,0.00,1975,Fire
640-1,0,22,0.00,1971,Fire
693-1,0,32,0.00,1975,Fire
570-1,0,54,0.00,1973,Fire
602-2,0,13,0.00,1970,Fire
620-2,0,20,0.00,1970,Fire
374-2,0,38,0.00,1971,Fire
435-1,0,12,0.00,1976,Construction
655-1,0,20,0.00,1973,Construction
102A-2,0,25,0.00,1970,Construction
383-1,0,50,0.00,1973,Construction
360-1,0,64,0.00,1974,Construction
377-2,0,41,0.00,1971,Construction
614-1,1,19,0.05,1974,Construction
381-1,0,44,0.00,1973,Construction
387-1,0,45,0.00,1976,Construction
615-2,0,15,0.00,1975,Construction
248-2,1,41,0.02,1971,Construction
654-1,0,24,0.00,1973,Construction
689-1,0,26,0.00,1974,Construction
376-1,0,42,0.00,1971,Construction
1601-1,1,56,0.02,1976,Construction
102A-1,0,24,0.00,1970,Construction
692-1,0,30,0.00,1975,Construction
780-1,0,45,0.00,1976,Construction
643-2,0,23,0.00,1971,Construction
612-1,0,12,0.00,1974,Construction
642-2,0,18,0.00,1971,Construction
351-1,0,36,0.00,1971,Construction
606-2,0,15,0.00,1972,Construction
647-1,0,19,0.00,1971,Construction
450-1,0,23,0.00,1973,Construction
425-1,0,15,0.00,1976,Construction
492-1,0,30,0.00,1977,Construction
371-1,0,29,0.00,1971,Construction
686-1,0,30,0.00,1973,Construction
684-1,0,25,0.00,1972,Construction
410-1,0,19,0.00,1973,Construction
680-1,0,29,0.00,1971,Construction
490-1,0,26,0.00,1975,Construction
682-1,0,31,0.00,1971,Construction
545-2,0,36,0.00,1973,Construction
580-1,0,66,0.00,1975,Construction
649-1,0,25,0.00,1972,Construction
662-1,0,17,0.00,1976,Construction
681-1,0,29,0.00,1971,Construction
652-2,0,23,0.00,1972,Construction
730-1,2,50,0.04,1973,Construction
604-2,0,19,0.00,1971,Construction
369-1,0,59,0.00,1976,Coast Guard
00-1,0,51,0.00,1970,Castle
00-3,0,43,0.00,1976,Building
344-1,1,23,0.04,1969,Building
361-1,1,48,0.02,1974,Building
348-1,2,11,0.18,1971,Building
355-1,5,105,0.05,1972,Building
346-2,1,41,0.02,1969,Building
350-1,0,25,0.00,1971,Building
345-1,1,40,0.03,1969,Building
00-4,0,49,0.00,1976,Building
368-1,2,51,0.04,1976,Building
356-1,1,36,0.03,1973,Building
380-1,0,1,0.00,1971,Building
349-1,0,22,0.00,1971,Building
608-1,0,17,0.00,1971,Building
550-2,0,66,0.00,1976,Building
353-1,1,39,0.03,1972,Building
362-1,0,66,0.00,1975,Building
00-2,0,47,0.00,1976,Building
352-1,1,43,0.02,1972,Building
540-3,0,36,0.00,1973,Building
657-1,0,16,0.00,1974,Airport
346-1,0,23,0.00,1970,Airport
1550-1,0,18,0.00,1972,Airport
1560-2,1,19,0.05,1976,Airport
456-1,0,23,0.00,1977,Airport
613-1,0,10,0.00,1974,Airport
622-2,0,16,0.00,1970,Airport
1562-3,0,23,0.00,1976,Airport
455-1,0,14,0.00,1976,Airport
712-1,0,43,0.00,1977,Airport
1555-2,0,21,0.00,1978,Airport
609-1,0,18,0.00,1972,Airport
1611-2,1,28,0.04,1978,Airport
1552-2,1,20,0.05,1974,Airport
687-1,1,18,0.06,1973,Airport
371-3,0,43,0.00,1977,Airport
1610-2,0,25,0.00,1978,Airport
698-1,0,20,0.00,1977,Airport
661-1,0,23,0.00,1976,Airport
430-1,0,10,0.00,1975,Airport
1551-2,2,11,0.18,1972,Airport
40081-4,0,56,0.00,2013,Legoland
656-1,0,24,0.00,1974,Legoland
40081-2,0,56,0.00,2013,Legoland
850502-1,2,6,0.33,2012,Legoland
40081-5,0,56,0.00,2013,Legoland
40081-1,0,56,0.00,2013,Legoland
850751-1,0,39,0.00,2013,Legoland
40081-3,0,56,0.00,2013,Legoland
53850006-1,0,13,0.00,2015,Pick A Model
53850009-1,0,10,0.00,2016,Pick A Model
53850012-1,0,24,0.00,2016,Pick A Model
53850001-1,0,19,0.00,2015,Pick A Model
53850003-1,0,14,0.00,2015,Pick A Model
53850004-1,0,14,0.00,2015,Pick A Model
53850007-1,0,16,0.00,2016,Pick A Model
53850016-1,0,22,0.00,2017,Pick A Model
53850015-1,0,16,0.00,2016,Pick A Model
53850013-1,0,14,0.00,2016,Pick A Model
53850008-1,0,11,0.00,2016,Pick A Model
53850017-1,0,23,0.00,2017,Pick A Model
53850005-1,0,23,0.00,2015,Pick A Model
3850031-1,0,17,0.00,2017,Pick A Model
53850002-1,0,16,0.00,2015,Pick A Model
40208-1,0,19,0.00,2016,Monthly Mini Model Build
40099-1,0,20,0.00,2014,Monthly Mini Model Build
40239-1,0,31,0.00,2017,Monthly Mini Model Build
40216-1,0,40,0.00,2016,Monthly Mini Model Build
40094-1,0,23,0.00,2014,Monthly Mini Model Build
40098-1,0,23,0.00,2014,Monthly Mini Model Build
40066-1,0,28,0.00,2013,Monthly Mini Model Build
MMMB026-1,0,16,0.00,2010,Monthly Mini Model Build
40101-1,0,26,0.00,2014,Monthly Mini Model Build
40126-1,0,25,0.00,2015,Monthly Mini Model Build
40038-1,0,20,0.00,2012,Monthly Mini Model Build
40103-1,0,24,0.00,2014,Monthly Mini Model Build
40047-1,0,20,0.00,2012,Monthly Mini Model Build
40096-1,0,24,0.00,2014,Monthly Mini Model Build
40065-1,0,14,0.00,2013,Monthly Mini Model Build
40067-1,0,16,0.00,2013,Monthly Mini Model Build
40134-1,0,33,0.00,2015,Monthly Mini Model Build
40068-1,0,17,0.00,2013,Monthly Mini Model Build
40132-1,0,27,0.00,2015,Monthly Mini Model Build
40045-2,0,15,0.00,2013,Monthly Mini Model Build
40136-1,0,22,0.00,2015,Monthly Mini Model Build
40063-1,0,15,0.00,2013,Monthly Mini Model Build
40210-1,0,30,0.00,2016,Monthly Mini Model Build
40045-1,0,15,0.00,2012,Monthly Mini Model Build
40219-1,0,15,0.00,2016,Monthly Mini Model Build
40061-1,0,16,0.00,2013,Monthly Mini Model Build
40044-1,0,13,0.00,2012,Monthly Mini Model Build
40137,0,13,0.00,2015,Monthly Mini Model Build
40217-1,0,37,0.00,2016,Monthly Mini Model Build
40128-1,0,28,0.00,2015,Monthly Mini Model Build
40105-1,0,25,0.00,2014,Monthly Mini Model Build
40214-1,0,33,0.00,2016,Monthly Mini Model Build
40218-1,0,21,0.00,2016,Monthly Mini Model Build
40133-1,0,31,0.00,2015,Monthly Mini Model Build
5004419-1,0,28,0.00,2016,Monthly Mini Model Build
40037-1,0,29,0.00,2012,Monthly Mini Model Build
MMMB010-1,0,5,0.00,2009,Monthly Mini Model Build
MMMB023-1,0,14,0.00,2010,Monthly Mini Model Build
40209-1,0,19,0.00,2016,Monthly Mini Model Build
40212-1,0,18,0.00,2016,Monthly Mini Model Build
40095-1,0,19,0.00,2014,Monthly Mini Model Build
40069-1,0,32,0.00,2013,Monthly Mini Model Build
40215-1,0,28,0.00,2016,Monthly Mini Model Build
40135-1,0,23,0.00,2015,Monthly Mini Model Build
40104-1,0,23,0.00,2014,Monthly Mini Model Build
40041-1,0,17,0.00,2012,Monthly Mini Model Build
MMMB003-1,0,6,0.00,2009,Monthly Mini Model Build
40039-1,0,7,0.00,2012,Monthly Mini Model Build
MMMB009-1,0,12,0.00,2009,Monthly Mini Model Build
40131-1,0,32,0.00,2015,Monthly Mini Model Build
40129-1,0,17,0.00,2015,Monthly Mini Model Build
40213-1,0,18,0.00,2016,Monthly Mini Model Build
40127-1,0,22,0.00,2015,Monthly Mini Model Build
40100-1,0,28,0.00,2014,Monthly Mini Model Build
40070-1,0,15,0.00,2013,Monthly Mini Model Build
40097-1,0,27,0.00,2014,Monthly Mini Model Build
40102-1,0,31,0.00,2014,Monthly Mini Model Build
40130-1,0,30,0.00,2015,Monthly Mini Model Build
40064-1,0,17,0.00,2013,Monthly Mini Model Build
40211-1,0,18,0.00,2016,Monthly Mini Model Build
40036-1,0,20,0.00,2012,Monthly Mini Model Build
40240-1,0,34,0.00,2017,Monthly Mini Model Build
40242-1,0,28,0.00,2017,Monthly Mini Model Build
40241-1,0,20,0.00,2017,Monthly Mini Model Build
40244-1,0,21,0.00,2017,Monthly Mini Model Build
40040-1,0,10,0.00,2012,Monthly Mini Model Build
40042-1,0,12,0.00,2012,Monthly Mini Model Build
40043-1,0,19,0.00,2012,Monthly Mini Model Build
40071-1,0,27,0.00,2013,Monthly Mini Model Build
40062-1,0,21,0.00,2013,Monthly Mini Model Build
40243-1,0,29,0.00,2017,Monthly Mini Model Build
MMMB0908,0,17,0.00,2009,Monthly Mini Model Build
40072,0,22,0.00,2013,Monthly Mini Model Build
Nuremberg-1,0,36,0.00,2010,LEGO Brand Store
Dallas-1,0,20,0.00,2009,LEGO Brand Store
Frankfurt-1,0,37,0.00,2009,LEGO Brand Store
Lynnwood-1,0,8,0.00,2012,LEGO Brand Store
40118-1,0,60,0.00,2014,LEGO Brand Store
Berlin-1,0,30,0.00,2009,LEGO Brand Store
Toronto-3,0,15,0.00,2013,LEGO Brand Store
Wiesbaden-1,0,36,0.00,2010,LEGO Brand Store
5001622-1,2,5,0.40,2013,LEGO Brand Store
853340-1,5,26,0.19,2011,LEGO Brand Store
Chandler-1,0,15,0.00,2008,LEGO Brand Store
SanDiego-1,3,15,0.20,2011,LEGO Brand Store
5000023-1,10,12,0.83,2012,LEGO Brand Store
Nashville-1,3,15,0.20,2012,LEGO Brand Store
Indianapolis-1,0,10,0.00,2011,LEGO Brand Store
Munich-1,0,15,0.00,2013,LEGO Brand Store
Annapolis-1,0,24,0.00,2009,LEGO Brand Store
Frisco-1,0,23,0.00,2009,LEGO Brand Store
Columbus-1,0,17,0.00,2009,LEGO Brand Store
40145-1,0,107,0.00,2015,LEGO Brand Store
Elizabeth-1,0,15,0.00,2012,LEGO Brand Store
Houston-2,0,57,0.00,2010,LEGO Brand Store
Raleigh-1,0,30,0.00,2009,LEGO Brand Store
OrlandPark-1,0,38,0.00,2009,LEGO Brand Store
4000010-1,2,45,0.04,2014,LEGO Brand Store
4000016-1,1,89,0.01,2014,LEGO Brand Store
Miami-1,0,33,0.00,2010,LEGO Brand Store
3300005-1,3,36,0.08,2011,LEGO Brand Store
Austin-1,0,24,0.00,2010,LEGO Brand Store
Calgary-1,0,55,0.00,2010,LEGO Brand Store
SoOuest-1,0,15,0.00,2012,LEGO Brand Store
Glasgow-1,0,15,0.00,2013,LEGO Brand Store
Beachwood-1,0,3,0.00,2011,LEGO Brand Store
Manchester-1,0,12,0.00,2012,LEGO Brand Store
5924-1,0,62,0.00,2002,LEGO Brand Store
Victor-1,3,15,0.20,2012,LEGO Brand Store
Watford-1,0,15,0.00,2013,LEGO Brand Store
3300000-1,0,28,0.00,2010,LEGO Brand Store
Orlando-1,1,2,0.50,1997,LEGO Brand Store
853313-1,2,6,0.33,2011,LEGO Brand Store
4000001-1,0,187,0.00,2011,LEGO Brand Store
Leeds-1,0,16,0.00,2013,LEGO Brand Store
4000013-1,0,90,0.00,2013,LEGO Brand Store
4000015-1,1,63,0.02,2014,LEGO Brand Store
Braintree-1,0,36,0.00,2008,LEGO Brand Store
Liverpool-1,0,8,0.00,2011,LEGO Brand Store
4000014-1,1,124,0.01,2014,LEGO Brand Store
Peabody-1,3,6,0.50,2012,LEGO Brand Store
3300003-1,0,75,0.00,2012,LEGO Brand Store
Stratford-1,0,14,0.00,2012,LEGO Brand Store
Houston-3,3,15,0.20,2012,LEGO Brand Store
GardenCity-1,0,33,0.00,2010,LEGO Brand Store
DesPeres-1,0,14,0.00,2013,LEGO Brand Store
Vienna-1,0,14,0.00,2013,LEGO Brand Store
Toronto-2,3,15,0.20,2011,LEGO Brand Store
Hanover-1,0,17,0.00,2009,LEGO Brand Store
4000009-1,1,58,0.02,2013,LEGO Brand Store
Newark-1,0,33,0.00,2010,LEGO Brand Store
Birmingham-1,0,37,0.00,2009,LEGO Brand Store
40026-1,0,18,0.00,2012,LEGO Brand Store
4000011-1,2,61,0.03,2014,LEGO Brand Store
Elmhurst-1,0,21,0.00,2010,LEGO Brand Store
Lille-1,0,15,0.00,2013,LEGO Brand Store
Alpharetta-1,3,15,0.20,2012,LEGO Brand Store
Honolulu-1,0,25,0.00,2009,LEGO Brand Store
Paramus-1,0,31,0.00,2009,LEGO Brand Store
Cincinnati-1,0,38,0.00,2009,LEGO Brand Store
Minneapolis-1,0,3,0.00,1992,LEGO Brand Store
OverlandPark-1,3,15,0.20,2012,LEGO Brand Store
Glendale-1,0,40,0.00,2010,LEGO Brand Store
Troy-1,0,36,0.00,2010,LEGO Brand Store
3300006-1,0,44,0.00,2011,LEGO Brand Store
Wauwatosa-1,3,15,0.20,2012,LEGO Brand Store
Sacramento-1,0,41,0.00,2008,LEGO Brand Store
CostaMesa-1,0,3,0.00,2011,LEGO Brand Store
Pleasanton-1,3,15,0.20,2011,LEGO Brand Store
Sheffield-1,0,14,0.00,2012,LEGO Brand Store
KingofPrussia-1,0,26,0.00,2008,LEGO Brand Store
Houston-1,0,35,0.00,2008,LEGO Brand Store
MissionViejo-1,3,13,0.23,2011,LEGO Brand Store
40165-1,0,50,0.00,2016,LEGO Brand Store
OklahomaCity-1,0,29,0.00,2009,LEGO Brand Store
Toronto-1,0,3,0.00,2011,LEGO Brand Store
Edmonton-1,0,3,0.00,2013,LEGO Brand Store
Minneapolis-2,0,43,0.00,2010,LEGO Brand Store
Sunrise-1,3,15,0.20,2011,LEGO Brand Store
Saarbrucken-1,0,16,0.00,2012,LEGO Brand Store
Concord-1,0,32,0.00,2009,LEGO Brand Store
LoneTree-1,3,15,0.20,2011,LEGO Brand Store
6737-1,3,57,0.05,2002,Island Xtreme Stunts
6734-1,2,40,0.05,2002,Island Xtreme Stunts
6731-1,0,12,0.00,2002,Island Xtreme Stunts
6740-1,5,171,0.03,2002,Island Xtreme Stunts
6739-1,1,88,0.01,2002,Island Xtreme Stunts
3388-1,0,4,0.00,2003,Island Xtreme Stunts
6732-1,1,17,0.06,2002,Island Xtreme Stunts
6738-1,2,61,0.03,2002,Island Xtreme Stunts
3386-1,0,4,0.00,2003,Island Xtreme Stunts
3387-1,0,4,0.00,2003,Island Xtreme Stunts
6736-1,4,58,0.07,2002,Island Xtreme Stunts
6733-1,0,14,0.00,2002,Island Xtreme Stunts
6735-1,3,58,0.05,2002,Island Xtreme Stunts
4095-1,2,105,0.02,2003,Inventor
4094-1,3,100,0.03,2003,Inventor
4093-1,3,127,0.02,2003,Inventor
4090-1,1,95,0.01,2003,Inventor
295-1,0,24,0.00,1974,Homemaker
292-1,0,16,0.00,1973,Homemaker
270-2,0,16,0.00,1973,Homemaker
278-1,0,39,0.00,1978,Homemaker
294-1,0,24,0.00,1974,Homemaker
263-1,0,48,0.00,1974,Homemaker
260-3,0,34,0.00,1971,Homemaker
265-1,0,33,0.00,1974,Homemaker
266-1,0,36,0.00,1974,Homemaker
290-2,0,11,0.00,1973,Homemaker
268-1,2,82,0.02,1979,Homemaker
275-1,0,9,0.00,1974,Homemaker
261-1,1,61,0.02,1979,Homemaker
262-2,0,36,0.00,1972,Homemaker
291-1,0,17,0.00,1973,Homemaker
231-1,0,85,0.00,1978,Homemaker
296-1,0,51,0.00,1977,Homemaker
274-1,0,15,0.00,1974,Homemaker
277-1,0,34,0.00,1977,Homemaker
5235-2,0,70,0.00,1982,Homemaker
297-1,1,59,0.02,1978,Homemaker
5233-1,0,63,0.00,1980,Homemaker
232-1,0,101,0.00,1978,Homemaker
269-1,0,86,0.00,1979,Homemaker
264-1,0,60,0.00,1974,Homemaker
272-1,0,15,0.00,1973,Homemaker
271-1,0,15,0.00,1973,Homemaker
276-1,0,35,0.00,1977,Homemaker
261-4,0,35,0.00,1971,Homemaker
273-1,0,11,0.00,1973,Homemaker
293-1,0,24,0.00,1973,Homemaker
230-1,3,83,0.04,1978,Homemaker
390-2,0,39,0.00,1975,Hobby Sets
308-1,6,9,0.67,1979,Hobby Sets
391-1,0,48,0.00,1975,Hobby Sets
394-1,0,49,0.00,1976,Hobby Sets
396-1,0,75,0.00,1976,Hobby Sets
392-1,0,45,0.00,1975,Hobby Sets
398-1,2,102,0.02,1978,Hobby Sets
309-1,3,5,0.60,1979,Hobby Sets
395-1,0,51,0.00,1976,Hobby Sets
393-1,0,46,0.00,1976,Hobby Sets
4306-1,13,14,0.93,1980,Hobby Sets
10021-1,1,101,0.01,2003,Hobby Sets
7156-1,1,21,0.05,2010,Villains
2231-1,1,18,0.06,2011,Villains
6229-1,1,22,0.05,2012,Villains
6222-1,1,29,0.03,2012,Villains
40117-1,0,14,0.00,2014,Villains
44011-1,1,33,0.03,2013,Villains
6231-1,0,63,0.00,2012,Villains
44005-1,2,37,0.05,2013,Villains
2283-1,1,53,0.02,2011,Villains
2235-1,1,48,0.02,2011,Villains
2232-1,2,27,0.07,2011,Villains
6201-1,1,22,0.05,2012,Villains
2194-1,1,37,0.03,2011,Villains
6218-1,3,36,0.08,2012,Villains
44013-1,1,25,0.04,2013,Villains
7148-1,1,31,0.03,2010,Villains
2193-1,1,23,0.04,2011,Villains
6228-1,0,26,0.00,2012,Villains
6216-1,1,30,0.03,2012,Villains
7157-1,2,29,0.07,2010,Villains
2192-1,2,33,0.06,2011,Villains
7147-1,3,28,0.11,2010,Villains
6283-1,0,31,0.00,2012,Villains
6203-1,1,53,0.02,2012,Villains
44003-1,1,26,0.04,2013,Villains
44009-1,2,57,0.04,2013,Villains
44001-1,2,31,0.06,2013,Villains
2233-1,4,27,0.15,2011,Villains
44007-1,1,27,0.04,2013,Villains
2236-1,1,33,0.03,2011,Villains
7145-1,2,59,0.03,2010,Villains
7162-1,0,56,0.00,2010,Villains
7158-1,0,55,0.00,2010,Vehicles
7160-1,0,92,0.00,2010,Vehicles
7165-1,1,11,0.09,2010,Heroes
2182-1,2,16,0.13,2011,Heroes
44025-1,1,57,0.02,2014,Heroes
7170-2,1,11,0.09,2010,Heroes
6282-1,2,29,0.07,2012,Heroes
2145-1,2,18,0.11,2011,Heroes
44023-1,0,36,0.00,2014,Heroes
44004-1,1,32,0.03,2013,Heroes
7168-1,0,11,0.00,2010,Heroes
7179-1,0,47,0.00,2010,Heroes
2063-1,2,22,0.09,2011,Heroes
2191-1,2,16,0.13,2011,Heroes
6293-1,1,35,0.03,2012,Heroes
7164-1,2,11,0.18,2010,Heroes
2143-1,0,18,0.00,2011,Heroes
44008-1,2,40,0.05,2013,Heroes
44028-1,1,75,0.01,2014,Heroes
6217-1,2,29,0.07,2012,Heroes
6227-1,1,32,0.03,2012,Heroes
6200-2,2,24,0.08,2012,Heroes
6223-1,1,37,0.03,2012,Heroes
6202-2,2,35,0.06,2012,Heroes
44014-1,0,82,0.00,2013,Heroes
2142-1,2,17,0.12,2011,Heroes
7169-1,0,11,0.00,2010,Heroes
2065-1,2,18,0.11,2011,Heroes
44006-1,1,25,0.04,2013,Heroes
6230-1,1,42,0.02,2012,Heroes
44002-1,0,30,0.00,2013,Heroes
2068-1,2,18,0.11,2011,Heroes
6221-1,2,26,0.08,2012,Heroes
7167-1,0,11,0.00,2010,Heroes
44012-1,1,31,0.03,2013,Heroes
2141-1,2,21,0.10,2011,Heroes
44010-1,2,39,0.05,2013,Heroes
44027-1,1,59,0.02,2014,Heroes
2144-1,2,16,0.13,2011,Heroes
44000-1,3,48,0.06,2013,Heroes
2183-1,2,17,0.12,2011,Heroes
2282-1,0,53,0.00,2011,Heroes
2067-1,2,21,0.10,2011,Heroes
44024-1,1,31,0.03,2014,Hero Factory
44029-1,1,80,0.01,2014,Hero Factory
4648933-1,0,3,0.00,2011,Hero Factory
44019-1,0,45,0.00,2014,Hero Factory
44018-1,1,40,0.03,2014,Hero Factory
44021-1,3,51,0.06,2014,Hero Factory
44016-1,2,27,0.07,2014,Hero Factory
40084-1,0,9,0.00,2013,Hero Factory
40116-1,0,22,0.00,2014,Hero Factory
4659607-1,0,3,0.00,2012,Hero Factory
44015-1,0,35,0.00,2014,Hero Factory
44020-1,2,41,0.05,2014,Hero Factory
44026-1,1,40,0.03,2014,Hero Factory
44017-1,1,52,0.02,2014,Hero Factory
44022-1,0,63,0.00,2014,Hero Factory
3027-1,0,121,0.00,1998,Freestyle
4133-1,0,47,0.00,1995,Freestyle
4258-1,1,127,0.01,1998,Freestyle
4157-1,0,21,0.00,1997,Freestyle
1839-1,0,13,0.00,1995,Freestyle
2186-1,0,38,0.00,1997,Freestyle
2187-1,0,33,0.00,1997,Freestyle
4131-1,0,34,0.00,1995,Freestyle
3226-1,0,105,0.00,1998,Freestyle
4161-1,5,98,0.05,1995,Freestyle
3761-1,0,137,0.00,1998,Freestyle
4139-1,1,56,0.02,1997,Freestyle
3760-1,0,120,0.00,1998,Freestyle
4137-1,2,49,0.04,1997,Freestyle
4267-1,0,115,0.00,1998,Freestyle
1860-1,0,20,0.00,1995,Freestyle
4144-1,3,43,0.07,1995,Freestyle
4152-1,0,118,0.00,1995,Freestyle
4254-1,0,108,0.00,1998,Freestyle
1838-1,0,12,0.00,1995,Freestyle
4158-1,0,61,0.00,1997,Freestyle
1796-1,0,155,0.00,1996,Freestyle
2146-1,0,126,0.00,1996,Freestyle
4147-1,0,55,0.00,1996,Freestyle
4150-1,0,44,0.00,1995,Freestyle
4163-1,1,117,0.01,1995,Freestyle
4244-1,0,69,0.00,1998,Freestyle
4134-1,0,61,0.00,1995,Freestyle
4128-1,0,135,0.00,1997,Freestyle
4142-1,0,35,0.00,1995,Freestyle
1870-1,0,20,0.00,1995,Freestyle
4151-1,1,80,0.01,1995,Freestyle
1766-1,0,45,0.00,1995,Freestyle
4132-1,0,42,0.00,1995,Freestyle
4280-1,0,19,0.00,1998,Freestyle
3234-1,0,21,0.00,1998,Freestyle
1850-1,0,12,0.00,1995,Freestyle
3233-1,0,17,0.00,1998,Freestyle
3028-1,0,138,0.00,1998,Freestyle
1719-1,0,59,0.00,1995,Freestyle
4143-1,0,57,0.00,1995,Freestyle
1846-1,0,16,0.00,1996,Freestyle
4146-1,0,73,0.00,1995,Freestyle
1837-1,0,7,0.00,1995,Freestyle
1836-1,0,6,0.00,1995,Freestyle
4162-1,2,134,0.01,1995,Freestyle
4274-1,0,128,0.00,1998,Freestyle
4130-1,0,19,0.00,1995,Freestyle
4135-1,0,44,0.00,1996,Freestyle
4153-1,0,150,0.00,1995,Freestyle
2188-1,0,35,0.00,1997,Freestyle
1847-1,0,19,0.00,1996,Freestyle
4145-1,0,70,0.00,1995,Freestyle
1868-1,0,58,0.00,1996,Freestyle
3888-1,0,45,0.00,1998,Freestyle
4232-1,0,18,0.00,1998,Freestyle
4055-1,0,115,0.00,1997,Freestyle
1840-1,0,15,0.00,1995,Freestyle
1863-1,0,7,0.00,1995,Freestyle
4271-1,0,70,0.00,1998,Freestyle
4239-1,0,19,0.00,1998,Freestyle
9664-1,0,261,0.00,2013,FIRST LEGO League
2000421-1,1,25,0.04,2013,FIRST LEGO League
9699-1,2,230,0.01,2008,FIRST LEGO League
9657-1,0,227,0.00,2012,FIRST LEGO League
9761-1,1,126,0.01,2004,FIRST LEGO League
9764-1,1,293,0.00,2007,FIRST LEGO League
9697-1,0,313,0.00,2011,FIRST LEGO League
45800-1,0,336,0.00,2014,FIRST LEGO League
9784-1,0,83,0.00,2001,FIRST LEGO League
9698-1,1,112,0.01,2009,FIRST LEGO League
9696-1,0,230,0.00,2010,FIRST LEGO League
2000422-1,1,24,0.04,2013,FIRST LEGO League
45802-1,0,424,0.00,2016,FIRST LEGO League
9762-1,1,198,0.01,2005,FIRST LEGO League
9763-1,0,219,0.00,2006,FIRST LEGO League
9789-2,0,140,0.00,2002,FIRST LEGO League
2000423-1,0,23,0.00,2013,FIRST LEGO League
45801-1,0,335,0.00,2015,FIRST LEGO League
610-1,0,12,0.00,1973,Factory
699-1,0,51,0.00,1977,Factory
617-1,0,22,0.00,1976,Factory
385-1,0,25,0.00,1976,Factory
760-2,0,28,0.00,1975,Factory
683-1,0,22,0.00,1971,Factory
384-1,0,28,0.00,1973,Factory
382-1,0,37,0.00,1973,Factory
10183-1,0,173,0.00,2007,Factory
491-1,0,25,0.00,1977,Factory
375-3,2,36,0.06,1971,Factory
694-1,0,28,0.00,1975,Factory
379-2,0,31,0.00,1972,Factory
685-1,0,17,0.00,1972,Factory
711-1,0,25,0.00,1977,Factory
619-1,0,15,0.00,1977,Factory
605-2,1,10,0.10,1971,Factory
378-1,1,25,0.04,1972,Factory
695-1,0,26,0.00,1976,Factory
10191-1,0,181,0.00,2008,Factory
650-1,0,24,0.00,1972,Factory
697-1,0,30,0.00,1976,Factory
372-1,0,59,0.00,1977,Factory
365-1,1,104,0.01,1975,Factory
660-1,0,21,0.00,1975,Factory
5524-1,0,125,0.00,2005,Factory
685-2,0,17,0.00,1972,Factory
651-1,0,19,0.00,1972,Factory
372-2,0,30,0.00,1971,Factory
10192-1,1,155,0.01,2008,Factory
5525-1,0,240,0.00,2005,Factory
601-2,0,13,0.00,1970,Factory
664-1,0,30,0.00,1977,Factory
645-2,0,17,0.00,1971,Factory
5526-1,0,219,0.00,2005,Factory
646-2,0,24,0.00,1971,Factory
623-2,0,16,0.00,1970,Factory
710-1,0,37,0.00,1973,Factory
10200-1,1,260,0.00,2008,Factory
603-3,0,14,0.00,1970,Factory
696-1,0,29,0.00,1976,Factory
3643-1,0,11,0.00,1985,Police
3789-1,0,7,0.00,1984,Police
3664-1,1,24,0.04,1984,Police
3794-1,0,11,0.00,1985,Police
3639-1,0,11,0.00,1984,Police
3642-1,1,12,0.08,1985,Fire
3797-1,0,8,0.00,1987,Fire
3638-1,0,13,0.00,1983,Fire
3682-1,2,58,0.03,1987,Fire
3671-1,3,34,0.09,1984,Airport
3630-1,0,9,0.00,1984,Airport
3625-1,0,9,0.00,1985,Airport
3622-1,1,11,0.09,1988,Harbor
3633-1,1,13,0.08,1986,Harbor
3673-1,4,25,0.16,1985,Harbor
3603-1,0,4,0.00,1981,Post Office
3793-1,0,10,0.00,1985,Post Office
3786-1,0,7,0.00,1982,Post Office
347-3,1,29,0.03,1979,Hospital
137-1,0,29,0.00,1979,Hospital
3798-1,0,16,0.00,1988,Fabuland
3604-1,2,4,0.50,1980,Fabuland
3710-1,1,3,0.33,1983,Fabuland
3792-1,0,12,0.00,1985,Fabuland
3624-1,0,16,0.00,1985,Fabuland
3672-1,0,29,0.00,1982,Fabuland
3796-1,2,15,0.13,1986,Fabuland
325-2,0,4,0.00,1979,Fabuland
3711-1,1,4,0.25,1984,Fabuland
350-3,0,43,0.00,1979,Fabuland
324-1,0,2,0.00,1979,Fabuland
3637-1,3,14,0.21,1983,Fabuland
3782-1,1,5,0.20,1982,Fabuland
3716-1,0,6,0.00,1985,Fabuland
3647-1,1,20,0.05,1989,Fabuland
3646-1,6,28,0.21,1988,Fabuland
3683-1,3,55,0.05,1988,Fabuland
140-1,0,44,0.00,1979,Fabuland
3660-1,2,20,0.10,1985,Fabuland
3635-1,0,21,0.00,1981,Fabuland
328-1,0,12,0.00,1979,Fabuland
3623-1,3,18,0.17,1988,Fabuland
3667-1,1,29,0.03,1982,Fabuland
3715-1,0,12,0.00,1985,Fabuland
3641-1,0,18,0.00,1985,Fabuland
3629-1,1,12,0.08,1981,Fabuland
3718-1,0,5,0.00,1986,Fabuland
3719-1,0,5,0.00,1987,Fabuland
3713-1,3,6,0.50,1984,Fabuland
3701-1,1,3,0.33,1982,Fabuland
3654-1,0,22,0.00,1982,Fabuland
3668-1,2,32,0.06,1986,Fabuland
3605-1,0,2,0.00,1980,Fabuland
132-1,0,26,0.00,1979,Fabuland
3663-1,0,19,0.00,1989,Fabuland
3659-1,0,16,0.00,1987,Fabuland
3676-1,0,33,0.00,1989,Fabuland
3788-1,0,10,0.00,1983,Fabuland
3721-1,0,5,0.00,1988,Fabuland
3791-1,1,7,0.14,1984,Fabuland
3708-1,1,3,0.33,1982,Fabuland
3636-1,3,17,0.18,1987,Fabuland
3714-1,2,4,0.50,1985,Fabuland
3601-1,1,6,0.17,1981,Fabuland
3781-1,0,5,0.00,1982,Fabuland
3628-1,2,5,0.40,1981,Fabuland
3675-1,8,62,0.13,1987,Fabuland
3615-1,0,4,0.00,1981,Fabuland
341-2,0,26,0.00,1979,Fabuland
3670-1,1,30,0.03,1984,Fabuland
3678-1,1,44,0.02,1982,Fabuland
3706-1,1,3,0.33,1982,Fabuland
3665-1,2,18,0.11,1980,Fabuland
3709-1,1,3,0.33,1983,Fabuland
134-2,0,22,0.00,1979,Fabuland
3704-1,2,3,0.67,1982,Fabuland
128-1,2,16,0.13,1979,Fabuland
344-2,0,22,0.00,1979,Fabuland
3634-1,3,15,0.20,1980,Fabuland
3669-1,5,24,0.21,1982,Fabuland
3703-1,1,3,0.33,1982,Fabuland
3784-1,2,5,0.40,1982,Fabuland
338-2,2,16,0.13,1979,Fabuland
3680-1,3,19,0.16,1988,Fabuland
3627-1,0,13,0.00,1983,Fabuland
3679-1,4,36,0.11,1986,Fabuland
3712-1,1,5,0.20,1984,Fabuland
3662-1,2,25,0.08,1987,Fabuland
3666-1,1,19,0.05,1982,Fabuland
121-1,0,12,0.00,1979,Fabuland
3644-1,0,11,0.00,1986,Fabuland
3795-1,0,14,0.00,1985,Fabuland
3787-1,1,10,0.10,1983,Fabuland
3707-1,0,3,0.00,1982,Fabuland
3717-1,1,7,0.14,1985,Fabuland
329-2,1,16,0.06,1979,Fabuland
3631-1,0,14,0.00,1985,Fabuland
3681-1,2,56,0.04,1985,Fabuland
3674-1,1,31,0.03,1987,Fabuland
3645-1,0,15,0.00,1987,Fabuland
1516-1,1,14,0.07,1987,Fabuland
3626-1,1,12,0.08,1983,Fabuland
3602-1,1,4,0.25,1980,Fabuland
8103-1,3,72,0.04,2007,Exo-Force
8104-1,1,79,0.01,2007,Exo-Force
8112-1,0,61,0.00,2008,Exo-Force
7709-1,1,310,0.00,2006,Exo-Force
8113-1,3,87,0.03,2008,Exo-Force
3885-1,0,16,0.00,2007,Exo-Force
7705-1,0,152,0.00,2006,Exo-Force
7713-1,1,152,0.01,2006,Exo-Force
8100-1,2,53,0.04,2007,Exo-Force
7714-1,2,94,0.02,2007,Exo-Force
7704-1,0,88,0.00,2006,Exo-Force
8117-1,2,73,0.03,2008,Exo-Force
7721-1,2,174,0.01,2007,Exo-Force
8115-1,1,76,0.01,2008,Exo-Force
3872-1,0,24,0.00,2007,Exo-Force
3870-1,0,22,0.00,2007,Exo-Force
8102-1,3,83,0.04,2007,Exo-Force
8108-1,0,200,0.00,2007,Exo-Force
8105-1,2,65,0.03,2007,Exo-Force
5967-1,0,17,0.00,2006,Exo-Force
7708-1,1,42,0.02,2006,Exo-Force
3885-2,0,16,0.00,2007,Exo-Force
7707-1,1,106,0.01,2006,Exo-Force
7712-1,0,107,0.00,2006,Exo-Force
8114-1,2,87,0.02,2008,Exo-Force
8111-1,2,68,0.03,2008,Exo-Force
3886-1,0,16,0.00,2007,Exo-Force
7700-1,1,91,0.01,2006,Exo-Force
3886-2,0,16,0.00,2007,Exo-Force
7706-1,0,97,0.00,2006,Exo-Force
3871-1,0,15,0.00,2007,Exo-Force
7711-1,0,40,0.00,2006,Exo-Force
7701-1,1,96,0.01,2006,Exo-Force
8107-1,4,161,0.02,2007,Exo-Force
8101-1,1,50,0.02,2007,Exo-Force
8118-1,2,138,0.01,2008,Exo-Force
7703-1,0,98,0.00,2006,Exo-Force
8106-1,2,113,0.02,2007,Exo-Force
5966-1,0,19,0.00,2006,Exo-Force
7702-1,2,86,0.02,2006,Exo-Force
5965-1,0,15,0.00,2006,Exo-Force
4166-1,2,50,0.04,2000,Disney's Mickey Mouse
4167-1,1,60,0.02,2000,Disney's Mickey Mouse
4164-1,2,20,0.10,2000,Disney's Mickey Mouse
3774-1,1,8,0.13,2005,Disney's Mickey Mouse
4178-1,0,58,0.00,2000,Disney's Mickey Mouse
4165-1,3,52,0.06,2000,Disney's Mickey Mouse
7468-1,3,77,0.04,2003,Discovery
10029-1,2,133,0.02,2003,Discovery
7470-1,2,197,0.01,2003,Discovery
7467-1,2,70,0.03,2003,Discovery
7469-1,2,142,0.01,2003,Discovery
7471-1,3,118,0.03,2003,Discovery
5951-1,0,15,0.00,2001,Dinosaurs
6722-1,5,11,0.45,2001,Dinosaurs
7003-1,0,14,0.00,2001,Dinosaurs
6721-1,4,18,0.22,2001,Dinosaurs
6719-1,4,15,0.27,2001,Dinosaurs
5952-1,0,14,0.00,2001,Dinosaurs
7001-1,0,15,0.00,2001,Dinosaurs
5953-1,0,13,0.00,2001,Dinosaurs
6720-1,4,17,0.24,2001,Dinosaurs
5950-1,0,14,0.00,2001,Dinosaurs
7000-1,0,16,0.00,2001,Dinosaurs
7002-1,0,14,0.00,2001,Dinosaurs
7475-1,0,97,0.00,2005,Dino Attack
7476-1,1,108,0.01,2005,Dino Attack
7474-1,0,48,0.00,2005,Dino Attack
7473-1,0,31,0.00,2005,Dino Attack
7477-1,0,209,0.00,2005,Dino Attack
7297-1,1,115,0.01,2005,Dino 2010
7295-1,0,47,0.00,2005,Dino 2010
7296-1,0,105,0.00,2005,Dino 2010
7298-1,3,234,0.01,2005,Dino 2010
7294-1,0,28,0.00,2005,Dino 2010
334-1,0,27,0.00,1967,Cargo
333-2,0,32,0.00,1967,Cargo
335-2,1,32,0.03,1967,Cargo
337-2,0,42,0.00,1969,Construction
331-1,0,26,0.00,1967,Construction
323-1,0,38,0.00,1964,Train
314-2,0,7,0.00,1963,Supplemental
332-1,0,25,0.00,1967,Traffic
329-1,0,27,0.00,1967,Traffic
330-3,0,16,0.00,1968,Traffic
313-1,0,30,0.00,1966,Traffic
315-3,0,12,0.00,1963,Traffic
319-1,0,21,0.00,1965,Traffic
317-1,0,31,0.00,1963,Traffic
312-4,0,20,0.00,1961,Harbor
343-1,3,26,0.12,1968,Harbor
305-2,0,27,0.00,1964,Fire
336-1,1,34,0.03,1968,Fire
304-2,0,25,0.00,1964,Farm
316-2,0,20,0.00,1963,Farm
328-2,0,17,0.00,1967,Airport
311-4,0,23,0.00,1961,Airport
320-2,0,28,0.00,1965,Airport
303-2,0,11,0.00,1964,Airport
310-5,0,29,0.00,1958,Town Plan
1271-2,0,6,0.00,1956,Town Plan
271-2,0,6,0.00,1958,Town Plan
1306-1,0,16,0.00,1957,Town Plan
1307-1,0,15,0.00,1957,Town Plan
213-2,0,8,0.00,1958,Town Plan
700GP0-1,3,40,0.08,1957,Town Plan
236-1,0,12,0.00,1956,Town Plan
810-4,3,83,0.04,1962,Town Plan
810-2,0,83,0.00,1961,Town Plan
236-3,1,11,0.09,1968,Town Plan
1309-1,0,18,0.00,1957,Town Plan
1200-1,1,1,1.00,1955,Town Plan
210-2,1,9,0.11,1958,Town Plan
1213-2,0,11,0.00,1955,Town Plan
1236-2,1,11,0.09,1955,Town Plan
700GP5-1,0,16,0.00,1954,Town Plan
200-5,1,1,1.00,1962,Town Plan
236-2,1,14,0.07,1957,Town Plan
308-3,1,17,0.06,1958,Town Plan
200M-1,0,1,0.00,1957,Town Plan
200A-1,0,1,0.00,1957,Town Plan
309-2,0,18,0.00,1958,Town Plan
700GP6-2,0,15,0.00,1957,Town Plan
1310-1,0,30,0.00,1956,Town Plan
1200-2,0,1,0.00,1956,Town Plan
1211-2,0,9,0.00,1955,Town Plan
306-2,0,16,0.00,1958,Town Plan
200-3,0,1,0.00,1957,Town Plan
212-1,0,8,0.00,1958,Town Plan
1308-1,1,17,0.06,1957,Town Plan
1210-2,0,9,0.00,1955,Town Plan
211-2,0,9,0.00,1958,Town Plan
200-4,0,1,0.00,1959,Town Plan
307-2,0,16,0.00,1958,Town Plan
700GP6-1,0,15,0.00,1954,Town Plan
1212-2,0,9,0.00,1955,Town Plan
1200M-1,0,1,0.00,1957,Town Plan
903-1,0,4,0.00,1969,Supplemental
221-2,0,6,0.00,1958,Supplemental
245-1,0,3,0.00,1958,Supplemental
915-1,0,6,0.00,1969,Supplemental
418-2,0,6,0.00,1966,Supplemental
215-2,0,5,0.00,1958,Supplemental
280-1,0,2,0.00,1958,Supplemental
451-1,0,2,0.00,1966,Supplemental
214.4-1,0,2,0.00,1961,Supplemental
481-5,0,9,0.00,1966,Supplemental
493-2,0,8,0.00,1966,Supplemental
433-1,0,1,0.00,1966,Supplemental
980-1,0,4,0.00,1969,Supplemental
456-2,0,2,0.00,1966,Supplemental
232-2,5,21,0.24,1958,Supplemental
1220-2,0,4,0.00,1955,Supplemental
242.2-1,0,6,0.00,1963,Supplemental
283-2,0,5,0.00,1957,Supplemental
902-1,0,1,0.00,1969,Supplemental
481-6,0,9,0.00,1966,Supplemental
464-1,0,1,0.00,1966,Supplemental
520-5,0,1,0.00,1963,Supplemental
981-1,0,9,0.00,1969,Supplemental
483-4,0,5,0.00,1966,Supplemental
1228-2,0,3,0.00,1956,Supplemental
459-1,0,2,0.00,1966,Supplemental
971-1,0,18,0.00,1969,Supplemental
280-2,0,2,0.00,1958,Supplemental
414-6,0,10,0.00,1966,Supplemental
434-1,0,26,0.00,1966,Supplemental
981-2,0,9,0.00,1969,Supplemental
214.3-1,0,2,0.00,1961,Supplemental
242-2,0,1,0.00,1958,Supplemental
214-2,0,10,0.00,1958,Supplemental
700.C.1-1,0,4,0.00,1954,Supplemental
242A-1,0,5,0.00,1961,Supplemental
918-blue-2,0,1,0.00,1969,Supplemental
401-3,0,4,0.00,1964,Supplemental
987-1,12,14,0.86,1969,Supplemental
235-1,0,3,0.00,1958,Supplemental
494-1,0,3,0.00,1967,Supplemental
901-2,0,4,0.00,1969,Supplemental
989-1,1,9,0.11,1969,Supplemental
428-1,0,1,0.00,1966,Supplemental
520-8,0,1,0.00,1962,Supplemental
1219-2,0,4,0.00,1955,Supplemental
233-1,0,1,0.00,1958,Supplemental
980-2,0,4,0.00,1969,Supplemental
994-1,0,3,0.00,1969,Supplemental
220-1,0,6,0.00,1958,Supplemental
494-2,0,3,0.00,1967,Supplemental
214.8-1,0,2,0.00,1961,Supplemental
1215-2,0,8,0.00,1955,Supplemental
421-1,0,6,0.00,1966,Supplemental
415-1,0,8,0.00,1966,Supplemental
214.5-1,0,2,0.00,1961,Supplemental
964-1,0,3,0.00,1969,Supplemental
452-2,0,2,0.00,1966,Supplemental
700.28-1,5,5,1.00,1954,Supplemental
417-3,0,4,0.00,1966,Supplemental
700-1,0,6,0.00,1966,Supplemental
799-1,1,1,1.00,1964,Supplemental
919-1,0,18,0.00,1969,Supplemental
520-4,0,1,0.00,1963,Supplemental
700.24-1,3,3,1.00,1954,Supplemental
922-1,0,10,0.00,1969,Supplemental
914-2,0,10,0.00,1969,Supplemental
1235-2,0,3,0.00,1955,Supplemental
416-1,0,8,0.00,1966,Supplemental
480-6,0,4,0.00,1966,Supplemental
420-3,0,6,0.00,1966,Supplemental
1242-2,0,5,0.00,1957,Supplemental
488-1,6,32,0.19,1966,Supplemental
918-2,0,6,0.00,1969,Supplemental
455-2,0,2,0.00,1966,Supplemental
242I-1,0,5,0.00,1958,Supplemental
471-1,0,18,0.00,1966,Supplemental
1222-2,0,5,0.00,1955,Supplemental
228-1,0,2,0.00,1958,Supplemental
230-2,0,6,0.00,1958,Supplemental
700.3.4-1,0,5,0.00,1953,Supplemental
483-5,0,5,0.00,1966,Supplemental
485-2,0,4,0.00,1966,Supplemental
445-2,0,3,0.00,1966,Supplemental
700.C-1,0,22,0.00,1954,Supplemental
214.6-1,0,2,0.00,1961,Supplemental
700.B.2-1,0,5,0.00,1950,Supplemental
1247-2,2,4,0.50,1955,Supplemental
918-white-2,0,1,0.00,1969,Supplemental
402-3,0,1,0.00,1966,Supplemental
520-2,0,1,0.00,1962,Supplemental
222-2,0,6,0.00,1958,Supplemental
437-1,0,10,0.00,1966,Supplemental
520-6,0,1,0.00,1963,Supplemental
482-4,0,2,0.00,1966,Supplemental
1216-2,0,4,0.00,1955,Supplemental
462-2,0,1,0.00,1966,Supplemental
700.B.3-1,0,5,0.00,1950,Supplemental
1225-2,0,8,0.00,1955,Supplemental
223-2,0,6,0.00,1958,Supplemental
1231-2,0,10,0.00,1956,Supplemental
214.10-1,0,2,0.00,1961,Supplemental
454-2,0,2,0.00,1966,Supplemental
226-1,6,8,0.75,1958,Supplemental
422-1,0,5,0.00,1966,Supplemental
492-2,0,8,0.00,1966,Supplemental
700.C.4-1,0,3,0.00,1954,Supplemental
490-2,0,6,0.00,1966,Supplemental
480-7,0,4,0.00,1966,Supplemental
281-1,0,4,0.00,1959,Supplemental
986-1,1,1,1.00,1969,Supplemental
482-3,0,2,0.00,1966,Supplemental
510-2,0,18,0.00,1965,Supplemental
429-1,0,1,0.00,1966,Supplemental
988-1,33,33,1.00,1969,Supplemental
282-2,0,2,0.00,1958,Supplemental
700.B.1-1,0,5,0.00,1950,Supplemental
427-1,0,1,0.00,1966,Supplemental
231-2,0,2,0.00,1956,Supplemental
283-1,0,5,0.00,1957,Supplemental
922-2,0,10,0.00,1969,Supplemental
480-4,0,2,0.00,1966,Supplemental
400-4,0,5,0.00,1963,Supplemental
1218-2,0,4,0.00,1955,Supplemental
282-1,0,2,0.00,1958,Supplemental
237-1,0,10,0.00,1960,Supplemental
224-3,0,6,0.00,1958,Supplemental
420-4,0,6,0.00,1966,Supplemental
242-1,0,5,0.00,1958,Supplemental
918-yellow-2,0,1,0.00,1969,Supplemental
491-2,3,12,0.25,1966,Supplemental
1217-2,0,4,0.00,1955,Supplemental
700.C.5-1,0,4,0.00,1954,Supplemental
1224-2,3,8,0.38,1955,Supplemental
445A-1,0,4,0.00,1970,Supplemental
1231-3,0,10,0.00,1956,Supplemental
1224.1-1,4,8,0.50,1955,Supplemental
1223-3,0,5,0.00,1957,Supplemental
700.20-1,5,5,1.00,1954,Supplemental
1240-2,0,8,0.00,1955,Supplemental
900-2,0,5,0.00,1969,Supplemental
214.2-1,0,2,0.00,1961,Supplemental
403-3,0,4,0.00,1966,Supplemental
409-1,0,30,0.00,1965,Supplemental
700.B.4-1,0,5,0.00,1950,Supplemental
1245-2,0,3,0.00,1957,Supplemental
1248-2,3,6,0.50,1955,Supplemental
217-2,0,5,0.00,1958,Supplemental
520-7,0,1,0.00,1963,Supplemental
481-4,0,4,0.00,1966,Supplemental
489-1,14,14,1.00,1966,Supplemental
922-3,0,10,0.00,1969,Supplemental
229-1,0,2,0.00,1958,Supplemental
923-1,0,12,0.00,1969,Supplemental
402-2,0,2,0.00,1964,Supplemental
970-2,0,30,0.00,1969,Supplemental
995-1,3,10,0.30,1969,Supplemental
700.1.4-1,0,1,0.00,1953,Supplemental
218-2,0,6,0.00,1958,Supplemental
426-1,7,7,1.00,1966,Supplemental
914-1,0,10,0.00,1969,Supplemental
235-2,2,4,0.50,1968,Supplemental
700.C.3-1,0,4,0.00,1954,Supplemental
214.7-1,0,2,0.00,1961,Supplemental
1242D-1,0,1,0.00,1957,Supplemental
700.F-1,0,8,0.00,1953,Supplemental
1223-2,0,5,0.00,1955,Supplemental
229.1-1,0,1,0.00,1962,Supplemental
918-black-2,0,1,0.00,1969,Supplemental
242.1-1,0,6,0.00,1963,Supplemental
700.1.1-1,0,10,0.00,1950,Supplemental
463-1,0,1,0.00,1966,Supplemental
242.3-1,0,6,0.00,1963,Supplemental
432-1,1,8,0.13,1966,Supplemental
985-1,0,4,0.00,1969,Supplemental
850888-1,0,32,0.00,2014,Supplemental
404-4,0,4,0.00,1967,Supplemental
453-2,0,2,0.00,1966,Supplemental
1233-2,0,1,0.00,1958,Supplemental
400-3,0,5,0.00,1966,Supplemental
509-1,0,30,0.00,1965,Supplemental
481-3,0,4,0.00,1966,Supplemental
423-3,0,12,0.00,1966,Supplemental
1230-2,5,7,0.71,1955,Supplemental
435-2,1,3,0.33,1966,Supplemental
403-2,0,4,0.00,1967,Supplemental
700.1.2-1,0,9,0.00,1950,Supplemental
419-3,0,6,0.00,1966,Supplemental
1214-2,0,22,0.00,1955,Supplemental
520-1,0,1,0.00,1962,Supplemental
487-2,0,10,0.00,1966,Supplemental
458-1,2,2,1.00,1966,Supplemental
518-1,0,8,0.00,1962,Supplemental
700.C.6-1,0,3,0.00,1954,Supplemental
224-1,0,5,0.00,1956,Supplemental
1227-2,0,2,0.00,1956,Supplemental
906-1,0,11,0.00,1969,Supplemental
470-1,0,35,0.00,1966,Supplemental
214.9-1,0,2,0.00,1961,Supplemental
460-2,0,2,0.00,1966,Supplemental
700.B-1,0,4,0.00,1953,Supplemental
915-2,0,6,0.00,1969,Supplemental
1226-2,0,2,0.00,1956,Supplemental
700.16-1,5,5,1.00,1954,Supplemental
421-2,0,30,0.00,1966,Supplemental
710-2,1,1,1.00,1966,Supplemental
480-5,0,2,0.00,1966,Supplemental
1224A-1,0,6,0.00,1955,Supplemental
219-1,0,6,0.00,1958,Supplemental
242B-1,0,5,0.00,1961,Supplemental
414-5,0,10,0.00,1966,Supplemental
1241-2,0,8,0.00,1955,Supplemental
700.H-1,5,5,1.00,1954,Supplemental
418-3,0,6,0.00,1966,Supplemental
404-3,0,4,0.00,1967,Supplemental
918-red-2,0,1,0.00,1969,Supplemental
281-2,0,4,0.00,1959,Supplemental
419-2,0,6,0.00,1966,Supplemental
1221-2,0,4,0.00,1955,Supplemental
227-1,0,3,0.00,1958,Supplemental
225-1,0,12,0.00,1958,Supplemental
442A-1,0,6,0.00,1971,Supplemental
521-1,0,16,0.00,1962,Supplemental
430-2,0,6,0.00,1966,Supplemental
457-1,0,2,0.00,1966,Supplemental
519-1,0,8,0.00,1962,Supplemental
414-4,0,10,0.00,1966,Supplemental
214.1-1,0,2,0.00,1961,Supplemental
700.C.2-1,0,4,0.00,1954,Supplemental
234-1,0,26,0.00,1958,Supplemental
431-1,0,5,0.00,1966,Supplemental
417-4,0,4,0.00,1966,Supplemental
918-tclear-2,0,1,0.00,1969,Supplemental
216-1,0,5,0.00,1958,Supplemental
401-2,0,4,0.00,1966,Supplemental
520-3,0,1,0.00,1962,Supplemental
890-2,0,1,0.00,1967,Supplemental
414-3,0,10,0.00,1966,Supplemental
442B-1,0,6,0.00,1971,Supplemental
214-3,0,10,0.00,1958,Supplemental
1300-1,4,13,0.31,1955,Mosaic
502-2,0,4,0.00,1968,Jumbo Bricks
501-3,1,3,0.33,1966,Jumbo Bricks
503-2,0,4,0.00,1968,Jumbo Bricks
1260-2,0,1,0.00,1957,HO 1:87 Vehicles
326-1,0,17,0.00,1965,Building
325-3,3,25,0.12,1966,Building
318-1,0,33,0.00,1963,Building
340-3,1,14,0.07,1968,Building
342-1,1,28,0.04,1968,Building
341-1,1,19,0.05,1968,Building
322-2,0,31,0.00,1964,Building
324-2,1,23,0.04,1964,Building
080-1,4,116,0.03,1967,Basic Set
033-2,0,34,0.00,1968,Basic Set
legobricks-1,0,2,0.00,1958,Basic Set
vwkit-1,0,10,0.00,1959,Basic Set
022-1,0,22,0.00,1968,Basic Set
10695-1,0,196,0.00,2015,Basic Set
10705-1,0,257,0.00,2016,Basic Set
005-1,1,9,0.11,1965,Basic Set
055-2,0,49,0.00,1968,Basic Set
321-1,0,46,0.00,1965,Basic Set
066-1,0,56,0.00,1968,Basic Set
10692-1,0,127,0.00,2015,Basic Set
010-3,0,15,0.00,1968,Basic Set
044-1,0,41,0.00,1968,Basic Set
10693-1,0,87,0.00,2015,Basic Set
10696-1,0,184,0.00,2015,Basic Set
011-1,0,25,0.00,1968,Basic Set
10694-1,0,84,0.00,2015,Basic Set
700.A-1,0,7,0.00,1950,Basic Set
010-1,0,13,0.00,1965,Basic Set
10698-1,0,239,0.00,2015,Basic Set
10706-1,0,40,0.00,2017,Classic
10654-1,0,228,0.00,2016,Classic
10708-1,0,35,0.00,2017,Classic
10697-1,0,378,0.00,2015,Classic
10700-1,0,1,0.00,2015,Classic
10699-1,0,1,0.00,2015,Classic
10701-1,0,1,0.00,2015,Classic
10693-1-s1,0,8,0.00,2015,Classic
10704-1,0,265,0.00,2017,Classic
10709-1,0,43,0.00,2017,Classic
10702-1,0,178,0.00,2016,Classic
10703-1,0,143,0.00,2017,Classic
10707-1,2,31,0.06,2017,Classic
1561-2,0,21,0.00,1976,Building Set with People
214-1,0,30,0.00,1977,Building Set with People
195-1,0,30,0.00,1975,Building Set with People
196-1,0,35,0.00,1975,Building Set with People
330-2,0,67,0.00,1978,Building Set with People
213-1,1,26,0.04,1977,Building Set with People
258-1,1,93,0.01,1976,Building Set with People
340-2,0,47,0.00,1978,Building Set with People
211-1,0,26,0.00,1976,Building Set with People
254-1,0,38,0.00,1975,Building Set with People
190-1,0,117,0.00,1974,Building Set with People
250-3,0,30,0.00,1974,Building Set with People
197-1,0,42,0.00,1976,Building Set with People
218-1,0,47,0.00,1977,Building Set with People
208-1,1,29,0.03,1978,Building Set with People
253-2,0,23,0.00,1975,Building Set with People
256-1,0,34,0.00,1976,Building Set with People
200-1,0,34,0.00,1974,Building Set with People
255-2,0,42,0.00,1975,Building Set with People
199-1,0,25,0.00,1977,Building Set with People
192-1,0,34,0.00,1977,Building Set with People
217-1,0,59,0.00,1977,Building Set with People
198-1,0,19,0.00,1977,Building Set with People
194-1,0,38,0.00,1976,Building Set with People
205-2,1,68,0.01,1978,Building Set with People
215-1,1,30,0.03,1977,Building Set with People
212-2,0,25,0.00,1976,Building Set with People
251-1,0,26,0.00,1974,Building Set with People
252-1,0,35,0.00,1974,Building Set with People
210-1,0,19,0.00,1976,Building Set with People
310-3,0,23,0.00,1973,Boat
315-2,2,32,0.06,1976,Boat
1650-1,2,29,0.07,1974,Boat
4022-1,0,96,0.00,1996,Boat
4030-1,0,111,0.00,1987,Boat
709-1,2,27,0.07,1978,Boat
316-1,1,41,0.02,1978,Boat
4005-1,1,44,0.02,1982,Boat
311-1,0,30,0.00,1973,Boat
4031-1,1,141,0.01,1991,Boat
4011-1,1,52,0.02,1991,Boat
4020-1,0,103,0.00,1987,Boat
4025-1,0,66,0.00,1982,Boat
775-1,1,41,0.02,1978,Boat
4002-1,2,40,0.05,1996,Boat
4015-1,1,50,0.02,1982,Boat
4012-1,1,68,0.01,1996,Boat
312-3,0,32,0.00,1973,Boat
4021-1,1,96,0.01,1991,Boat
4010-1,1,49,0.02,1987,Boat
314-1,1,26,0.04,1976,Boat
70788-1,3,50,0.06,2015,Toa Okoto
70786-1,3,44,0.07,2015,Toa Okoto
70789-1,3,46,0.07,2015,Toa Okoto
70787-1,1,40,0.03,2015,Toa Okoto
70785-1,4,39,0.10,2015,Toa Okoto
70784-1,3,42,0.07,2015,Toa Okoto
70790-1,1,49,0.02,2015,Skull Spiders
70783-1,1,36,0.03,2015,Protectors
70782-1,1,37,0.03,2015,Protectors
70781-1,1,28,0.04,2015,Protectors
70779-1,2,39,0.05,2015,Protectors
70780-1,1,32,0.03,2015,Protectors
70778-1,1,35,0.03,2015,Protectors
8991-1,1,53,0.02,2009,Warriors
8698-1,1,38,0.03,2008,Warriors
8939-1,0,58,0.00,2007,Warriors
8935-1,2,42,0.05,2007,Warriors
8699-1,1,56,0.02,2008,Warriors
8953-1,0,52,0.00,2008,Warriors
8954-1,0,70,0.00,2008,Warriors
8952-1,2,39,0.05,2008,Warriors
8990-1,0,56,0.00,2009,Warriors
8998-1,0,74,0.00,2009,Warriors
8923-1,0,61,0.00,2007,Warriors
8697-1,0,52,0.00,2008,Warriors
8924-1,2,78,0.03,2007,Warriors
8940-1,1,105,0.01,2007,Warriors
8922-1,1,53,0.02,2007,Warriors
8742-1,0,29,0.00,2005,Visorak
8747-1,1,29,0.03,2005,Visorak
8743-1,2,29,0.07,2005,Visorak
8746-1,0,29,0.00,2005,Visorak
8745-1,2,29,0.07,2005,Visorak
8744-1,1,27,0.04,2005,Visorak
8619-1,0,19,0.00,2004,Vahki
8617-2,0,20,0.00,2004,Vahki
8619-2,0,20,0.00,2004,Vahki
8618-1,0,19,0.00,2004,Vahki
8614-2,0,20,0.00,2004,Vahki
8617-1,0,19,0.00,2004,Vahki
8616-2,0,20,0.00,2004,Vahki
8618-2,0,20,0.00,2004,Vahki
8616-1,0,19,0.00,2004,Vahki
8615-2,0,20,0.00,2004,Vahki
8614-1,0,19,0.00,2004,Vahki
8615-1,0,19,0.00,2004,Vahki
1419-1,0,17,0.00,2001,Turaga
1417-1,0,16,0.00,2001,Turaga
8544-1,0,17,0.00,2001,Turaga
1418-1,0,16,0.00,2001,Turaga
1420-1,0,17,0.00,2001,Turaga
8541-1,0,15,0.00,2001,Turaga
8543-1,0,16,0.00,2001,Turaga
1417-2,0,16,0.00,2003,Turaga
8545-1,0,16,0.00,2001,Turaga
8542-1,0,17,0.00,2001,Turaga
4228383-1,2,2,1.00,2003,Turaga
8540-1,0,15,0.00,2001,Turaga
1390-1,1,7,0.14,2001,Tohunga
1391-1,0,7,0.00,2001,Tohunga
1392-1,1,7,0.14,2001,Tohunga
1389-1,1,7,0.14,2001,Tohunga
1388-1,1,7,0.14,2001,Tohunga
1393-1,1,7,0.14,2001,Tohunga
8567-1,1,23,0.04,2002,Toa Nuva
8566-1,1,26,0.04,2002,Toa Nuva
8572-1,2,24,0.08,2002,Toa Nuva
8570-1,1,24,0.04,2002,Toa Nuva
8571-1,1,25,0.04,2002,Toa Nuva
8568-1,1,25,0.04,2002,Toa Nuva
8601-2,0,25,0.00,2004,Toa Metru
8604-1,1,23,0.04,2004,Toa Metru
8603-1,0,23,0.00,2004,Toa Metru
8602-1,0,23,0.00,2004,Toa Metru
8601-1,0,25,0.00,2003,Toa Metru
8606-1,0,21,0.00,2004,Toa Metru
8605-1,0,23,0.00,2004,Toa Metru
8911-1,1,29,0.03,2007,Toa Mahri
8913-1,0,24,0.00,2007,Toa Mahri
8915-1,1,28,0.04,2007,Toa Mahri
8912-1,1,34,0.03,2007,Toa Mahri
8914-1,2,28,0.07,2007,Toa Mahri
8910-1,1,22,0.05,2007,Toa Mahri
8728-1,5,26,0.19,2006,Toa Inika
8727-1,2,26,0.08,2006,Toa Inika
8729-1,2,31,0.06,2006,Toa Inika
8731-1,3,26,0.12,2006,Toa Inika
8732-1,1,27,0.04,2006,Toa Inika
8730-1,1,29,0.03,2006,Toa Inika
8738-1,2,27,0.07,2005,Toa Hordika
8737-1,2,27,0.07,2005,Toa Hordika
8741-1,2,27,0.07,2005,Toa Hordika
8739-1,2,27,0.07,2005,Toa Hordika
8736-1,0,27,0.00,2005,Toa Hordika
8740-1,2,27,0.07,2005,Toa Hordika
8763-1,0,34,0.00,2005,Toa Hagah
8762-1,0,32,0.00,2005,Toa Hagah
8535-2,0,23,0.00,2001,Toa
8536-2,0,24,0.00,2001,Toa
8534-1,0,20,0.00,2001,Toa
8532-1,0,18,0.00,2001,Toa
8533-2,0,20,0.00,2001,Toa
8533-1,0,19,0.00,2001,Toa
8531-2,0,26,0.00,2001,Toa
8530-1,0,4,0.00,2001,Toa
8536-1,0,23,0.00,2001,Toa
8534-2,0,21,0.00,2001,Toa
8535-1,0,22,0.00,2001,Toa
8531-1,0,25,0.00,2001,Toa
8532-2,0,19,0.00,2001,Toa
10201-1,1,1,1.00,2003,Titans
8625-1,0,58,0.00,2006,Titans
8556-1,0,56,0.00,2002,Titans
8621-1,1,58,0.02,2004,Titans
8596-1,0,73,0.00,2003,Titans
8557-1,0,81,0.00,2002,Titans
8622-1,1,46,0.02,2004,Titans
8733-1,0,54,0.00,2006,Titans
8593-1,1,57,0.02,2003,Titans
K8761-1,0,74,0.00,2005,Titans
8626-1,0,4,0.00,2006,Titans
8595-1,0,66,0.00,2003,Titans
8755-1,0,72,0.00,2005,Titans
8623-1,0,68,0.00,2004,Titans
8734-1,0,60,0.00,2006,Titans
8764-1,0,72,0.00,2006,Titans
8756-1,0,74,0.00,2005,Titans
8558-1,0,101,0.00,2002,Titans
10202-1,1,2,0.50,2004,Titans
8761-1,0,71,0.00,2005,Titans
8594-1,0,66,0.00,2003,Titans
8811-1,1,65,0.02,2004,Titans
8748-1,0,2,0.00,2005,Supplemental
6620-1,0,140,0.00,2006,Supplemental
8719-1,0,4,0.00,2006,Supplemental
8546-1,1,9,0.11,2001,Supplemental
8613-1,0,4,0.00,2004,Supplemental
8580-1,0,1,0.00,2003,Supplemental
6638-1,1,77,0.01,2006,Supplemental
8934-1,0,1,0.00,2007,Supplemental
8715-1,1,128,0.01,2005,Supplemental
3259-1,0,2,0.00,2004,Supplemental
7116-1,3,13,0.23,2010,Stars
7137-1,1,11,0.09,2010,Stars
7138-1,1,12,0.08,2010,Stars
7135-1,0,12,0.00,2010,Stars
7117-1,3,11,0.27,2010,Stars
7136-1,0,13,0.00,2010,Stars
8587-2,0,21,0.00,2003,Rahkshi
8589-1,0,21,0.00,2003,Rahkshi
8587-3,1,22,0.05,2003,Rahkshi
8588-1,0,21,0.00,2003,Rahkshi
8590-1,0,21,0.00,2003,Rahkshi
8592-3,1,22,0.05,2003,Rahkshi
8591-3,0,21,0.00,2003,Rahkshi
8589-3,1,22,0.05,2003,Rahkshi
8589-2,0,21,0.00,2003,Rahkshi
8587-1,0,21,0.00,2003,Rahkshi
8592-1,0,21,0.00,2003,Rahkshi
8590-3,1,22,0.05,2003,Rahkshi
8590-2,0,21,0.00,2003,Rahkshi
8592-2,0,21,0.00,2003,Rahkshi
8588-3,0,21,0.00,2003,Rahkshi
8591-1,0,21,0.00,2003,Rahkshi
8591-2,0,21,0.00,2003,Rahkshi
8588-2,0,21,0.00,2003,Rahkshi
8549-1,0,87,0.00,2001,Rahi
8537-1,0,43,0.00,2001,Rahi
8539-1,2,75,0.03,2001,Rahi
8548-1,0,42,0.00,2001,Rahi
8538-1,1,88,0.01,2001,Rahi
4879-1,0,19,0.00,2005,Rahaga
4869-1,0,19,0.00,2005,Rahaga
4868-1,0,19,0.00,2005,Rahaga
4870-1,0,19,0.00,2005,Rahaga
4878-1,0,18,0.00,2005,Rahaga
4877-1,0,19,0.00,2005,Rahaga
8927-1,3,168,0.02,2007,Playsets
8757-1,0,82,0.00,2005,Playsets
8758-1,3,130,0.02,2005,Playsets
8769-1,1,103,0.01,2005,Playsets
8759-1,2,183,0.01,2005,Playsets
8892-1,0,92,0.00,2006,Playsets
8624-1,0,186,0.00,2006,Playsets
8926-1,0,132,0.00,2007,Playsets
8925-1,0,93,0.00,2007,Playsets
8893-1,0,123,0.00,2006,Playsets
8894-1,1,205,0.00,2006,Playsets
8903-1,3,26,0.12,2006,Piraka
8904-1,3,25,0.12,2006,Piraka
8901-1,3,26,0.12,2006,Piraka
8902-1,3,25,0.12,2006,Piraka
8905-1,2,26,0.08,2006,Piraka
8900-1,2,25,0.08,2006,Piraka
8693-1,1,24,0.04,2008,Phantoka
8685-1,1,25,0.04,2008,Phantoka
8692-1,2,25,0.08,2008,Phantoka
8687-1,1,27,0.04,2008,Phantoka
8691-1,2,21,0.10,2008,Phantoka
8686-1,1,26,0.04,2008,Phantoka
8688-1,1,30,0.03,2008,Mistika
8696-1,1,28,0.04,2008,Mistika
8690-1,2,30,0.07,2008,Mistika
8694-1,3,21,0.14,2008,Mistika
8695-1,2,22,0.09,2008,Mistika
8689-1,1,33,0.03,2008,Mistika
8725-1,0,15,0.00,2006,Matoran of Voya Nui
8726-1,0,15,0.00,2006,Matoran of Voya Nui
8721-1,0,12,0.00,2006,Matoran of Voya Nui
8723-1,0,15,0.00,2006,Matoran of Voya Nui
8724-1,0,12,0.00,2006,Matoran of Voya Nui
8722-1,0,17,0.00,2006,Matoran of Voya Nui
8612-1,1,13,0.08,2004,Matoran of Metru Nui
8611-1,1,16,0.06,2004,Matoran of Metru Nui
8608-1,1,13,0.08,2004,Matoran of Metru Nui
8609-1,2,16,0.13,2004,Matoran of Metru Nui
8610-1,1,13,0.08,2004,Matoran of Metru Nui
8607-1,1,16,0.06,2004,Matoran of Metru Nui
8586-1,0,22,0.00,2003,Matoran of Mata Nui
8583-1,0,23,0.00,2003,Matoran of Mata Nui
8584-2,0,20,0.00,2003,Matoran of Mata Nui
65297-1,0,1,0.00,2003,Matoran of Mata Nui
8585-1,0,21,0.00,2003,Matoran of Mata Nui
8584-1,0,20,0.00,2003,Matoran of Mata Nui
65295-1,0,1,0.00,2003,Matoran of Mata Nui
8582-1,0,23,0.00,2003,Matoran of Mata Nui
8581-1,0,23,0.00,2003,Matoran of Mata Nui
8586-2,0,18,0.00,2003,Matoran of Mata Nui
8585-2,0,21,0.00,2003,Matoran of Mata Nui
65296-1,0,1,0.00,2003,Matoran of Mata Nui
8931-1,0,24,0.00,2007,Matoran of Mahri Nui
8930-1,0,24,0.00,2007,Matoran of Mahri Nui
8929-1,0,24,0.00,2007,Matoran of Mahri Nui
8932-1,0,23,0.00,2007,Matoran of Mahri Nui
8948-1,1,8,0.13,2008,Matoran of Light
8945-1,1,8,0.13,2008,Matoran of Light
8944-1,1,9,0.11,2008,Matoran of Light
8947-1,1,8,0.13,2008,Matoran of Light
8949-1,1,9,0.11,2008,Matoran of Light
8946-1,1,9,0.11,2008,Matoran of Light
8989-1,1,28,0.04,2009,Glatorian Legends
8986-1,3,33,0.09,2009,Glatorian Legends
8984-1,3,27,0.11,2009,Glatorian Legends
8987-1,2,22,0.09,2009,Glatorian Legends
8988-1,2,23,0.09,2009,Glatorian Legends
8985-1,2,29,0.07,2009,Glatorian Legends
8983-1,2,27,0.07,2009,Glatorian
8982-1,3,28,0.11,2009,Glatorian
8978-1,2,26,0.08,2009,Glatorian
8979-1,3,25,0.12,2009,Glatorian
8981-1,2,27,0.07,2009,Glatorian
8980-1,1,24,0.04,2009,Glatorian
8575-1,2,21,0.10,2003,Bohrok-Kal
8577-1,2,22,0.09,2003,Bohrok-Kal
8573-1,2,21,0.10,2003,Bohrok-Kal
8574-1,3,21,0.14,2003,Bohrok-Kal
8578-1,2,21,0.10,2003,Bohrok-Kal
8576-1,2,21,0.10,2003,Bohrok-Kal
8550-1,0,19,0.00,2002,Bohrok Va
1431-1,0,18,0.00,2002,Bohrok Va
8552-1,0,19,0.00,2002,Bohrok Va
8553-1,0,19,0.00,2002,Bohrok Va
8554-1,0,19,0.00,2002,Bohrok Va
8555-1,0,18,0.00,2002,Bohrok Va
1432-1,0,17,0.00,2002,Bohrok Va
1433-1,0,18,0.00,2002,Bohrok Va
1434-1,0,15,0.00,2002,Bohrok Va
8551-1,0,19,0.00,2002,Bohrok Va
8563-1,0,20,0.00,2002,Bohrok
8562-1,0,20,0.00,2002,Bohrok
8565-1,0,20,0.00,2002,Bohrok
8560-1,0,20,0.00,2002,Bohrok
8561-1,0,20,0.00,2002,Bohrok
8564-1,0,20,0.00,2002,Bohrok
8942-2,0,99,0.00,2008,Battle Vehicles
8943-1,1,100,0.01,2008,Battle Vehicles
8994-1,0,81,0.00,2009,Battle Vehicles
8941-1,0,90,0.00,2008,Battle Vehicles
8993-1,0,69,0.00,2009,Battle Vehicles
8995-1,1,101,0.01,2009,Battle Vehicles
8996-1,0,90,0.00,2009,Battle Vehicles
8992-1,0,56,0.00,2009,Battle Vehicles
8942-1,0,99,0.00,2008,Battle Vehicles
8919-1,0,29,0.00,2007,Barraki
8918-1,2,23,0.09,2007,Barraki
8920-1,1,26,0.04,2007,Barraki
8921-1,2,20,0.10,2007,Barraki
8917-1,1,21,0.05,2007,Barraki
8916-1,1,27,0.04,2007,Barraki
8974-1,1,8,0.13,2009,Agori
8973-1,1,9,0.11,2009,Agori
8976-1,1,8,0.13,2009,Agori
8975-1,1,10,0.10,2009,Agori
8977-1,1,9,0.11,2009,Agori
8972-1,2,8,0.25,2009,Agori
7716-1,0,15,0.00,2006,Bionicle
7216-2,0,13,0.00,2006,Bionicle
7216-1,0,13,0.00,2006,Bionicle
71310-1,1,61,0.02,2016,Bionicle
70793-1,2,35,0.06,2015,Bionicle
20005-1,0,16,0.00,2008,Bionicle
6945-1,0,15,0.00,2007,Bionicle
6936-1,0,16,0.00,2007,Bionicle
6946-1,0,16,0.00,2007,Bionicle
6934-1,0,12,0.00,2006,Bionicle
6127-1,0,13,0.00,2008,Bionicle
65545-1,1,1,1.00,2004,Bionicle
71301-1,1,41,0.02,2016,Bionicle
71308-1,1,52,0.02,2016,Bionicle
10023-1,0,46,0.00,2002,Bionicle
70791-1,2,48,0.04,2015,Bionicle
71307-1,1,41,0.02,2016,Bionicle
20012-1,0,13,0.00,2009,Bionicle
7717-1,0,21,0.00,2006,Bionicle
5002942-1,0,8,0.00,2015,Bionicle
71306-1,1,44,0.02,2016,Bionicle
70794-1,1,47,0.02,2015,Bionicle
71303-1,1,33,0.03,2016,Bionicle
5002941-1,0,3,0.00,2015,Bionicle
71315-1,1,51,0.02,2016,Bionicle
7719-1,0,14,0.00,2006,Bionicle
71314-1,2,46,0.04,2016,Bionicle
71309-1,1,65,0.02,2016,Bionicle
6937-1,0,2,0.00,2006,Bionicle
1441-1,0,6,0.00,2003,Bionicle
7216-3,0,13,0.00,2006,Bionicle
71312-1,2,49,0.04,2016,Bionicle
71302-1,1,48,0.02,2016,Bionicle
71305-1,1,29,0.03,2016,Bionicle
8026-1,0,12,0.00,2004,Bionicle
70795-1,2,72,0.03,2015,Bionicle
71300-1,1,37,0.03,2016,Bionicle
6126-1,0,12,0.00,2008,Bionicle
5004409-1,0,4,0.00,2016,Bionicle
70792-1,2,36,0.06,2015,Bionicle
6128-1,0,14,0.00,2008,Bionicle
7217-2,0,11,0.00,2006,Bionicle
6944-1,0,11,0.00,2007,Bionicle
71311-1,2,63,0.03,2016,Bionicle
71304-1,1,26,0.04,2016,Bionicle
comcon042-1,0,1,0.00,2014,Bionicle
6935-1,0,11,0.00,2006,Bionicle
71313-1,1,43,0.02,2016,Bionicle
7718-1,0,22,0.00,2006,Bionicle
71316-1,1,57,0.02,2016,Bionicle
7217-1,0,11,0.00,2006,Bionicle
BIO601602-1,0,22,0.00,2016,Bionicle
BIO601601-1,0,10,0.00,2016,Bionicle
7587-1,2,25,0.08,2008,Recreation
5854-1,3,41,0.07,1997,Recreation
5822-1,1,5,0.20,1997,Recreation
5941-1,7,80,0.09,2004,Recreation
5841-1,1,36,0.03,1998,Recreation
5845-1,3,39,0.08,1998,Recreation
5853-1,0,5,0.00,1997,Recreation
5871-1,0,79,0.00,2002,Recreation
5821-1,0,8,0.00,1997,Recreation
5855-1,0,79,0.00,1997,Recreation
5848-1,6,111,0.05,1998,Recreation
2858-1,0,5,0.00,1999,Recreation
5880-1,3,65,0.05,1994,Recreation
7585-1,1,76,0.01,2008,Recreation
5830-1,0,20,0.00,1995,Recreation
2555-1,2,39,0.05,1998,Recreation
5847-1,6,84,0.07,1998,Recreation
5844-1,1,15,0.07,1998,Recreation
5846-1,3,58,0.05,1998,Recreation
5977-1,1,17,0.06,2001,Recreation
7586-1,7,180,0.04,2008,Playhouse
5820-1,0,22,0.00,1996,Playhouse
5943-1,0,47,0.00,2004,Playhouse
5860-1,0,38,0.00,1994,Playhouse
7583-1,1,31,0.03,2008,Playhouse
5810-1,0,17,0.00,1995,Playhouse
5940-1,10,122,0.08,2004,Playhouse
5870-1,0,50,0.00,1994,Playhouse
5895-1,3,156,0.02,1996,Playhouse
5944-1,0,21,0.00,2004,Playhouse
5890-1,4,111,0.04,1994,Playhouse
5835-1,0,27,0.00,1996,Playhouse
5840-1,1,39,0.03,1995,Playhouse
5942-1,7,73,0.10,2004,Playhouse
5876-1,1,64,0.02,1996,Hospital
5874-1,1,38,0.03,1997,Hospital
5875-1,5,68,0.07,1996,Hospital
5872-1,0,26,0.00,2003,Golden Land
5858-1,0,103,0.00,2003,Golden Land
5857-1,1,64,0.02,2003,Golden Land
5858-2,0,103,0.00,2004,Golden Land
5856-1,2,26,0.08,2003,Golden Land
5827-1,5,54,0.09,2000,Fairy-Tale
5808-1,7,118,0.06,1999,Fairy-Tale
5877-1,4,41,0.10,2004,Fairy-Tale
5961-1,2,38,0.05,2005,Fairy-Tale
5836-1,2,19,0.11,2002,Fairy-Tale
7578-1,4,71,0.06,2006,Fairy-Tale
7580-1,0,19,0.00,2007,Fairy-Tale
5825-1,3,41,0.07,2000,Fairy-Tale
5843-1,1,43,0.02,2002,Fairy-Tale
5960-1,8,111,0.07,2005,Fairy-Tale
5859-1,2,33,0.06,2003,Fairy-Tale
5861-1,3,62,0.05,2003,Fairy-Tale
5837-1,0,23,0.00,2002,Fairy-Tale
5801-1,0,11,0.00,1999,Fairy-Tale
5824-1,1,43,0.02,2000,Fairy-Tale
7577-1,0,67,0.00,2006,Fairy-Tale
5964-1,2,27,0.07,2005,Fairy-Tale
5823-1,4,26,0.15,2000,Fairy-Tale
5838-1,3,31,0.10,2002,Fairy-Tale
5831-1,4,15,0.27,2001,Fairy-Tale
5862-1,0,81,0.00,2003,Fairy-Tale
5832-1,2,10,0.20,2001,Fairy-Tale
5834-1,9,67,0.13,2001,Fairy-Tale
5811-1,0,4,0.00,1999,Fairy-Tale
5804-1,0,35,0.00,1999,Fairy-Tale
5812-1,0,8,0.00,1999,Fairy-Tale
5833-1,4,31,0.13,2001,Fairy-Tale
5862-2,0,81,0.00,2004,Fairy-Tale
7579-1,1,35,0.03,2006,Fairy-Tale
5802-1,0,6,0.00,1999,Fairy-Tale
5962-1,8,60,0.13,2005,Fairy-Tale
5873-1,0,17,0.00,2003,Fairy-Tale
5842-1,0,24,0.00,2002,Fairy-Tale
5807-1,0,42,0.00,1999,Fairy-Tale
5805-1,2,48,0.04,1999,Fairy-Tale
7581-1,1,39,0.03,2007,Fairy-Tale
5850-1,7,75,0.09,2002,Fairy-Tale
7582-1,3,68,0.04,2007,Fairy-Tale
5803-1,0,5,0.00,1999,Fairy-Tale
5826-1,4,54,0.07,2000,Fairy-Tale
5963-1,2,34,0.06,2005,Fairy-Tale
3828-1,7,155,0.05,2006,Avatar
3829-1,6,147,0.04,2006,Avatar
20013-1,0,42,0.00,2010,Mini
8075-1,0,170,0.00,2010,Atlantis
8056-1,0,31,0.00,2010,Atlantis
8058-1,1,80,0.01,2010,Atlantis
8077-1,0,172,0.00,2010,Atlantis
7976-1,1,45,0.02,2011,Atlantis
8060-1,1,109,0.01,2010,Atlantis
8080-1,0,124,0.00,2010,Atlantis
7985-1,9,219,0.04,2011,Atlantis
8076-1,1,89,0.01,2010,Atlantis
8072-1,0,23,0.00,2010,Atlantis
8078-1,3,249,0.01,2010,Atlantis
7977-1,1,55,0.02,2011,Atlantis
7978-1,1,112,0.01,2011,Atlantis
30041-1,0,32,0.00,2010,Atlantis
8057-1,1,46,0.02,2010,Atlantis
30042-1,0,29,0.00,2010,Atlantis
8079-1,0,91,0.00,2010,Atlantis
8073-1,0,13,0.00,2010,Atlantis
8061-1,0,143,0.00,2010,Atlantis
8059-1,1,70,0.01,2010,Atlantis
7984-1,3,134,0.02,2011,Atlantis
30040-1,0,18,0.00,2010,Atlantis
6104-1,0,21,0.00,1996,Supplemental
6107-1,0,16,0.00,1998,Stingrays
6109-1,1,40,0.03,1998,Stingrays
6160-1,0,103,0.00,1998,Stingrays
6140-1,0,39,0.00,1998,Stingrays
6198-1,3,123,0.02,1998,Stingrays
6110-1,0,22,0.00,1998,Hydronauts
6199-1,1,160,0.01,1998,Hydronauts
6159-1,0,62,0.00,1998,Hydronauts
6150-1,0,62,0.00,1998,Hydronauts
6180-1,1,110,0.01,1998,Hydronauts
6190-1,2,121,0.02,1996,Aquasharks
6155-1,1,63,0.02,1995,Aquasharks
6135-1,0,38,0.00,1996,Aquasharks
6115-1,1,19,0.05,1995,Aquasharks
6100-1,0,19,0.00,1998,Aquasharks
1095-1,0,19,0.00,1999,Aquasharks
7772-1,2,96,0.02,2007,Aquaraiders II
7776-1,0,136,0.00,2007,Aquaraiders II
7773-1,2,184,0.01,2007,Aquaraiders II
7771-1,1,73,0.01,2007,Aquaraiders II
7774-1,2,235,0.01,2007,Aquaraiders II
7775-1,3,273,0.01,2007,Aquaraiders II
7770-1,0,56,0.00,2007,Aquaraiders II
2161-1,0,59,0.00,1997,Aquaraiders I
2160-1,2,60,0.03,1997,Aquaraiders I
2162-1,0,112,0.00,1997,Aquaraiders I
1822-1,0,102,0.00,1995,Aquanauts
1749-1,0,13,0.00,1996,Aquanauts
6175-1,0,84,0.00,1995,Aquanauts
6195-1,3,186,0.02,1995,Aquanauts
1806-1,0,13,0.00,1996,Aquanauts
6125-1,0,23,0.00,1995,Aquanauts
6145-1,0,40,0.00,1996,Aquanauts
1728-1,1,41,0.02,1996,Aquanauts
4748-1,2,163,0.01,2004,Mission Deep Freeze
4743-1,0,62,0.00,2004,Mission Deep Freeze
4742-1,5,44,0.11,2004,Mission Deep Freeze
4746-1,8,156,0.05,2004,Mission Deep Freeze
4774-1,0,83,0.00,2004,Mission Deep Freeze
4744-1,4,80,0.05,2004,Mission Deep Freeze
4745-1,3,136,0.02,2004,Mission Deep Freeze
4770-1,4,107,0.04,2004,Mission Deep Freeze
4799-1,0,15,0.00,2002,Mission Deep Sea
1425-1,0,18,0.00,2002,Mission Deep Sea
4798-1,0,18,0.00,2002,Mission Deep Sea
4788-1,0,41,0.00,2002,Mission Deep Sea
4796-1,0,38,0.00,2002,Mission Deep Sea
1426-1,0,17,0.00,2002,Mission Deep Sea
4789-1,0,85,0.00,2002,Mission Deep Sea
4790-1,2,25,0.08,2002,Mission Deep Sea
4795-1,4,140,0.03,2002,Mission Deep Sea
4797-1,1,41,0.02,2002,Mission Deep Sea
4793-1,4,61,0.07,2002,Mission Deep Sea
4800-1,0,18,0.00,2002,Mission Deep Sea
1427-1,0,18,0.00,2002,Mission Deep Sea
4792-1,1,56,0.02,2002,Mission Deep Sea
4794-1,5,82,0.06,2002,Mission Deep Sea
4791-1,4,34,0.12,2002,Mission Deep Sea
3391-1,0,9,0.00,2003,Mission Deep Sea
6771-1,0,23,0.00,2001,Alpha Team
6772-1,4,44,0.09,2001,Alpha Team
6776-1,2,140,0.01,2001,Alpha Team
6775-1,6,111,0.05,2001,Alpha Team
6773-1,4,59,0.07,2001,Alpha Team
6774-1,7,87,0.08,2001,Alpha Team
70170-1,0,205,0.00,2015,Ultra Agents
70164-1,6,181,0.03,2014,Ultra Agents
70161-1,4,94,0.04,2014,Ultra Agents
70167-1,2,105,0.02,2015,Ultra Agents
70171-1,3,89,0.03,2015,Ultra Agents
70160-1,4,53,0.08,2014,Ultra Agents
70169-1,3,166,0.02,2015,Ultra Agents
70162-1,3,138,0.02,2014,Ultra Agents
70172-1,6,187,0.03,2015,Ultra Agents
70165-1,3,327,0.01,2014,Ultra Agents
70173-1,5,303,0.02,2015,Ultra Agents
70168-1,3,116,0.03,2015,Ultra Agents
70166-1,4,48,0.08,2015,Ultra Agents
70163-1,7,202,0.03,2014,Ultra Agents
8970-1,4,182,0.02,2009,Agents
8637-1,5,240,0.02,2008,Agents
8967-1,1,43,0.02,2009,Agents
8630-1,1,162,0.01,2008,Agents
8968-1,2,109,0.02,2009,Agents
8969-1,2,144,0.01,2009,Agents
8636-1,3,209,0.01,2008,Agents
8635-1,3,355,0.01,2008,Agents
8971-1,1,213,0.00,2009,Agents
8631-1,1,65,0.02,2008,Agents
8632-1,1,129,0.01,2008,Agents
8633-1,1,171,0.01,2008,Agents
8634-1,2,213,0.01,2008,Agents
lfv2-1,0,28,0.00,2010,Other
8785483-1,0,22,0.00,2010,Other
30029-1,1,42,0.02,2011,Other
lmg002-1,0,8,0.00,2004,Other
40155-1,0,41,0.00,2015,Other
lwp06-1,3,7,0.43,2013,Other
lmg005-1,0,7,0.00,2003,Other
BauMit-1,0,1,0.00,2009,Other
lfv1-1,0,51,0.00,2010,Other
40161-1,0,105,0.00,2016,Other
21200-1,0,31,0.00,2011,Other
lmg009-1,0,6,0.00,2004,Other
4000005-1,2,51,0.04,2012,Other
lmg003-2,0,9,0.00,2006,Other
4042-1,4,4,1.00,2002,Other
lmg007-1,0,3,0.00,2005,Other
ldd3-1,3,3,1.00,2009,Other
371-2,0,65,0.00,1967,Other
lwp01-1,6,7,0.86,2009,Other
10167-1,1,107,0.01,2004,Other
TRULUMIERE-1,0,11,0.00,2016,Other
2011-2,0,47,0.00,2011,Other
4000008-1,0,112,0.00,2013,Other
lwp04-1,1,7,0.14,2011,Other
Sphinx-1,0,15,0.00,2008,Other
Ramboll-1,0,74,0.00,2008,Other
iFountain-1,3,37,0.08,2001,Other
e1a1402-1,0,28,0.00,2011,Other
lwp02-1,5,7,0.71,2009,Other
850791-1,1,14,0.07,2013,Other
lmg004-1,0,8,0.00,2004,Other
21201-1,0,31,0.00,2012,Other
8465972-1,0,23,0.00,2009,Other
lmg006-1,0,11,0.00,2005,Other
e1a1404-1,0,14,0.00,2011,Other
Lightbulb-1,0,15,0.00,2009,Other
40154-1,0,80,0.00,2015,Other
4002014-1,0,163,0.00,2015,Other
852996-1,3,4,0.75,2010,Other
40153-1,0,64,0.00,2015,Other
911506-1,1,1,1.00,2015,Other
3243-1,1,9,0.11,1997,Other
4000002-1,2,47,0.04,2011,Other
4000007-1,1,113,0.01,2012,Other
lfv3-1,0,22,0.00,2010,Other
75827-1,24,687,0.03,2016,Other
lmg010-1,0,9,0.00,2005,Other
lmg001-1,0,8,0.00,2003,Other
4000012-1,1,197,0.01,2012,Other
852995-1,0,5,0.00,2010,Other
mln09-1,3,3,1.00,2009,Other
5001121-1,4,5,0.80,2013,Other
Duck75-1,0,21,0.00,2007,Other
TRUCOGSWORTH-1,0,20,0.00,2016,Other
e1a1403-1,0,24,0.00,2011,Other
LIT2009-1,0,111,0.00,2009,Other
e1a1401-1,0,23,0.00,2011,Other
lmg008-1,0,8,0.00,2005,Other
8465934-1,0,14,0.00,2009,Other
4000006-1,2,55,0.04,2012,Other
8785476-1,0,23,0.00,2010,Other
fdp01-1,6,7,0.86,2009,Other
lwp03-1,1,7,0.14,2010,Other
lmg003-1,0,9,0.00,2004,Other
850486-1,6,40,0.15,2012,Other
4677-1,0,31,0.00,2004,Other
lwp05-1,3,7,0.43,2012,Other
lmg006-2,0,11,0.00,2006,Other
4002016-1,0,257,0.00,2016,Other
7424-1,0,22,0.00,2003,Orient Expedition
7418-2,1,1,1.00,2003,Orient Expedition
3381-1,0,6,0.00,2003,Orient Expedition
7413-1,4,52,0.08,2003,Orient Expedition
7422-2,0,26,0.00,2003,Orient Expedition
7417-1,27,172,0.16,2003,Orient Expedition
VPorient-1,0,1,0.00,2003,Orient Expedition
7410-1,1,58,0.02,2003,Orient Expedition
7412-1,5,64,0.08,2003,Orient Expedition
7418-1,32,185,0.17,2003,Orient Expedition
3380-1,0,7,0.00,2003,Orient Expedition
3382-1,0,4,0.00,2003,Orient Expedition
7419-1,48,261,0.18,2003,Orient Expedition
7415-1,5,69,0.07,2003,Orient Expedition
7411-1,4,46,0.09,2003,Orient Expedition
7420-1,0,47,0.00,2003,Orient Expedition
7414-1,8,83,0.10,2003,Orient Expedition
7422-1,0,26,0.00,2003,Orient Expedition
7409-1,0,36,0.00,2003,Orient Expedition
7424-2,0,21,0.00,2003,Orient Expedition
7416-1,4,90,0.04,2003,Orient Expedition
7423-2,0,23,0.00,2003,Orient Expedition
7423-1,0,23,0.00,2003,Orient Expedition
5902-1,0,18,0.00,1999,Jungle
5986-1,3,209,0.01,1999,Jungle
5925-1,0,48,0.00,1999,Jungle
5956-1,3,84,0.04,1999,Jungle
5901-1,0,18,0.00,1999,Jungle
1271-1,0,25,0.00,1999,Jungle
5905-1,0,25,0.00,1999,Jungle
5936-1,0,84,0.00,1999,Jungle
5906-1,0,21,0.00,1999,Jungle
5976-1,0,177,0.00,1999,Jungle
5955-1,5,106,0.05,2000,Dino Island
5914-1,1,15,0.07,2000,Dino Island
5975-1,1,135,0.01,2000,Dino Island
5913-1,1,15,0.07,2000,Dino Island
5934-1,0,54,0.00,2000,Dino Island
5920-1,0,34,0.00,2000,Dino Island
1280-1,0,24,0.00,2000,Dino Island
5903-1,0,19,0.00,2000,Dino Island
5912-1,1,17,0.06,2000,Dino Island
5935-1,0,79,0.00,2000,Dino Island
5904-1,0,24,0.00,2000,Dino Island
1279-1,0,16,0.00,2000,Dino Island
5921-1,0,40,0.00,2000,Dino Island
5987-1,2,227,0.01,2000,Dino Island
1281-1,0,20,0.00,2000,Dino Island
1278-1,0,19,0.00,2000,Dino Island
5911-1,1,20,0.05,2000,Dino Island
5988-1,4,264,0.02,1998,Desert
1024601-1,1,1,1.00,2001,Desert
2995-1,0,52,0.00,1998,Desert
1182-1,0,16,0.00,1999,Desert
2879-1,0,112,0.00,1998,Desert
5938-1,1,56,0.02,1998,Desert
5909-1,1,113,0.01,1998,Desert
2996-1,0,56,0.00,1998,Desert
3055-1,0,14,0.00,1998,Desert
5978-1,2,196,0.01,1998,Desert
5900-1,0,14,0.00,1998,Desert
5919-1,0,99,0.00,1998,Desert
1094-1,0,13,0.00,1999,Desert
3021-1,0,15,0.00,1998,Desert
2541-1,0,17,0.00,1998,Desert
3020-1,0,16,0.00,1998,Desert
5918-1,0,27,0.00,1998,Desert
3039-1,0,20,0.00,1999,Desert
3023-1,0,15,0.00,1998,Desert
5948-1,1,113,0.01,1998,Desert
3722-1,0,95,0.00,1998,Desert
5958-1,0,125,0.00,1998,Desert
3022-1,0,20,0.00,1998,Desert
1183-1,0,15,0.00,1999,Desert
2542-1,0,19,0.00,1998,Desert
5928-1,0,43,0.00,1998,Desert
4657-1,7,72,0.10,2003,Fire
30338-1,0,23,0.00,2017,Fire
4655-1,5,59,0.08,2003,Gas Station
4654-1,6,18,0.33,2003,Gas Station
4653-1,3,12,0.25,2003,Construction
4668-1,3,39,0.08,2003,Construction
4667-1,3,23,0.13,2003,Construction
4652-1,1,14,0.07,2003,Traffic
4651-1,1,10,0.10,2003,Police
4666-1,4,18,0.22,2003,Police
4669-1,4,38,0.11,2003,Police
4111-1,1,1,1.00,2002,Supplemental
7099-1,0,1,0.00,2004,Supplemental
4109-1,1,1,1.00,2002,Supplemental
4110-1,0,1,0.00,2002,Supplemental
4108-1,1,1,1.00,2002,Supplemental
4858-1,4,40,0.10,2004,Spider-Man 2
4860-1,5,66,0.08,2004,Spider-Man 2
7080-1,0,7,0.00,2004,Pirates
7082-1,0,8,0.00,2004,Pirates
7072-1,1,33,0.03,2004,Pirates
7290-1,0,5,0.00,2004,Pirates
7075-1,9,76,0.12,2004,Pirates
7073-1,0,45,0.00,2004,Pirates
7081-1,0,11,0.00,2004,Pirates
7071-1,0,28,0.00,2004,Pirates
7074-1,3,55,0.05,2004,Pirates
7070-1,0,15,0.00,2004,Pirates
4616-1,1,24,0.04,2002,Gas Station
4610-1,3,45,0.07,2001,Traffic
4606-1,0,27,0.00,2001,Traffic
4622-1,0,28,0.00,2002,Traffic
4603-1,0,22,0.00,2001,Traffic
4607-1,1,36,0.03,2001,Traffic
4609-1,1,54,0.02,2001,Fire
4601-1,0,18,0.00,2001,Fire
4621-1,1,25,0.04,2002,Fire
4605-1,1,21,0.05,2001,Fire
4618-1,4,23,0.17,2002,Airport
4615-1,0,18,0.00,2002,Airport
4613-1,0,11,0.00,2002,Airport
4619-1,10,40,0.25,2002,Airport
4620-1,12,89,0.13,2002,Airport
1435-1,0,6,0.00,2002,Airport
4612-1,0,6,0.00,2002,Airport
4617-1,2,20,0.10,2002,Airport
1437-1,0,11,0.00,2002,Airport
1436-1,0,11,0.00,2002,Airport
4614-1,0,11,0.00,2002,Airport
4604-1,1,16,0.06,2001,Police
4611-1,9,78,0.12,2001,Police
4608-1,6,41,0.15,2001,Police
4600-1,0,20,0.00,2001,Police
4336-1,5,10,0.50,1980,4 Juniors
5581-1,3,245,0.01,1993,Model Team
5510-1,1,116,0.01,1986,Model Team
5542-1,0,174,0.00,1998,Model Team
5590-1,1,218,0.00,1990,Model Team
2556-1,2,181,0.01,1997,Model Team
5591-1,2,280,0.01,1994,Model Team
5540-1,1,133,0.01,1986,Model Team
5533-1,0,147,0.00,1999,Model Team
5521-1,0,146,0.00,1993,Model Team
5550-1,0,148,0.00,1991,Model Team
5563-1,2,205,0.01,1999,Model Team
5571-1,1,303,0.00,1996,Model Team
5541-1,1,149,0.01,1995,Model Team
5580-1,7,177,0.04,1986,Model Team
10151-1,0,148,0.00,2004,Model Team
5561-1,0,225,0.00,1997,Model Team
k34434-1,0,11,0.00,2003,Mosaic
6162-1,0,25,0.00,2007,Mosaic
k34431-1,0,11,0.00,2003,Mosaic
k34432-1,0,11,0.00,2003,Mosaic
40179-1,0,7,0.00,2016,Mosaic
k34433-1,0,11,0.00,2003,Mosaic
6163-1,0,42,0.00,2007,Mosaic
10189-1,0,174,0.00,2008,Sculptures
10226-1,1,194,0.01,2012,Sculptures
3724-1,0,67,0.00,2001,Sculptures
10177-1,0,170,0.00,2006,Sculptures
10213-1,0,266,0.00,2010,Sculptures
3451-1,1,196,0.01,2001,Sculptures
10187-1,1,200,0.01,2008,Sculptures
3450-1,0,49,0.00,2000,Sculptures
10234-1,0,230,0.00,2013,Sculptures
10196-1,2,292,0.01,2009,Sculptures
10152-1,0,161,0.00,2004,Sculptures
10231-1,0,257,0.00,2011,Sculptures
10024-1,1,185,0.01,2002,Sculptures
10152-3,0,161,0.00,2006,Sculptures
10124-1,0,125,0.00,2003,Sculptures
10214-1,1,207,0.00,2010,Sculptures
10181-1,0,119,0.00,2007,Sculptures
3723-1,0,92,0.00,2000,Sculptures
10152-2,0,161,0.00,2005,Sculptures
10220-1,4,258,0.02,2011,Sculptures
10155-1,0,162,0.00,2010,Sculptures
7593-1,0,85,0.00,2010,Toy Story
7789-1,7,71,0.10,2010,Toy Story
30073-1,0,16,0.00,2010,Toy Story
7592-1,5,79,0.06,2010,Toy Story
7599-1,10,133,0.08,2010,Toy Story
7595-1,1,38,0.03,2010,Toy Story
30071-1,0,22,0.00,2010,Toy Story
30070-1,0,24,0.00,2010,Toy Story
7597-1,6,187,0.03,2010,Toy Story
7596-1,3,145,0.02,2010,Toy Story
7594-1,3,136,0.02,2010,Toy Story
7598-1,6,119,0.05,2010,Toy Story
7590-1,4,58,0.07,2010,Toy Story
30072-1,0,14,0.00,2010,Toy Story
7591-1,5,65,0.08,2010,Toy Story
1371-1,6,103,0.06,2001,Jurassic Park III
1370-1,0,78,0.00,2001,Jurassic Park III
4059-1,0,5,0.00,2001,Studios
1382-1,8,183,0.04,2002,Studios
4065-1,1,4,0.25,2001,Studios
4077-1,0,9,0.00,2001,Studios
4068-1,0,7,0.00,2001,Studios
4074-1,0,9,0.00,2001,Studios
4070-1,0,7,0.00,2001,Studios
1380-1,2,73,0.03,2002,Studios
4072-1,0,5,0.00,2001,Studios
1355-1,0,42,0.00,2000,Studios
1349-1,10,190,0.05,2000,Studios
4076-1,0,11,0.00,2001,Studios
4063-1,1,5,0.20,2001,Studios
1421-1,0,20,0.00,2001,Studios
1356-1,0,22,0.00,2001,Studios
1354-1,0,57,0.00,2000,Studios
4079-1,0,4,0.00,2001,Studios
4066-1,0,5,0.00,2001,Studios
1362-1,0,26,0.00,2001,Studios
4057-1,0,8,0.00,2001,Studios
1363-1,0,17,0.00,2001,Studios
1357-1,0,22,0.00,2001,Studios
4051-1,0,4,0.00,2001,Studios
1360-1,0,20,0.00,2001,Studios
4078-1,0,14,0.00,2001,Studios
4060-1,0,5,0.00,2001,Studios
1361-1,0,13,0.00,2001,Studios
4064-1,1,4,0.25,2001,Studios
1422-1,0,13,0.00,2001,Studios
1352-1,0,108,0.00,2000,Studios
1353-1,0,97,0.00,2001,Studios
1411-1,0,34,0.00,2001,Studios
1383-1,4,37,0.11,2002,Studios
1351-1,2,112,0.02,2001,Studios
4071-1,0,3,0.00,2001,Studios
4052-1,0,4,0.00,2001,Studios
4062-1,0,5,0.00,2001,Studios
4053-1,0,5,0.00,2001,Studios
4073-1,0,4,0.00,2001,Studios
1381-1,9,95,0.09,2002,Studios
4061-1,0,5,0.00,2001,Studios
4056-1,0,15,0.00,2001,Studios
4069-1,0,4,0.00,2001,Studios
1424-1,0,17,0.00,2001,Studios
4058-1,0,5,0.00,2001,Studios
4075-1,0,7,0.00,2001,Studios
1423-1,0,26,0.00,2001,Studios
4067-1,0,12,0.00,2001,Studios
4049-1,0,25,0.00,2001,Studios
3815-1,9,65,0.14,2011,SpongeBob SquarePants
3826-1,2,125,0.02,2006,SpongeBob SquarePants
3816-1,4,72,0.06,2011,SpongeBob SquarePants
3817-1,9,106,0.08,2012,SpongeBob SquarePants
3833-1,3,93,0.03,2009,SpongeBob SquarePants
3834-1,2,173,0.01,2009,SpongeBob SquarePants
3831-1,4,106,0.04,2008,SpongeBob SquarePants
3832-1,3,105,0.03,2008,SpongeBob SquarePants
3830-1,3,99,0.03,2008,SpongeBob SquarePants
4981-1,4,140,0.03,2007,SpongeBob SquarePants
3825-1,2,145,0.01,2006,SpongeBob SquarePants
4982-1,3,170,0.02,2007,SpongeBob SquarePants
3827-1,3,200,0.02,2006,SpongeBob SquarePants
3818-1,5,194,0.03,2012,SpongeBob SquarePants
7569-1,4,49,0.08,2010,Prince of Persia
7571-1,1,103,0.01,2010,Prince of Persia
7570-1,3,68,0.04,2010,Prince of Persia
7572-1,0,133,0.00,2010,Prince of Persia
7573-1,4,206,0.02,2010,Prince of Persia
20017-1,0,32,0.00,2010,Prince of Persia
8409-1,1,8,0.13,2010,Ben 10
8517-1,3,8,0.38,2010,Ben 10
8410-1,5,10,0.50,2010,Ben 10
8518-1,2,8,0.25,2010,Ben 10
8519-1,3,8,0.38,2010,Ben 10
8411-1,3,8,0.38,2010,Ben 10
30121-1,0,34,0.00,2011,Cars
9481-1,5,34,0.15,2012,Cars
9486-1,7,206,0.03,2012,Cars
9480-1,2,37,0.05,2012,Cars
9483-1,7,94,0.07,2012,Cars
9484-1,3,105,0.03,2012,Cars
8678-1,2,101,0.02,2011,Cars
8677-1,3,113,0.03,2011,Cars
8639-1,7,306,0.02,2011,Cars
8486-1,6,144,0.04,2011,Cars
8638-1,5,169,0.03,2011,Cars
9479-1,4,38,0.11,2012,Cars
30120-1,0,22,0.00,2011,Cars
8423-1,0,71,0.00,2011,Cars
9478-1,3,34,0.09,2012,Cars
8200-1,0,20,0.00,2011,Cars
8484-1,4,112,0.04,2011,Cars
8424-1,0,79,0.00,2011,Cars
8487-1,17,212,0.08,2011,Cars
8679-1,4,279,0.01,2011,Cars
8206-1,0,87,0.00,2011,Cars
9485-1,16,107,0.15,2012,Cars
8201-1,0,38,0.00,2011,Cars
8426-1,1,86,0.01,2011,Cars
7682-1,8,126,0.06,2009,Temple of Doom
7199-1,10,224,0.04,2009,Temple of Doom
7621-1,1,91,0.01,2008,Raiders of the Lost Ark
7683-1,2,168,0.01,2009,Raiders of the Lost Ark
7623-1,4,169,0.02,2008,Raiders of the Lost Ark
7622-1,1,102,0.01,2008,Raiders of the Lost Ark
7195-1,5,51,0.10,2009,Raiders of the Lost Ark
7198-1,1,191,0.01,2009,Last Crusade
7197-1,5,162,0.03,2009,Last Crusade
7620-1,0,58,0.00,2008,Last Crusade
7624-1,1,61,0.02,2008,Kingdom of the Crystal Skull
20004-1,0,32,0.00,2008,Kingdom of the Crystal Skull
7626-1,0,167,0.00,2008,Kingdom of the Crystal Skull
7196-1,3,91,0.03,2009,Kingdom of the Crystal Skull
comcon002-1,0,43,0.00,2008,Kingdom of the Crystal Skull
7625-1,2,111,0.02,2008,Kingdom of the Crystal Skull
7627-1,1,212,0.00,2008,Kingdom of the Crystal Skull
7628-1,0,239,0.00,2008,Kingdom of the Crystal Skull
30133-1,0,4,0.00,2011,Pirates of the Caribbean
4195-1,17,244,0.07,2011,Pirates of the Caribbean
30131-1,0,17,0.00,2011,Pirates of the Caribbean
30132-1,3,4,0.75,2011,Pirates of the Caribbean
4194-1,10,208,0.05,2011,Pirates of the Caribbean
4191-1,2,53,0.04,2011,Pirates of the Caribbean
4181-1,8,94,0.09,2011,Pirates of the Caribbean
4193-1,4,179,0.02,2011,Pirates of the Caribbean
4182-1,9,120,0.08,2011,Pirates of the Caribbean
30130-1,0,23,0.00,2011,Pirates of the Caribbean
4183-1,8,113,0.07,2011,Pirates of the Caribbean
853219-1,0,28,0.00,2011,Pirates of the Caribbean
4192-1,6,64,0.09,2011,Pirates of the Caribbean
4184-1,14,193,0.07,2011,Pirates of the Caribbean
71042-1,33,378,0.09,2017,Pirates of the Caribbean
45508-1,0,1,0.00,2013,EV3
45506-1,0,1,0.00,2013,EV3
45500-1,0,1,0.00,2013,EV3
45504-1,0,1,0.00,2013,EV3
45560-1,0,143,0.00,2013,EV3
45514-1,0,3,0.00,2013,EV3
45503-1,0,1,0.00,2013,EV3
45501-1,0,1,0.00,2013,EV3
45509-1,0,1,0.00,2013,EV3
45507-1,0,1,0.00,2013,EV3
31313-1,1,106,0.01,2013,EV3
45544-1,2,110,0.02,2013,EV3
45502-1,0,1,0.00,2013,EV3
45505-1,0,1,0.00,2013,EV3
9748-1,4,135,0.03,1999,Star Wars
9754-1,0,121,0.00,2000,Star Wars
9731-1,2,41,0.05,2000,RCX
KB565-1,0,1,0.00,2004,RCX
3800-1,2,71,0.03,2001,RCX
9758-1,0,1,0.00,1999,RCX
9756-1,0,1,0.00,1999,RCX
9755-1,0,1,0.00,1999,RCX
9735-1,1,109,0.01,1999,RCX
9911-1,0,3,0.00,2004,RCX
3804-1,4,155,0.03,2001,RCX
MiniRCX-1,2,4,0.50,2008,RCX
9730-1,3,38,0.08,1998,RCX
9747-1,2,143,0.01,1999,RCX
3803-1,0,24,0.00,1999,RCX
9736-1,1,60,0.02,1999,RCX
3801-1,0,24,0.00,2000,RCX
9757-1,0,2,0.00,1999,RCX
9732-1,1,58,0.02,1998,RCX
9719-1,1,142,0.01,1998,RCX
3805-1,1,1,1.00,2002,RCX
9738-1,0,1,0.00,1998,RCX
9749-1,1,1,1.00,2009,NXT
2852725-1,1,1,1.00,2011,NXT
8527-1,3,94,0.03,2006,NXT
9842-1,0,1,0.00,2006,NXT
9694-1,0,1,0.00,2010,NXT
9695-1,0,143,0.00,2010,NXT
8529-1,0,3,0.00,2006,NXT
10285-1,0,1,0.00,2011,NXT
9798-1,1,1,1.00,2006,NXT
MS1034-1,0,1,0.00,2006,NXT
MiniNXT-1,1,3,0.33,2008,NXT
9833-3,1,1,1.00,2006,NXT
9845-1,0,1,0.00,2006,NXT
10287-1,0,1,0.00,2009,NXT
2853216-1,1,1,1.00,2011,NXT
9843-1,0,1,0.00,2006,NXT
9844-1,0,1,0.00,2006,NXT
NMS1035-1,1,1,1.00,2010,NXT
9693-1,0,1,0.00,2010,NXT
9846-1,0,1,0.00,2006,NXT
9833-2,0,1,0.00,1996,NXT
8547-1,2,89,0.02,2009,NXT
9841-1,0,1,0.00,2006,NXT
9833-1,0,1,0.00,1996,NXT
8528-1,0,1,0.00,2006,NXT
MS1038-1,1,1,1.00,2006,NXT
10078-1,0,1,0.00,2003,Train
3736-1,0,3,0.00,2000,Train
3735-1,0,3,0.00,2000,Train
3737-1,0,7,0.00,2000,Train
10072-1,0,28,0.00,2003,Technic
10074-1,0,28,0.00,2003,Technic
10076-1,0,23,0.00,2002,Technic
10077-1,0,10,0.00,2003,Technic
10073-1,0,14,0.00,2003,Technic
3732-1,0,6,0.00,2000,Castle
10066-1,0,37,0.00,2002,Castle
10008-1,0,1,0.00,2001,Bulk Bricks
3474-1,0,1,0.00,2000,Bulk Bricks
3482-1,0,1,0.00,2000,Bulk Bricks
3463-1,0,1,0.00,2000,Bulk Bricks
3478-1,0,1,0.00,2000,Bulk Bricks
3738-1,0,1,0.00,2000,Bulk Bricks
3756-1,0,1,0.00,2003,Bulk Bricks
3473-1,0,1,0.00,2000,Bulk Bricks
3492-1,0,1,0.00,2000,Bulk Bricks
3475-1,0,1,0.00,2000,Bulk Bricks
3508-1,0,2,0.00,2001,Bulk Bricks
10043-1,0,1,0.00,2002,Bulk Bricks
3472-1,0,1,0.00,2000,Bulk Bricks
10056-1,0,6,0.00,2002,Bulk Bricks
3729-1,0,1,0.00,2000,Bulk Bricks
3467-1,0,1,0.00,2000,Bulk Bricks
10049-1,0,7,0.00,2002,Bulk Bricks
BAG6-1,0,6,0.00,2006,Bulk Bricks
10057-1,0,6,0.00,2002,Bulk Bricks
10114-1,0,1,0.00,2001,Bulk Bricks
B001-1,0,2,0.00,2001,Bulk Bricks
3468-1,0,1,0.00,2000,Bulk Bricks
3470-1,0,1,0.00,2003,Bulk Bricks
10046-1,0,3,0.00,2002,Bulk Bricks
10012-1,0,17,0.00,2001,Bulk Bricks
10055-1,0,2,0.00,2003,Bulk Bricks
10146-1,0,12,0.00,2004,Bulk Bricks
3453-1,0,1,0.00,2000,Bulk Bricks
10005-1,0,1,0.00,2001,Bulk Bricks
10067-1,0,45,0.00,2002,Bulk Bricks
3464-1,0,1,0.00,2003,Bulk Bricks
10007-1,0,1,0.00,2001,Bulk Bricks
3488-1,0,1,0.00,2000,Bulk Bricks
3481-1,0,1,0.00,2000,Bulk Bricks
3454-1,0,1,0.00,2003,Bulk Bricks
3733-1,0,2,0.00,2000,Bulk Bricks
3496-1,0,1,0.00,2003,Bulk Bricks
3495-1,0,1,0.00,2003,Bulk Bricks
3727-1,0,1,0.00,2000,Bulk Bricks
3498-1,0,1,0.00,2000,Bulk Bricks
3458-1,0,1,0.00,2000,Bulk Bricks
3734-1,0,2,0.00,2000,Bulk Bricks
3490-1,0,1,0.00,2000,Bulk Bricks
3461-1,0,1,0.00,2000,Bulk Bricks
B002-1,0,1,0.00,2000,Bulk Bricks
10059-1,0,6,0.00,2002,Bulk Bricks
B003-1,0,2,0.00,2003,Bulk Bricks
3494-1,0,1,0.00,2000,Bulk Bricks
10048-1,0,9,0.00,2002,Bulk Bricks
3752-1,0,1,0.00,2002,Bulk Bricks
10150-1,0,17,0.00,2004,Bulk Bricks
F6316-1,0,4,0.00,2006,Bulk Bricks
3469-1,0,1,0.00,2003,Bulk Bricks
3730-1,0,1,0.00,2000,Bulk Bricks
3447-1,0,1,0.00,2000,Bulk Bricks
3485-1,0,1,0.00,2000,Bulk Bricks
10011-1,0,17,0.00,2001,Bulk Bricks
10044-1,0,6,0.00,2002,Bulk Bricks
3455-1,0,1,0.00,2003,Bulk Bricks
10115-1,0,4,0.00,2001,Bulk Bricks
10112-1,0,1,0.00,2001,Bulk Bricks
3466-1,0,1,0.00,2000,Bulk Bricks
3449-1,0,2,0.00,2000,Bulk Bricks
1715-2,0,49,0.00,1995,Bulk Bricks
3460-1,0,1,0.00,2003,Bulk Bricks
3751-1,0,1,0.00,2003,Bulk Bricks
10051-1,0,1,0.00,2002,Bulk Bricks
3753-1,0,1,0.00,2003,Bulk Bricks
3477-1,0,1,0.00,2000,Bulk Bricks
10061-1,0,8,0.00,2002,Bulk Bricks
3471-1,0,1,0.00,2000,Bulk Bricks
3480-1,0,1,0.00,2003,Bulk Bricks
10113-1,0,1,0.00,2001,Bulk Bricks
3479-1,0,1,0.00,2000,Bulk Bricks
3456-1,0,1,0.00,2000,Bulk Bricks
10004-1,0,1,0.00,2001,Bulk Bricks
3486-1,0,1,0.00,2000,Bulk Bricks
10058-1,0,6,0.00,2002,Bulk Bricks
3457-1,0,1,0.00,2000,Bulk Bricks
10050-1,0,4,0.00,2002,Bulk Bricks
3491-1,0,1,0.00,2000,Bulk Bricks
10162-1,0,5,0.00,2004,Bulk Bricks
10062-1,0,8,0.00,2002,Bulk Bricks
3444-1,0,1,0.00,2000,Bulk Bricks
3507-1,0,1,0.00,2001,Bulk Bricks
3489-1,0,1,0.00,2000,Bulk Bricks
3487-1,0,1,0.00,2000,Bulk Bricks
10148-1,0,17,0.00,2004,Bulk Bricks
10147-1,0,11,0.00,2004,Bulk Bricks
3726-1,0,1,0.00,2003,Bulk Bricks
3445-1,0,1,0.00,2000,Bulk Bricks
10009-1,0,11,0.00,2001,Bulk Bricks
10010-1,0,11,0.00,2003,Bulk Bricks
3754-1,0,1,0.00,2003,Bulk Bricks
10063-1,0,8,0.00,2002,Bulk Bricks
3497-1,0,1,0.00,2003,Bulk Bricks
3484-1,0,1,0.00,2000,Bulk Bricks
3499-1,0,1,0.00,2000,Bulk Bricks
10047-1,0,2,0.00,2002,Bulk Bricks
10045-1,0,3,0.00,2002,Bulk Bricks
10145-1,0,12,0.00,2004,Bulk Bricks
10161-1,0,4,0.00,2004,Bulk Bricks
3459-1,0,1,0.00,2003,Bulk Bricks
3755-1,0,1,0.00,2003,Bulk Bricks
3465-1,0,1,0.00,2003,Bulk Bricks
3446-1,0,1,0.00,2000,Bulk Bricks
10163-1,0,4,0.00,2004,Bulk Bricks
3725-1,0,1,0.00,2003,Bulk Bricks
3483-1,0,1,0.00,2000,Bulk Bricks
10054-1,0,2,0.00,2003,Bulk Bricks
3448-1,0,2,0.00,2000,Bulk Bricks
B004-1,0,1,0.00,2003,Bulk Bricks
10111-1,0,1,0.00,2001,Bulk Bricks
10064-1,0,8,0.00,2002,Bulk Bricks
10065-1,0,8,0.00,2002,Bulk Bricks
10006-1,0,1,0.00,2001,Bulk Bricks
3476-1,0,1,0.00,2000,Bulk Bricks
10003-1,0,1,0.00,2001,Bulk Bricks
10149-1,0,17,0.00,2004,Bulk Bricks
3493-1,0,1,0.00,2000,Bulk Bricks
10053-1,0,3,0.00,2003,Bulk Bricks
10060-1,0,6,0.00,2002,Bulk Bricks
B005-1,0,1,0.00,2003,Bulk Bricks
3462-1,0,1,0.00,2000,Bulk Bricks
10160-1,0,5,0.00,2004,Bulk Bricks
21028-1,1,102,0.01,2016,Skylines
21034-1,2,115,0.02,2017,Skylines
21033-1,1,81,0.01,2017,Skylines
21027-1,4,89,0.04,2016,Skylines
21032-1,3,71,0.04,2017,Skylines
21026-1,2,62,0.03,2016,Skylines
21017-1,1,112,0.01,2013,Architecture
521-15,0,4,0.00,1962,Architecture
520-12,0,3,0.00,1962,Architecture
518-15,0,3,0.00,1962,Architecture
520-15,0,3,0.00,1962,Architecture
21011-1,2,44,0.05,2011,Architecture
21030-1,1,114,0.01,2016,Architecture
21021-1,1,64,0.02,2014,Architecture
21000-2,1,19,0.05,2011,Architecture
21015-1,1,45,0.02,2013,Architecture
521-14,0,4,0.00,1962,Architecture
518-9,0,3,0.00,1962,Architecture
518-13,0,3,0.00,1962,Architecture
520-11,0,3,0.00,1962,Architecture
21014-1,1,102,0.01,2012,Architecture
518-12,0,3,0.00,1962,Architecture
521-12,0,4,0.00,1962,Architecture
519-11,0,3,0.00,1962,Architecture
21010-1,1,100,0.01,2011,Architecture
520-14,0,3,0.00,1962,Architecture
519-12,0,3,0.00,1962,Architecture
21008-1,1,22,0.05,2011,Architecture
520-13,0,3,0.00,1962,Architecture
520-9,0,3,0.00,1962,Architecture
519-13,0,3,0.00,1962,Architecture
521-13,0,4,0.00,1962,Architecture
518-14,0,3,0.00,1962,Architecture
521-9,0,4,0.00,1962,Architecture
21031-1,1,56,0.02,2016,Architecture
21020-1,1,85,0.01,2014,Architecture
518-11,0,3,0.00,1962,Architecture
21029-1,1,119,0.01,2016,Architecture
519-15,0,3,0.00,1962,Architecture
21005-1,1,63,0.02,2009,Architecture
519-9,0,3,0.00,1962,Architecture
21019-1,2,56,0.04,2014,Architecture
521-11,0,4,0.00,1962,Architecture
21001-1,1,24,0.04,2008,Architecture
519-14,0,3,0.00,1962,Architecture
21006-1,1,81,0.01,2010,Architecture
21004-1,3,61,0.05,2009,Architecture
21013-1,1,40,0.03,2012,Architecture
21009-1,1,54,0.02,2011,Architecture
521-10,0,4,0.00,1962,Architecture
21018-1,2,87,0.02,2013,Architecture
518-10,0,3,0.00,1962,Architecture
21050-1,0,76,0.00,2013,Architecture
519-10,0,3,0.00,1962,Architecture
21012-1,1,60,0.02,2012,Architecture
21007-1,2,50,0.04,2010,Architecture
21022-1,1,40,0.03,2015,Architecture
21024-1,1,74,0.01,2015,Architecture
21000-1,1,19,0.05,2008,Architecture
520-10,0,3,0.00,1962,Architecture
21003-1,1,26,0.04,2009,Architecture
21016-1,1,53,0.02,2012,Architecture
21023-1,1,61,0.02,2015,Architecture
21035-1,2,143,0.01,2017,Architecture
21002-1,1,22,0.05,2009,Architecture
4702-1,3,40,0.08,2001,Sorcerer's Stone
4723-1,2,71,0.03,2001,Sorcerer's Stone
4706-1,3,79,0.04,2001,Sorcerer's Stone
4722-1,2,45,0.04,2001,Sorcerer's Stone
4707-1,2,113,0.02,2001,Sorcerer's Stone
4709-1,4,235,0.02,2001,Sorcerer's Stone
4711-1,1,17,0.06,2002,Sorcerer's Stone
4712-1,1,42,0.02,2002,Sorcerer's Stone
4721-1,1,55,0.02,2001,Sorcerer's Stone
4704-1,0,67,0.00,2001,Sorcerer's Stone
4705-1,0,80,0.00,2001,Sorcerer's Stone
4701-1,1,35,0.03,2001,Sorcerer's Stone
4714-1,3,105,0.03,2002,Sorcerer's Stone
4755-1,6,83,0.07,2004,Prisoner of Azkaban
4753-1,2,78,0.03,2004,Prisoner of Azkaban
4757-1,3,248,0.01,2004,Prisoner of Azkaban
4754-1,0,104,0.00,2004,Prisoner of Azkaban
4756-1,5,175,0.03,2004,Prisoner of Azkaban
4751-1,3,62,0.05,2004,Prisoner of Azkaban
4752-1,3,98,0.03,2004,Prisoner of Azkaban
4750-1,2,31,0.06,2004,Prisoner of Azkaban
5378-1,2,257,0.01,2007,Order of the Phoenix
4768-2,0,161,0.00,2005,Goblet of Fire
4766-1,10,211,0.05,2005,Goblet of Fire
4762-1,9,90,0.10,2005,Goblet of Fire
4767-1,13,112,0.12,2005,Goblet of Fire
4768-1,2,167,0.01,2005,Goblet of Fire
4735-1,4,52,0.08,2002,Chamber of Secrets
4733-1,1,68,0.01,2002,Chamber of Secrets
4719-1,2,68,0.03,2003,Chamber of Secrets
4727-1,3,89,0.03,2002,Chamber of Secrets
4729-1,4,145,0.03,2002,Chamber of Secrets
4726-1,7,89,0.08,2002,Chamber of Secrets
4730-1,9,170,0.05,2002,Chamber of Secrets
4731-1,4,52,0.08,2002,Chamber of Secrets
4720-1,2,101,0.02,2003,Chamber of Secrets
4728-1,4,142,0.03,2002,Chamber of Secrets
4758-1,0,129,0.00,2004,Harry Potter
30111-1,0,21,0.00,2011,Harry Potter
4867-1,11,156,0.07,2011,Harry Potter
4737-1,5,75,0.07,2010,Harry Potter
4738-1,2,160,0.01,2010,Harry Potter
4841-1,4,224,0.02,2010,Harry Potter
4842-1,12,322,0.04,2010,Harry Potter
30110-1,0,16,0.00,2011,Harry Potter
40028-1,0,27,0.00,2011,Harry Potter
HPG03-1,0,1,0.00,2002,Harry Potter
4866-1,5,83,0.06,2011,Harry Potter
10132-1,2,217,0.01,2004,Harry Potter
TRU01-1,0,18,0.00,2002,Harry Potter
4865-1,4,41,0.10,2011,Harry Potter
10217-1,3,377,0.01,2011,Harry Potter
4708-1,0,149,0.00,2001,Harry Potter
4840-1,9,188,0.05,2010,Harry Potter
4736-1,2,47,0.04,2010,Harry Potter
4695-1,1,22,0.05,2004,Harry Potter
K8882-1,0,1,0.00,2009,RC Train
8867-1,0,1,0.00,2009,RC Train
7996-1,1,2,0.50,2007,RC Train
7895-1,0,4,0.00,2006,RC Train
8866-1,1,3,0.33,2009,RC Train
7896-1,0,3,0.00,2006,RC Train
7499-1,0,3,0.00,2011,RC Train
4519-1,1,1,1.00,1999,9V
2159-1,0,3,0.00,2006,9V
4531-1,1,5,0.20,1991,9V
4206-1,0,5,0.00,2006,9V
4548-1,0,3,0.00,1991,9V
4515-1,0,1,0.00,1991,9V
10153-1,0,2,0.00,2002,9V
4520-1,0,1,0.00,1991,9V
156-2,0,2,0.00,1976,4.5V
108-1,0,1,0.00,1976,4.5V
158-1,0,4,0.00,1969,4.5V
157-2,0,4,0.00,1969,4.5V
155-1,0,3,0.00,1967,4.5V
102-1,0,9,0.00,1968,4.5V
139-1,0,6,0.00,1969,4.5V
100-2,0,9,0.00,1966,4.5V
151-1,0,6,0.00,1966,4.5V
156-1,0,4,0.00,1968,4.5V
7853-1,1,2,0.50,1980,4.5V
161-1,0,6,0.00,1972,4.5V
7851-1,0,3,0.00,1980,4.5V
157-1,2,3,0.67,1976,4.5V
104-1,0,1,0.00,1970,4.5V
101-1,0,1,0.00,1969,4.5V
160-1,0,2,0.00,1968,4.5V
7850-1,0,2,0.00,1980,4.5V
159-1,0,3,0.00,1976,4.5V
154-1,1,3,0.33,1967,4.5V
7852-1,2,6,0.33,1980,4.5V
100-1,0,10,0.00,1966,4.5V
101-3,0,1,0.00,1966,4.5V
139A-1,0,6,0.00,1969,4.5V
150-1,0,4,0.00,1966,4.5V
7856-1,0,7,0.00,1980,12V
706-1,0,1,0.00,1969,12V
7863-1,0,6,0.00,1980,12V
740-2,1,1,1.00,1969,12V
754-1,1,5,0.20,1969,12V
705-1,0,1,0.00,1969,12V
7857-1,1,2,0.50,1980,12V
7860-1,2,13,0.15,1980,12V
706-3,1,1,1.00,1974,12V
7861-1,0,7,0.00,1980,12V
751-1,0,1,0.00,1969,12V
7867-1,0,11,0.00,1983,12V
750-1,0,1,0.00,1969,12V
755-1,2,7,0.29,1974,12V
703-1,0,1,0.00,1969,12V
7854-1,0,1,0.00,1980,12V
742-1,1,1,1.00,1970,12V
7864-1,3,19,0.16,1980,12V
7859-1,0,9,0.00,1980,12V
7858-1,0,9,0.00,1980,12V
756-1,1,2,0.50,1974,12V
7855-1,0,1,0.00,1980,12V
708-1,3,3,1.00,1970,12V
704-1,0,1,0.00,1969,12V
702-1,0,12,0.00,1969,12V
7862-1,5,12,0.42,1981,12V
753-1,1,5,0.20,1969,12V
7865-1,0,7,0.00,1980,12V
741-1,1,1,1.00,1974,12V
5001925-1,0,1,0.00,2013,RC Train
7938-1,1,137,0.01,2010,RC Train
10233-1,4,253,0.02,2013,RC Train
3677-1,2,243,0.01,2011,RC Train
K10194-1,0,1,0.00,2009,RC Train
10219-1,2,226,0.01,2011,RC Train
7898-1,2,277,0.01,2006,RC Train
7897-1,1,110,0.01,2006,RC Train
7997-1,0,139,0.00,2007,RC Train
7939-1,2,245,0.01,2010,RC Train
10194-1,3,212,0.01,2009,RC Train
4512-1,6,169,0.04,2003,World City
3385-1,0,7,0.00,2003,World City
10158-1,0,50,0.00,2004,World City
10128-1,0,135,0.00,2003,World City
4514-1,1,78,0.01,2003,World City
3384-1,0,4,0.00,2003,World City
4511-1,2,112,0.02,2003,World City
4513-1,3,155,0.02,2003,World City
10027-1,1,170,0.01,2003,World City
10157-1,0,59,0.00,2004,World City
4186876-1,0,40,0.00,2002,My Own Train
10205-1,0,65,0.00,2002,My Own Train
3741-1,0,29,0.00,2001,My Own Train
4186874-1,0,55,0.00,2002,My Own Train
4186870-1,0,26,0.00,2002,My Own Train
10014-1,0,55,0.00,2001,My Own Train
10015-1,0,42,0.00,2001,My Own Train
3745-1,0,32,0.00,2001,My Own Train
3746-1,0,33,0.00,2001,My Own Train
10017-1,0,46,0.00,2001,My Own Train
10013-1,0,26,0.00,2001,My Own Train
3742-1,0,20,0.00,2001,My Own Train
4186872-1,0,42,0.00,2002,My Own Train
4186875-1,0,38,0.00,2002,My Own Train
3743-1,0,33,0.00,2001,My Own Train
3744-1,0,33,0.00,2001,My Own Train
4186868-1,1,61,0.02,2002,My Own Train
3747-1,0,33,0.00,2001,My Own Train
10016-1,0,41,0.00,2001,My Own Train
4534-1,0,11,0.00,2002,My Own Train
4535-1,0,165,0.00,2002,My Own Train
3740-1,0,29,0.00,2001,My Own Train
10025-1,0,67,0.00,2002,My Own Creation
10022-1,0,81,0.00,2002,My Own Creation
4541-1,0,67,0.00,1999,9V
4532-1,1,61,0.02,1996,9V
3225-1,1,102,0.01,1998,9V
4544-1,0,70,0.00,1994,9V
4539-1,0,51,0.00,1991,9V
10173-1,0,222,0.00,2006,9V
4549-1,0,168,0.00,1993,9V
10020-1,0,122,0.00,2002,9V
4553-1,1,73,0.01,1999,9V
4559-1,2,193,0.01,1996,9V
4537-1,1,78,0.01,1993,9V
4561-1,0,207,0.00,1999,9V
K2159-1,0,6,0.00,2006,9V
4551-1,1,98,0.01,1991,9V
4546-1,0,49,0.00,1991,9V
4564-1,3,206,0.01,1994,9V
4563-1,0,149,0.00,1991,9V
2150-1,1,197,0.01,1996,9V
4536-1,0,48,0.00,1991,9V
4558-1,2,189,0.01,1991,9V
4565-1,0,182,0.00,1996,9V
4552-1,0,139,0.00,1995,9V
2585-1,3,20,0.15,1998,9V
4555-1,1,170,0.01,1995,9V
4557-1,1,100,0.01,1999,9V
4554-1,0,178,0.00,1991,9V
10133-1,0,100,0.00,2004,9V
10020-2,3,123,0.02,2002,9V
4533-1,0,42,0.00,1999,9V
2126-1,1,137,0.01,1997,9V
4525-1,0,50,0.00,1994,9V
4560-1,0,193,0.00,1999,9V
4556-1,0,102,0.00,1999,9V
4543-1,0,94,0.00,1991,9V
4547-1,3,85,0.04,1993,9V
10170-1,0,99,0.00,2005,9V
133-1,0,26,0.00,1975,4.5V
114-2,0,23,0.00,1966,4.5V
118-1,0,35,0.00,1968,4.5V
164-1,1,38,0.03,1978,4.5V
132-2,0,23,0.00,1972,4.5V
153-1,0,6,0.00,1966,4.5V
116-2,1,54,0.02,1968,4.5V
7814-1,0,45,0.00,1980,4.5V
115-2,0,27,0.00,1966,4.5V
112-2,0,25,0.00,1966,4.5V
7816-1,0,32,0.00,1980,4.5V
7813-1,1,38,0.03,1986,4.5V
183-1,0,55,0.00,1976,4.5V
7720-1,0,106,0.00,1980,4.5V
137-2,0,15,0.00,1975,4.5V
7722-1,0,143,0.00,1985,4.5V
163-1,0,43,0.00,1977,4.5V
7822-1,0,62,0.00,1980,4.5V
170-1,0,25,0.00,1972,4.5V
7824-1,0,130,0.00,1983,4.5V
7710-1,2,87,0.02,1980,4.5V
180-1,0,65,0.00,1972,4.5V
167-1,0,44,0.00,1978,4.5V
7838-1,1,94,0.01,1983,4.5V
165-1,0,50,0.00,1978,4.5V
118-2,0,21,0.00,1968,4.5V
130-1,0,8,0.00,1972,4.5V
128-2,0,15,0.00,1972,4.5V
7810-1,1,44,0.02,1980,4.5V
124-1,1,16,0.06,1969,4.5V
125-1,0,10,0.00,1969,4.5V
7835-1,0,52,0.00,1985,4.5V
148-1,0,49,0.00,1975,4.5V
134-1,0,21,0.00,1975,4.5V
117-1,0,29,0.00,1967,4.5V
120-1,1,38,0.03,1969,4.5V
7715-1,1,97,0.01,1985,4.5V
136-1,0,24,0.00,1975,4.5V
181-1,0,47,0.00,1972,4.5V
162-1,0,48,0.00,1977,4.5V
7818-1,0,42,0.00,1980,4.5V
146-1,0,31,0.00,1976,4.5V
113-2,3,40,0.08,1966,4.5V
7821-1,0,42,0.00,1983,4.5V
118-3,0,73,0.00,1969,4.5V
128-3,0,21,0.00,1971,4.5V
149-1,1,65,0.02,1976,4.5V
152-1,0,6,0.00,1966,4.5V
147-1,1,36,0.03,1976,4.5V
131-1,0,15,0.00,1972,4.5V
166-1,0,17,0.00,1978,4.5V
7817-1,0,61,0.00,1985,4.5V
127-1,0,57,0.00,1969,4.5V
7815-1,2,54,0.04,1983,4.5V
138-1,0,34,0.00,1969,4.5V
171-1,0,36,0.00,1972,4.5V
119-1,0,75,0.00,1968,4.5V
116-1,0,57,0.00,1967,4.5V
122-1,1,34,0.03,1969,4.5V
111-2,0,21,0.00,1966,4.5V
126-1,1,20,0.05,1970,4.5V
123-1,1,17,0.06,1969,4.5V
182-1,0,64,0.00,1975,4.5V
7740-1,1,120,0.01,1980,12V
727-1,0,29,0.00,1977,12V
7834-1,3,31,0.10,1980,12V
7866-1,2,62,0.03,1983,12V
724-1,0,39,0.00,1972,12V
7760-1,1,55,0.02,1980,12V
7745-1,4,137,0.03,1985,12V
720-2,8,67,0.12,1969,12V
7727-1,0,128,0.00,1983,12V
7725-1,0,70,0.00,1981,12V
7735-1,0,129,0.00,1985,12V
7730-1,0,116,0.00,1980,12V
723-2,0,23,0.00,1974,12V
723-1,1,25,0.04,1970,12V
721-1,1,30,0.03,1969,12V
7750-1,1,95,0.01,1980,12V
7755-1,0,59,0.00,1983,12V
725-2,0,61,0.00,1974,12V
722-2,3,35,0.09,1970,12V
7839-1,0,109,0.00,1986,12V
7823-1,0,134,0.00,1986,12V
7936-1,0,67,0.00,2010,Train
10001-1,0,188,0.00,2001,Train
7937-1,0,128,0.00,2010,Train
726-1,0,72,0.00,1976,Train
10002-1,2,66,0.03,2001,Train
7819-1,0,55,0.00,1983,Train
7820-1,0,56,0.00,1980,Train
40201-1,0,65,0.00,2016,Valentine
40120-1,0,69,0.00,2015,Valentine
40016-1,0,6,0.00,2011,Valentine
40004-1,0,9,0.00,2010,Valentine
40051-1,0,16,0.00,2013,Valentine
2008-1,0,12,0.00,2008,Valentine
2009-2,0,12,0.00,2009,Valentine
40085-1,0,53,0.00,2014,Valentine
40236-1,0,92,0.00,2017,Valentine
40011-1,0,32,0.00,2010,Thanksgiving
40123-1,0,88,0.00,2015,Thanksgiving
40204-1,0,69,0.00,2016,Thanksgiving
10090-1,1,32,0.03,2003,Thanksgiving
40033-1,0,29,0.00,2012,Thanksgiving
40091-1,0,49,0.00,2014,Thanksgiving
40021-1,0,14,0.00,2011,Halloween
40203-1,0,76,0.00,2016,Halloween
40012-1,0,9,0.00,2010,Halloween
3731-1,0,11,0.00,2000,Halloween
850936-1,0,11,0.00,2014,Halloween
40013-1,0,4,0.00,2010,Halloween
40014-1,0,9,0.00,2010,Halloween
40020-1,0,31,0.00,2011,Halloween
40032-1,0,35,0.00,2012,Halloween
3047-1,2,88,0.02,1998,Halloween
40122-1,0,76,0.00,2015,Halloween
40055-1,0,16,0.00,2013,Halloween
40090-1,0,46,0.00,2014,Halloween
10071-1,0,18,0.00,2003,Easter
40005-1,0,35,0.00,2010,Easter
40086-1,0,48,0.00,2014,Easter
40202-1,0,46,0.00,2016,Easter
6058324-1,0,13,0.00,2013,Easter
5004468-1,0,4,0.00,2016,Easter
40018-1,0,57,0.00,2011,Easter
4212838-1,0,8,0.00,2004,Easter
40030-1,0,27,0.00,2012,Easter
4599605-1,0,5,0.00,2010,Easter
40031-1,1,33,0.03,2012,Easter
40017-1,0,33,0.00,2011,Easter
10169-1,0,31,0.00,2005,Easter
40121-1,0,85,0.00,2015,Easter
4212847-1,0,8,0.00,2004,Easter
1545-1,0,18,0.00,1992,Easter
1551-1,0,5,0.00,1985,Easter
40053-1,0,57,0.00,2013,Easter
1677-1,0,17,0.00,1990,Easter
10168-1,0,36,0.00,2005,Easter
4212852-1,0,16,0.00,2004,Easter
1263-1,0,23,0.00,2000,Easter
1264-1,0,20,0.00,2000,Easter
40237-1,1,69,0.01,2017,Easter
850950-1,0,18,0.00,2014,Creator
850850-1,0,18,0.00,2013,Creator
30186-1,0,17,0.00,2013,Creator
852744-1,0,30,0.00,2009,Creator
40107-1,0,52,0.00,2014,Creator
40082-1,0,60,0.00,2013,Creator
850843-1,0,18,0.00,2013,Creator
40058-1,0,53,0.00,2013,Creator
850949-1,0,17,0.00,2014,Creator
10245-1,3,362,0.01,2014,Creator
30182-1,0,40,0.00,2012,Creator
40083-1,0,68,0.00,2013,Creator
850851-1,0,19,0.00,2013,Creator
5002813-1,1,15,0.07,2014,Creator
850852-1,0,15,0.00,2013,Creator
40059-1,0,63,0.00,2013,Creator
850842-1,0,21,0.00,2013,Creator
30286-1,0,44,0.00,2015,Christmas
40092-1,0,70,0.00,2014,Christmas
3300014-1,0,66,0.00,2012,Christmas
1978-1,0,18,0.00,1991,Christmas
40206-1,0,74,0.00,2016,Christmas
852741-1,24,42,0.57,2009,Christmas
10069-1,0,7,0.00,2002,Christmas
10068-1,0,19,0.00,2002,Christmas
40002-1,0,24,0.00,2009,Christmas
40093-1,0,50,0.00,2014,Christmas
4169306a-1,0,13,0.00,2005,Christmas
3300002-1,0,52,0.00,2011,Christmas
1129-2,0,17,0.00,1999,Christmas
853345-1,0,4,0.00,2011,Christmas
2878-1,0,12,0.00,1997,Christmas
7220-1,0,13,0.00,2004,Christmas
40003-1,0,18,0.00,2009,Christmas
2876-1,0,6,0.00,1997,Christmas
40024-1,0,27,0.00,2011,Christmas
40008-1,0,34,0.00,2010,Christmas
4169306b-1,0,15,0.00,2005,Christmas
4169306c-1,0,18,0.00,2005,Christmas
40034-1,0,31,0.00,2012,Christmas
1556-1,0,1,0.00,1986,Christmas
853344-1,0,4,0.00,2011,Christmas
40035-1,0,23,0.00,2012,Christmas
40009-1,0,36,0.00,2010,Christmas
10254-1,0,299,0.00,2016,Christmas
10222-1,0,275,0.00,2011,Christmas
1127-1,0,19,0.00,1999,Christmas
1807-1,0,15,0.00,1995,Christmas
4613985-1,1,22,0.05,2010,Christmas
1627-1,0,18,0.00,1989,Christmas
245-2,0,14,0.00,1978,Christmas
10070-1,0,16,0.00,2002,Christmas
10216-1,2,225,0.01,2010,Christmas
4659758-1,1,28,0.04,2011,Christmas
1979-1,0,18,0.00,1991,Christmas
1980-1,0,15,0.00,1991,Christmas
10249-1,7,311,0.02,2015,Christmas
10165-1,0,20,0.00,2004,Christmas
40124-1,0,70,0.00,2015,Christmas
10079-1,0,19,0.00,2003,Christmas
3300020-1,0,44,0.00,2011,Christmas
40001-1,0,22,0.00,2009,Christmas
850939-1,0,23,0.00,2014,Christmas
10235-1,4,283,0.01,2013,Christmas
1128-1,0,16,0.00,1997,Christmas
10199-1,1,287,0.00,2009,Christmas
40125-1,0,91,0.00,2015,Christmas
1177-1,2,20,0.10,2000,Christmas
1625-1,0,17,0.00,1989,Christmas
40010-1,0,48,0.00,2010,Christmas
1549-1,0,35,0.00,1992,Christmas
30474-1,0,32,0.00,2016,Christmas
853346-1,0,4,0.00,2011,Christmas
1628-1,0,18,0.00,1989,Christmas
1555-1,0,14,0.00,1986,Christmas
850849-1,0,16,0.00,2013,Christmas
40023-1,0,18,0.00,2011,Christmas
246-2,1,31,0.03,1977,Christmas
10166-1,0,24,0.00,2004,Christmas
1626-1,0,17,0.00,1989,Christmas
40000-1,0,65,0.00,2009,Christmas
4660865-1,0,28,0.00,2011,Christmas
40022-1,0,30,0.00,2011,Christmas
10106-1,0,7,0.00,2006,Christmas
40106-1,0,72,0.00,2014,Christmas
5004420-1,2,23,0.09,2016,Christmas
10080-1,0,17,0.00,2003,Christmas
40138-1,0,103,0.00,2015,Christmas
30028-1,0,14,0.00,2011,Christmas
10229-1,1,368,0.00,2012,Christmas
2873-1,0,7,0.00,1997,Christmas
41016-8,0,11,0.00,2013,Friends
41040-9,0,4,0.00,2014,Friends
3316-17,0,4,0.00,2012,Friends
3316-22,0,16,0.00,2012,Friends
41040-16,0,8,0.00,2014,Friends
3316-10,0,8,0.00,2012,Friends
41016-13,0,7,0.00,2013,Friends
41040-7,1,4,0.25,2014,Friends
41040-6,0,13,0.00,2014,Friends
41040-15,0,9,0.00,2014,Friends
41016-24,0,3,0.00,2013,Friends
41016-14,0,7,0.00,2013,Friends
3316-20,0,1,0.00,2012,Friends
41016-19,0,7,0.00,2013,Friends
41016-18,0,7,0.00,2013,Friends
41040-4,0,5,0.00,2014,Friends
3316-4,0,13,0.00,2012,Friends
3316-7,1,4,0.25,2012,Friends
41040-23,0,6,0.00,2014,Friends
41016-15,0,8,0.00,2013,Friends
41016-22,0,11,0.00,2013,Friends
41040-2,0,4,0.00,2014,Friends
41040-18,0,14,0.00,2014,Friends
41040-19,0,11,0.00,2014,Friends
3316-9,0,6,0.00,2012,Friends
41016-16,0,6,0.00,2013,Friends
41016-2,1,4,0.25,2013,Friends
3316-19,0,6,0.00,2012,Friends
41040-12,0,10,0.00,2014,Friends
3316-16,0,5,0.00,2012,Friends
41016-17,0,12,0.00,2013,Friends
41040-10,0,8,0.00,2014,Friends
41016-5,1,4,0.25,2013,Friends
3316-21,0,8,0.00,2012,Friends
41040-22,0,7,0.00,2014,Friends
41040-17,0,7,0.00,2014,Friends
41016-10,0,16,0.00,2013,Friends
41040-13,0,6,0.00,2014,Friends
3316-12,0,6,0.00,2012,Friends
41016-11,0,13,0.00,2013,Friends
41016-21,0,13,0.00,2013,Friends
41040-14,0,12,0.00,2014,Friends
3316-11,0,7,0.00,2012,Friends
41016-23,0,6,0.00,2013,Friends
3316-2,1,4,0.25,2012,Friends
41016-3,0,10,0.00,2013,Friends
41016-7,0,11,0.00,2013,Friends
41040-11,0,9,0.00,2014,Friends
41040-3,0,9,0.00,2014,Friends
3316-5,0,2,0.00,2012,Friends
41040-24,0,9,0.00,2014,Friends
3316-14,0,5,0.00,2012,Friends
41040-8,0,5,0.00,2014,Friends
41016-9,0,12,0.00,2013,Friends
41040-25,0,14,0.00,2014,Friends
41016-4,0,14,0.00,2013,Friends
41040-20,0,7,0.00,2014,Friends
3316-6,0,8,0.00,2012,Friends
3316-25,0,9,0.00,2012,Friends
3316-3,0,7,0.00,2012,Friends
41016-20,0,6,0.00,2013,Friends
3316-13,0,1,0.00,2012,Friends
3316-8,0,13,0.00,2012,Friends
3316-24,0,7,0.00,2012,Friends
3316-23,0,9,0.00,2012,Friends
41040-5,0,4,0.00,2014,Friends
3316-15,0,5,0.00,2012,Friends
41040-21,0,3,0.00,2014,Friends
41016-25,0,6,0.00,2013,Friends
3316-18,0,9,0.00,2012,Friends
41016-12,0,4,0.00,2013,Friends
41016-6,0,12,0.00,2013,Friends
7958-20,0,4,0.00,2011,Star Wars
7958-16,0,14,0.00,2011,Star Wars
75023-2,0,3,0.00,2013,Star Wars
7958-11,0,7,0.00,2011,Star Wars
7958-24,0,13,0.00,2011,Star Wars
9509-23,0,14,0.00,2012,Star Wars
7958-25,1,7,0.14,2011,Star Wars
9509-15,0,7,0.00,2012,Star Wars
9509-11,0,8,0.00,2012,Star Wars
75056-10,0,16,0.00,2014,Star Wars
75023-12,0,16,0.00,2013,Star Wars
7958-19,0,15,0.00,2011,Star Wars
75023-9,0,14,0.00,2013,Star Wars
75023-24,0,12,0.00,2013,Star Wars
7958-21,0,8,0.00,2011,Star Wars
75056-18,0,14,0.00,2014,Star Wars
7958-14,0,3,0.00,2011,Star Wars
75056-7,0,8,0.00,2014,Star Wars
75056-6,0,10,0.00,2014,Star Wars
75056-14,0,4,0.00,2014,Star Wars
75023-6,0,11,0.00,2013,Star Wars
9509-8,0,14,0.00,2012,Star Wars
9509-17,0,12,0.00,2012,Star Wars
75023-13,0,9,0.00,2013,Star Wars
9509-2,0,13,0.00,2012,Star Wars
9509-5,0,12,0.00,2012,Star Wars
7958-15,0,6,0.00,2011,Star Wars
75056-12,0,4,0.00,2014,Star Wars
75023-8,0,10,0.00,2013,Star Wars
75056-4,0,15,0.00,2014,Star Wars
75056-3,0,3,0.00,2014,Star Wars
7958-3,0,4,0.00,2011,Star Wars
9509-10,0,4,0.00,2012,Star Wars
9509-12,0,7,0.00,2012,Star Wars
75023-15,0,11,0.00,2013,Star Wars
75097-1,1,213,0.00,2015,Star Wars
9509-6,0,8,0.00,2012,Star Wars
9509-13,0,7,0.00,2012,Star Wars
75023-14,0,7,0.00,2013,Star Wars
75023-19,0,4,0.00,2013,Star Wars
7958-12,0,8,0.00,2011,Star Wars
75023-20,0,16,0.00,2013,Star Wars
9509-7,0,7,0.00,2012,Star Wars
75023-11,0,4,0.00,2013,Star Wars
7958-13,0,15,0.00,2011,Star Wars
7958-22,0,10,0.00,2011,Star Wars
75023-17,0,11,0.00,2013,Star Wars
9509-20,0,11,0.00,2012,Star Wars
9509-9,0,7,0.00,2012,Star Wars
75023-21,0,15,0.00,2013,Star Wars
75056-21,0,10,0.00,2014,Star Wars
75056-16,0,15,0.00,2014,Star Wars
7958-6,0,16,0.00,2011,Star Wars
75056-2,0,13,0.00,2014,Star Wars
75023-23,2,4,0.50,2013,Star Wars
9509-18,0,13,0.00,2012,Star Wars
7958-17,0,4,0.00,2011,Star Wars
7958-23,0,7,0.00,2011,Star Wars
75056-9,0,4,0.00,2014,Star Wars
75056-8,0,15,0.00,2014,Star Wars
9509-14,0,12,0.00,2012,Star Wars
75056-19,0,4,0.00,2014,Star Wars
75056-23,2,7,0.29,2014,Star Wars
75056-24,0,21,0.00,2014,Star Wars
75056-13,0,13,0.00,2014,Star Wars
75023-25,1,7,0.14,2013,Star Wars
7958-8,0,9,0.00,2011,Star Wars
75056-25,3,6,0.50,2014,Star Wars
75056-11,0,8,0.00,2014,Star Wars
9509-24,2,8,0.25,2012,Star Wars
75023-16,0,3,0.00,2013,Star Wars
75023-5,0,11,0.00,2013,Star Wars
75023-18,0,13,0.00,2013,Star Wars
9509-16,0,4,0.00,2012,Star Wars
9509-19,0,6,0.00,2012,Star Wars
9509-21,0,12,0.00,2012,Star Wars
7958-10,0,16,0.00,2011,Star Wars
75023-4,0,9,0.00,2013,Star Wars
75056-5,0,5,0.00,2014,Star Wars
7958-4,0,8,0.00,2011,Star Wars
7958-7,0,3,0.00,2011,Star Wars
9509-4,0,9,0.00,2012,Star Wars
9509-22,0,3,0.00,2012,Star Wars
75056-20,0,14,0.00,2014,Star Wars
7958-9,0,4,0.00,2011,Star Wars
7958-2,0,14,0.00,2011,Star Wars
75056-15,0,7,0.00,2014,Star Wars
7958-18,0,8,0.00,2011,Star Wars
75023-22,0,17,0.00,2013,Star Wars
9509-3,0,3,0.00,2012,Star Wars
75023-3,0,9,0.00,2013,Star Wars
75023-10,0,10,0.00,2013,Star Wars
9509-25,2,8,0.25,2012,Star Wars
7958-5,0,11,0.00,2011,Star Wars
75023-7,0,4,0.00,2013,Star Wars
75056-22,0,17,0.00,2014,Star Wars
75056-17,0,4,0.00,2014,Star Wars
6299-13,0,6,0.00,2009,Pirates
6299-11,0,3,0.00,2009,Pirates
6299-20,0,4,0.00,2009,Pirates
6299-6,0,7,0.00,2009,Pirates
6299-4,0,6,0.00,2009,Pirates
6299-7,0,3,0.00,2009,Pirates
6299-22,0,2,0.00,2009,Pirates
6299-16,0,6,0.00,2009,Pirates
6299-9,0,6,0.00,2009,Pirates
6299-5,0,7,0.00,2009,Pirates
6299-10,0,5,0.00,2009,Pirates
6299-12,0,7,0.00,2009,Pirates
6299-17,0,5,0.00,2009,Pirates
6299-3,0,6,0.00,2009,Pirates
6299-2,0,8,0.00,2009,Pirates
6299-19,0,9,0.00,2009,Pirates
6299-24,0,7,0.00,2009,Pirates
6299-18,0,7,0.00,2009,Pirates
6299-23,0,6,0.00,2009,Pirates
6299-15,0,4,0.00,2009,Pirates
6299-14,0,2,0.00,2009,Pirates
6299-25,0,8,0.00,2009,Pirates
6299-8,0,5,0.00,2009,Pirates
6299-21,0,2,0.00,2009,Pirates
4924-21,0,7,0.00,2004,Creator
4924-24,0,9,0.00,2004,Creator
4024-24,0,14,0.00,2003,Creator
4924-11,0,11,0.00,2004,Creator
4024-5,0,10,0.00,2003,Creator
4524-9,0,12,0.00,2002,Creator
4024-6,0,8,0.00,2003,Creator
4924-19,0,11,0.00,2004,Creator
4024-10,0,7,0.00,2003,Creator
4924-2,0,11,0.00,2004,Creator
4024-16,0,11,0.00,2003,Creator
4524-2,0,7,0.00,2002,Creator
4924-14,0,10,0.00,2004,Creator
4024-2,0,13,0.00,2003,Creator
4524-24,0,8,0.00,2002,Creator
4524-8,0,1,0.00,2002,Creator
4924-3,0,10,0.00,2004,Creator
4524-15,0,10,0.00,2002,Creator
4024-8,0,8,0.00,2003,Creator
4924-13,0,3,0.00,2004,Creator
4924-8,0,12,0.00,2004,Creator
4524-6,0,9,0.00,2002,Creator
4024-21,0,11,0.00,2003,Creator
4024-15,0,7,0.00,2003,Creator
4924-6,0,3,0.00,2004,Creator
4524-25,0,4,0.00,2002,Creator
4024-12,0,13,0.00,2003,Creator
4024-17,0,10,0.00,2003,Creator
4524-17,0,10,0.00,2002,Creator
4924-25,0,9,0.00,2004,Creator
4024-9,0,8,0.00,2003,Creator
4524-4,0,5,0.00,2002,Creator
4024-4,0,8,0.00,2003,Creator
4924-9,0,9,0.00,2004,Creator
4024-22,0,11,0.00,2003,Creator
4924-22,0,13,0.00,2004,Creator
4024-23,0,7,0.00,2003,Creator
4924-4,0,14,0.00,2004,Creator
4024-25,0,10,0.00,2003,Creator
4924-23,0,16,0.00,2004,Creator
4524-7,0,7,0.00,2002,Creator
4524-16,0,7,0.00,2002,Creator
4024-18,0,8,0.00,2003,Creator
4524-11,0,5,0.00,2002,Creator
4524-20,0,6,0.00,2002,Creator
4924-18,0,17,0.00,2004,Creator
4024-3,0,7,0.00,2003,Creator
4924-15,0,12,0.00,2004,Creator
4924-10,0,11,0.00,2004,Creator
4924-12,0,11,0.00,2004,Creator
4524-19,0,12,0.00,2002,Creator
4024-20,0,9,0.00,2003,Creator
4524-21,0,8,0.00,2002,Creator
4524-3,0,1,0.00,2002,Creator
4924-16,0,7,0.00,2004,Creator
4924-20,0,10,0.00,2004,Creator
4024-7,0,5,0.00,2003,Creator
4024-14,0,8,0.00,2003,Creator
4924-5,0,16,0.00,2004,Creator
4524-12,0,10,0.00,2002,Creator
4924-7,0,16,0.00,2004,Creator
4524-13,0,9,0.00,2002,Creator
4524-22,0,11,0.00,2002,Creator
4024-19,0,5,0.00,2003,Creator
4524-23,0,10,0.00,2002,Creator
4524-14,0,10,0.00,2002,Creator
4524-18,0,9,0.00,2002,Creator
4524-5,0,11,0.00,2002,Creator
4524-10,0,14,0.00,2002,Creator
4024-13,0,7,0.00,2003,Creator
4924-17,0,12,0.00,2004,Creator
4024-11,0,13,0.00,2003,Creator
7575-18,0,2,0.00,2004,Clikits
7575-3,0,4,0.00,2004,Clikits
7575-4,0,5,0.00,2004,Clikits
7574-22,0,2,0.00,2005,Clikits
7575-10,0,4,0.00,2004,Clikits
7574-23,0,4,0.00,2005,Clikits
7574-12,1,6,0.17,2005,Clikits
7574-13,1,4,0.25,2005,Clikits
7575-15,1,4,0.25,2004,Clikits
7575-11,1,5,0.20,2004,Clikits
7575-9,0,4,0.00,2004,Clikits
7575-24,0,5,0.00,2004,Clikits
7575-6,1,6,0.17,2004,Clikits
7574-3,0,5,0.00,2005,Clikits
7574-19,0,5,0.00,2005,Clikits
7574-9,0,3,0.00,2005,Clikits
7574-5,0,4,0.00,2005,Clikits
7575-2,0,3,0.00,2004,Clikits
7574-4,0,4,0.00,2005,Clikits
7574-25,0,2,0.00,2005,Clikits
7575-12,0,8,0.00,2004,Clikits
7575-22,1,4,0.25,2004,Clikits
7574-11,0,4,0.00,2005,Clikits
7575-23,0,3,0.00,2004,Clikits
7575-17,0,4,0.00,2004,Clikits
7575-19,0,9,0.00,2004,Clikits
7575-7,0,2,0.00,2004,Clikits
7574-21,0,3,0.00,2005,Clikits
7575-25,0,3,0.00,2004,Clikits
7574-17,1,4,0.25,2005,Clikits
7575-13,0,6,0.00,2004,Clikits
7575-20,1,7,0.14,2004,Clikits
7574-15,0,3,0.00,2005,Clikits
7575-8,1,4,0.25,2004,Clikits
7574-6,0,3,0.00,2005,Clikits
7574-14,0,5,0.00,2005,Clikits
7575-14,0,4,0.00,2004,Clikits
7574-2,1,3,0.33,2005,Clikits
7575-21,0,4,0.00,2004,Clikits
7575-5,0,4,0.00,2004,Clikits
7574-8,0,3,0.00,2005,Clikits
7574-10,0,4,0.00,2005,Clikits
7574-16,0,5,0.00,2005,Clikits
7574-7,0,3,0.00,2005,Clikits
7574-20,0,4,0.00,2005,Clikits
7575-16,0,4,0.00,2004,Clikits
7574-24,1,4,0.25,2005,Clikits
7574-18,0,4,0.00,2005,Clikits
1298-6,0,12,0.00,1998,Classic Basic
1298-12,0,7,0.00,1998,Classic Basic
1298-16,0,6,0.00,1998,Classic Basic
1298-14,0,5,0.00,1998,Classic Basic
1298-17,0,7,0.00,1998,Classic Basic
1298-10,0,6,0.00,1998,Classic Basic
1298-4,0,10,0.00,1998,Classic Basic
1298-20,0,9,0.00,1998,Classic Basic
1298-11,0,7,0.00,1998,Classic Basic
1298-21,0,12,0.00,1998,Classic Basic
1298-9,0,10,0.00,1998,Classic Basic
1298-25,0,10,0.00,1998,Classic Basic
1298-22,0,7,0.00,1998,Classic Basic
1298-8,0,7,0.00,1998,Classic Basic
1298-13,0,15,0.00,1998,Classic Basic
1298-24,0,10,0.00,1998,Classic Basic
1298-18,0,6,0.00,1998,Classic Basic
1298-2,0,11,0.00,1998,Classic Basic
1298-15,0,10,0.00,1998,Classic Basic
1298-23,0,11,0.00,1998,Classic Basic
1298-3,0,5,0.00,1998,Classic Basic
1298-5,0,9,0.00,1998,Classic Basic
1298-19,0,7,0.00,1998,Classic Basic
1298-7,0,11,0.00,1998,Classic Basic
2824-18,0,13,0.00,2010,City
7724-2,0,5,0.00,2008,City
7324-13,0,8,0.00,2005,City
7687-10,0,8,0.00,2009,City
2824-20,0,9,0.00,2010,City
7907-23,0,5,0.00,2007,City
7724-13,0,7,0.00,2008,City
7904-8,0,5,0.00,2006,City
60063-2,0,5,0.00,2014,City
7724-18,0,9,0.00,2008,City
7553-22,0,5,0.00,2011,City
60024-4,0,4,0.00,2013,City
7724-8,0,5,0.00,2008,City
7687-5,0,6,0.00,2009,City
60024-20,0,9,0.00,2013,City
7907-12,0,9,0.00,2007,City
7553-19,0,7,0.00,2011,City
7907-16,0,9,0.00,2007,City
7724-6,0,7,0.00,2008,City
7904-11,0,8,0.00,2006,City
2824-6,0,11,0.00,2010,City
7324-22,0,5,0.00,2005,City
7324-24,0,8,0.00,2005,City
7324-17,0,14,0.00,2005,City
7724-5,0,5,0.00,2008,City
60024-10,0,3,0.00,2013,City
60063-8,0,14,0.00,2014,City
7553-17,0,8,0.00,2011,City
7687-20,0,11,0.00,2009,City
7907-10,0,8,0.00,2007,City
60063-10,0,5,0.00,2014,City
7907-18,0,6,0.00,2007,City
60063-20,0,6,0.00,2014,City
7907-25,0,17,0.00,2007,City
7907-21,0,14,0.00,2007,City
7553-25,0,15,0.00,2011,City
7324-5,0,5,0.00,2005,City
7904-3,0,5,0.00,2006,City
2824-25,0,18,0.00,2010,City
7324-8,0,12,0.00,2005,City
7687-16,0,5,0.00,2009,City
7907-7,0,11,0.00,2007,City
60063-5,0,6,0.00,2014,City
7553-2,0,6,0.00,2011,City
2824-14,0,10,0.00,2010,City
7724-24,0,13,0.00,2008,City
7724-22,0,4,0.00,2008,City
7724-17,0,3,0.00,2008,City
7553-18,0,6,0.00,2011,City
60024-15,0,12,0.00,2013,City
60063-18,0,5,0.00,2014,City
7687-6,0,7,0.00,2009,City
7553-14,0,7,0.00,2011,City
7324-3,0,9,0.00,2005,City
60024-22,0,13,0.00,2013,City
7553-3,0,8,0.00,2011,City
2824-19,0,8,0.00,2010,City
7324-25,0,19,0.00,2005,City
60063-22,0,11,0.00,2014,City
7904-10,0,8,0.00,2006,City
7687-25,0,22,0.00,2009,City
60024-2,0,7,0.00,2013,City
2824-22,0,9,0.00,2010,City
7553-10,0,6,0.00,2011,City
2824-7,0,5,0.00,2010,City
7553-5,0,9,0.00,2011,City
2824-23,0,8,0.00,2010,City
2824-4,0,9,0.00,2010,City
7324-15,0,13,0.00,2005,City
7687-7,0,12,0.00,2009,City
7904-7,0,15,0.00,2006,City
7724-7,0,14,0.00,2008,City
7904-12,0,18,0.00,2006,City
60063-16,0,4,0.00,2014,City
2824-21,0,13,0.00,2010,City
60024-14,0,8,0.00,2013,City
60063-9,0,5,0.00,2014,City
7553-6,0,12,0.00,2011,City
7907-14,0,5,0.00,2007,City
7904-22,0,10,0.00,2006,City
7553-20,0,8,0.00,2011,City
7687-15,0,14,0.00,2009,City
7724-20,0,4,0.00,2008,City
7904-20,0,5,0.00,2006,City
7907-9,0,7,0.00,2007,City
60024-3,0,9,0.00,2013,City
7687-17,0,5,0.00,2009,City
7904-17,0,8,0.00,2006,City
2824-12,0,13,0.00,2010,City
7724-25,0,16,0.00,2008,City
7324-18,0,9,0.00,2005,City
7724-9,0,4,0.00,2008,City
60063-21,0,6,0.00,2014,City
60063-6,0,5,0.00,2014,City
60024-6,0,8,0.00,2013,City
7687-2,0,6,0.00,2009,City
60063-19,0,6,0.00,2014,City
7724-3,0,10,0.00,2008,City
7904-19,0,8,0.00,2006,City
60063-17,0,7,0.00,2014,City
60063-13,0,11,0.00,2014,City
7324-6,0,8,0.00,2005,City
60024-21,0,11,0.00,2013,City
7907-20,0,5,0.00,2007,City
7907-17,0,5,0.00,2007,City
7904-13,0,10,0.00,2006,City
7904-14,0,5,0.00,2006,City
7324-7,0,5,0.00,2005,City
7553-4,0,6,0.00,2011,City
60063-4,0,5,0.00,2014,City
7907-6,0,10,0.00,2007,City
60024-13,0,10,0.00,2013,City
60024-16,0,15,0.00,2013,City
7324-9,0,11,0.00,2005,City
7324-19,0,5,0.00,2005,City
60024-18,0,8,0.00,2013,City
2824-8,0,9,0.00,2010,City
7324-11,0,10,0.00,2005,City
60024-17,0,8,0.00,2013,City
60063-12,0,6,0.00,2014,City
60063-24,0,10,0.00,2014,City
7724-16,0,10,0.00,2008,City
7687-22,0,6,0.00,2009,City
7553-9,0,6,0.00,2011,City
7904-16,0,11,0.00,2006,City
7724-21,0,13,0.00,2008,City
60024-23,0,19,0.00,2013,City
7324-4,0,8,0.00,2005,City
7904-5,0,8,0.00,2006,City
60024-19,0,10,0.00,2013,City
60063-14,0,10,0.00,2014,City
7907-8,0,5,0.00,2007,City
7687-8,0,5,0.00,2009,City
60063-23,0,14,0.00,2014,City
7687-11,0,5,0.00,2009,City
7553-15,0,8,0.00,2011,City
60024-12,0,11,0.00,2013,City
7687-19,0,7,0.00,2009,City
2824-2,0,12,0.00,2010,City
7324-16,0,5,0.00,2005,City
7553-21,0,8,0.00,2011,City
7907-15,0,13,0.00,2007,City
7687-21,0,11,0.00,2009,City
7907-13,0,7,0.00,2007,City
7724-4,0,4,0.00,2008,City
7324-14,0,12,0.00,2005,City
2824-11,0,6,0.00,2010,City
7904-18,0,8,0.00,2006,City
7553-7,0,10,0.00,2011,City
2824-3,0,7,0.00,2010,City
7904-24,0,10,0.00,2006,City
7324-23,0,6,0.00,2005,City
7687-13,0,7,0.00,2009,City
7553-13,0,8,0.00,2011,City
7907-5,0,5,0.00,2007,City
7907-22,0,12,0.00,2007,City
7687-12,0,10,0.00,2009,City
2824-5,0,15,0.00,2010,City
2824-9,0,5,0.00,2010,City
7687-23,0,8,0.00,2009,City
60063-25,0,7,0.00,2014,City
7724-10,0,3,0.00,2008,City
60024-8,0,4,0.00,2013,City
60063-15,0,4,0.00,2014,City
2824-13,0,10,0.00,2010,City
7324-20,0,6,0.00,2005,City
7687-3,0,8,0.00,2009,City
60024-25,0,7,0.00,2013,City
7687-24,0,9,0.00,2009,City
60024-7,0,9,0.00,2013,City
7904-21,0,8,0.00,2006,City
7324-21,0,5,0.00,2005,City
2824-16,0,7,0.00,2010,City
7904-6,0,5,0.00,2006,City
7904-9,0,14,0.00,2006,City
7904-23,0,8,0.00,2006,City
7324-10,0,5,0.00,2005,City
7687-4,0,4,0.00,2009,City
7724-19,0,6,0.00,2008,City
7724-14,0,2,0.00,2008,City
7553-11,0,6,0.00,2011,City
60024-24,0,15,0.00,2013,City
7687-18,0,10,0.00,2009,City
7907-3,0,17,0.00,2007,City
7907-19,0,9,0.00,2007,City
7724-15,0,5,0.00,2008,City
2824-17,0,7,0.00,2010,City
7724-11,0,5,0.00,2008,City
60063-3,0,10,0.00,2014,City
7904-2,0,5,0.00,2006,City
7687-14,0,5,0.00,2009,City
7904-15,0,13,0.00,2006,City
7724-12,0,5,0.00,2008,City
60063-11,0,7,0.00,2014,City
7904-4,0,14,0.00,2006,City
7724-23,0,7,0.00,2008,City
7907-24,0,9,0.00,2007,City
7687-9,0,8,0.00,2009,City
7553-24,0,3,0.00,2011,City
2824-10,0,12,0.00,2010,City
60024-11,0,13,0.00,2013,City
7907-11,0,4,0.00,2007,City
2824-24,0,12,0.00,2010,City
7907-2,0,5,0.00,2007,City
7553-12,0,8,0.00,2011,City
60024-5,0,8,0.00,2013,City
60024-9,0,6,0.00,2013,City
7904-25,0,22,0.00,2006,City
7324-2,0,6,0.00,2005,City
7553-23,0,8,0.00,2011,City
7553-16,0,7,0.00,2011,City
60063-7,0,13,0.00,2014,City
7553-8,0,14,0.00,2011,City
2824-15,0,6,0.00,2010,City
7907-4,0,5,0.00,2007,City
7324-12,0,7,0.00,2005,City
7979-7,0,6,0.00,2008,Castle
7979-13,0,7,0.00,2008,Castle
7952-25,2,7,0.29,2010,Castle
7979-14,0,4,0.00,2008,Castle
7979-10,0,6,0.00,2008,Castle
7952-11,0,5,0.00,2010,Castle
7979-11,0,6,0.00,2008,Castle
7952-10,0,8,0.00,2010,Castle
7979-19,0,6,0.00,2008,Castle
7952-9,0,7,0.00,2010,Castle
7979-3,0,8,0.00,2008,Castle
7952-12,0,11,0.00,2010,Castle
7952-4,0,7,0.00,2010,Castle
7952-2,0,6,0.00,2010,Castle
7979-12,0,7,0.00,2008,Castle
7979-23,0,9,0.00,2008,Castle
7952-22,0,7,0.00,2010,Castle
7952-13,0,2,0.00,2010,Castle
7952-16,0,9,0.00,2010,Castle
7952-24,0,13,0.00,2010,Castle
7952-20,0,6,0.00,2010,Castle
7952-8,0,7,0.00,2010,Castle
7952-3,0,16,0.00,2010,Castle
7952-6,0,7,0.00,2010,Castle
7979-15,0,5,0.00,2008,Castle
7979-5,0,6,0.00,2008,Castle
7979-8,0,6,0.00,2008,Castle
7979-25,1,4,0.25,2008,Castle
7979-22,0,5,0.00,2008,Castle
7952-18,0,7,0.00,2010,Castle
7952-17,0,4,0.00,2010,Castle
7952-21,0,8,0.00,2010,Castle
7952-23,0,4,0.00,2010,Castle
7952-5,0,7,0.00,2010,Castle
7952-14,0,7,0.00,2010,Castle
7979-6,0,7,0.00,2008,Castle
7952-19,0,4,0.00,2010,Castle
7979-17,0,10,0.00,2008,Castle
7979-4,0,7,0.00,2008,Castle
7979-2,0,5,0.00,2008,Castle
7979-16,0,8,0.00,2008,Castle
7952-7,0,8,0.00,2010,Castle
7979-24,0,9,0.00,2008,Castle
7952-15,0,7,0.00,2010,Castle
7979-20,0,5,0.00,2008,Castle
7979-18,0,6,0.00,2008,Castle
7979-21,0,10,0.00,2008,Castle
7979-9,0,6,0.00,2008,Castle
7600-19,0,5,0.00,2007,Belville
7600-25,0,12,0.00,2007,Belville
7600-18,0,6,0.00,2007,Belville
7600-15,0,7,0.00,2007,Belville
7600-11,0,5,0.00,2007,Belville
7600-20,0,7,0.00,2007,Belville
7600-21,0,3,0.00,2007,Belville
7600-14,0,11,0.00,2007,Belville
7600-23,0,3,0.00,2007,Belville
7600-3,0,9,0.00,2007,Belville
7600-16,0,5,0.00,2007,Belville
7600-9,0,10,0.00,2007,Belville
7600-6,0,5,0.00,2007,Belville
7600-7,0,8,0.00,2007,Belville
7600-12,0,4,0.00,2007,Belville
7600-24,0,9,0.00,2007,Belville
7600-5,0,6,0.00,2007,Belville
7600-4,0,9,0.00,2007,Belville
7600-10,0,7,0.00,2007,Belville
7600-13,0,4,0.00,2007,Belville
7600-8,0,10,0.00,2007,Belville
7600-2,0,2,0.00,2007,Belville
7600-17,0,13,0.00,2007,Belville
7600-22,0,5,0.00,2007,Belville
1076-3,0,8,0.00,1999,Advent Sub-Set
1076-14,0,8,0.00,1999,Advent Sub-Set
2250-18,0,8,0.00,2000,Advent Sub-Set
4124-3,0,1,0.00,2001,Advent Sub-Set
4428-7,0,7,0.00,2012,Advent Sub-Set
2250-8,0,8,0.00,2000,Advent Sub-Set
4428-25,0,12,0.00,2012,Advent Sub-Set
4124-8,0,1,0.00,2001,Advent Sub-Set
1076-5,0,7,0.00,1999,Advent Sub-Set
4428-23,0,6,0.00,2012,Advent Sub-Set
2250-5,0,7,0.00,2000,Advent Sub-Set
4428-6,0,9,0.00,2012,Advent Sub-Set
4124-6,0,8,0.00,2001,Advent Sub-Set
2250-6,0,8,0.00,2000,Advent Sub-Set
4428-19,0,6,0.00,2012,Advent Sub-Set
4428-2,0,7,0.00,2012,Advent Sub-Set
4428-22,0,6,0.00,2012,Advent Sub-Set
2250-15,0,7,0.00,2000,Advent Sub-Set
1076-7,0,8,0.00,1999,Advent Sub-Set
1076-22,0,9,0.00,1999,Advent Sub-Set
2250-3,0,8,0.00,2000,Advent Sub-Set
1076-16,0,9,0.00,1999,Advent Sub-Set
2250-2,0,12,0.00,2000,Advent Sub-Set
2250-11,0,9,0.00,2000,Advent Sub-Set
1076-20,0,6,0.00,1999,Advent Sub-Set
1076-2,0,10,0.00,1999,Advent Sub-Set
4428-15,0,3,0.00,2012,Advent Sub-Set
4124-11,0,5,0.00,2001,Advent Sub-Set
4428-11,0,4,0.00,2012,Advent Sub-Set
1076-17,0,9,0.00,1999,Advent Sub-Set
2250-17,0,8,0.00,2000,Advent Sub-Set
4124-12,0,8,0.00,2001,Advent Sub-Set
2250-14,0,8,0.00,2000,Advent Sub-Set
2250-12,0,9,0.00,2000,Advent Sub-Set
4428-21,0,7,0.00,2012,Advent Sub-Set
1076-10,0,8,0.00,1999,Advent Sub-Set
4428-10,0,7,0.00,2012,Advent Sub-Set
4124-25,0,4,0.00,2001,Advent Sub-Set
4124-13,0,8,0.00,2001,Advent Sub-Set
1076-15,0,7,0.00,1999,Advent Sub-Set
4124-2,0,6,0.00,2001,Advent Sub-Set
1076-4,0,7,0.00,1999,Advent Sub-Set
2250-7,0,8,0.00,2000,Advent Sub-Set
2250-19,0,8,0.00,2000,Advent Sub-Set
2250-9,0,9,0.00,2000,Advent Sub-Set
4428-4,0,10,0.00,2012,Advent Sub-Set
4124-14,0,9,0.00,2001,Advent Sub-Set
2250-25,0,11,0.00,2000,Advent Sub-Set
4428-12,0,10,0.00,2012,Advent Sub-Set
4428-14,0,7,0.00,2012,Advent Sub-Set
1076-25,0,10,0.00,1999,Advent Sub-Set
4428-9,0,13,0.00,2012,Advent Sub-Set
2250-10,0,6,0.00,2000,Advent Sub-Set
2250-22,0,7,0.00,2000,Advent Sub-Set
4124-18,0,8,0.00,2001,Advent Sub-Set
4428-24,0,14,0.00,2012,Advent Sub-Set
4124-15,0,7,0.00,2001,Advent Sub-Set
1076-18,0,10,0.00,1999,Advent Sub-Set
4124-22,0,8,0.00,2001,Advent Sub-Set
1076-11,0,5,0.00,1999,Advent Sub-Set
4124-9,0,9,0.00,2001,Advent Sub-Set
1076-23,0,8,0.00,1999,Advent Sub-Set
4428-5,0,4,0.00,2012,Advent Sub-Set
4124-4,0,5,0.00,2001,Advent Sub-Set
4124-20,0,6,0.00,2001,Advent Sub-Set
2250-16,0,8,0.00,2000,Advent Sub-Set
4428-8,0,15,0.00,2012,Advent Sub-Set
4124-17,0,9,0.00,2001,Advent Sub-Set
1076-13,0,7,0.00,1999,Advent Sub-Set
1076-24,0,9,0.00,1999,Advent Sub-Set
2250-21,0,8,0.00,2000,Advent Sub-Set
4124-23,0,9,0.00,2001,Advent Sub-Set
2250-24,0,7,0.00,2000,Advent Sub-Set
2250-23,0,7,0.00,2000,Advent Sub-Set
1076-19,0,8,0.00,1999,Advent Sub-Set
2250-20,0,6,0.00,2000,Advent Sub-Set
4428-13,0,6,0.00,2012,Advent Sub-Set
4428-16,0,12,0.00,2012,Advent Sub-Set
4428-3,0,6,0.00,2012,Advent Sub-Set
4124-7,0,7,0.00,2001,Advent Sub-Set
4124-5,0,10,0.00,2001,Advent Sub-Set
4124-21,0,6,0.00,2001,Advent Sub-Set
2250-4,0,6,0.00,2000,Advent Sub-Set
4428-17,0,6,0.00,2012,Advent Sub-Set
4428-18,0,9,0.00,2012,Advent Sub-Set
2250-13,0,7,0.00,2000,Advent Sub-Set
1076-12,0,7,0.00,1999,Advent Sub-Set
4124-24,0,6,0.00,2001,Advent Sub-Set
4124-16,0,7,0.00,2001,Advent Sub-Set
1076-8,0,9,0.00,1999,Advent Sub-Set
4428-20,0,7,0.00,2012,Advent Sub-Set
1076-21,0,8,0.00,1999,Advent Sub-Set
4124-10,0,11,0.00,2001,Advent Sub-Set
4124-19,0,9,0.00,2001,Advent Sub-Set
1076-6,0,8,0.00,1999,Advent Sub-Set
1076-9,0,7,0.00,1999,Advent Sub-Set
41102-1,2,152,0.01,2015,Friends
41131-1,2,133,0.02,2016,Friends
7958-1,1,1,1.00,2011,Star Wars
9509-1,1,1,1.00,2012,Star Wars
75146-1,4,213,0.02,2016,Star Wars
7907-1,0,4,0.00,2007,City
60099-1,0,201,0.00,2015,City
60133-1,1,172,0.01,2016,City
2250-1,0,93,0.00,2000,Advent
1076-1,0,97,0.00,1999,Advent
40222-1,0,158,0.00,2016,Advent
40057-1,0,29,0.00,2013,Seasonal
852786-1,0,10,0.00,2010,Seasonal
40052-1,0,40,0.00,2013,Seasonal
40029-1,0,17,0.00,2012,Seasonal
40056-1,0,34,0.00,2013,Seasonal
7836-1,0,58,0.00,2003,Seasonal
40205-1,0,103,0.00,2016,Seasonal
40048-1,0,9,0.00,2012,Seasonal
851358-1,0,4,0.00,2015,Seasonal
40054-1,0,27,0.00,2013,Seasonal
40223-1,0,70,0.00,2016,Seasonal
10042-1,0,10,0.00,2003,Seasonal
30009-1,0,19,0.00,2009,Seasonal
40015-1,0,20,0.00,2011,Seasonal
30008-1,0,30,0.00,2009,Seasonal
4886-1,0,82,0.00,2004,Building
4888-1,0,156,0.00,2005,Designer Sets
4098-1,0,83,0.00,2003,Designer Sets
7219-1,0,21,0.00,2004,Designer Sets
4402-1,0,172,0.00,2003,Designer Sets
4403-1,0,209,0.00,2003,Designer Sets
7222-1,0,20,0.00,2003,Designer Sets
4904-1,0,19,0.00,2005,Designer Sets
7221-1,0,16,0.00,2003,Designer Sets
4506-1,0,149,0.00,2004,Designer Sets
7223-2,0,21,0.00,2003,Designer Sets
4099-1,0,152,0.00,2003,Designer Sets
4505-1,0,82,0.00,2004,Designer Sets
4096-1,0,88,0.00,2003,Designer Sets
4881-1,0,89,0.00,2005,Designer Sets
4401-1,0,58,0.00,2003,Designer Sets
7268-1,0,17,0.00,2005,Designer Sets
7221-2,0,16,0.00,2003,Designer Sets
4884-1,0,178,0.00,2005,Designer Sets
4882-1,0,79,0.00,2004,Designer Sets
4905-1,0,18,0.00,2005,Designer Sets
4047-1,0,201,0.00,2003,Designer Sets
4097-1,0,112,0.00,2003,Designer Sets
7269-1,0,15,0.00,2005,Designer Sets
4508-1,0,179,0.00,2004,Designer Sets
7910-1,0,17,0.00,2004,Designer Sets
4903-1,0,20,0.00,2005,Designer Sets
7212-1,0,64,0.00,2003,Designer Sets
7912-1,0,18,0.00,2004,Designer Sets
4883-1,0,82,0.00,2005,Designer Sets
7270-1,0,21,0.00,2005,Designer Sets
4101-1,0,181,0.00,2003,Designer Sets
4507-1,0,168,0.00,2004,Designer Sets
7209-1,0,17,0.00,2004,Designer Sets
7911-1,0,22,0.00,2004,Designer Sets
7210-1,0,17,0.00,2004,Designer Sets
3223-1,0,27,0.00,2003,Designer Sets
4100-1,0,140,0.00,2003,Designer Sets
4882-2,0,78,0.00,2004,Designer Sets
4404-1,0,220,0.00,2003,Designer Sets
7218-1,0,23,0.00,2004,Designer Sets
7223-1,0,23,0.00,2003,Designer Sets
6038-1,0,58,0.00,1992,Wolfpack
1596-1,0,32,0.00,1993,Wolfpack
6075-1,0,89,0.00,1992,Wolfpack
6105-1,0,33,0.00,1993,Supplemental
850889-1,0,32,0.00,2014,Supplemental
6103-1,0,31,0.00,1988,Supplemental
6102-1,0,21,0.00,1985,Supplemental
6103-2,0,19,0.00,1984,Supplemental
6044-1,0,75,0.00,1995,Royal Knights
6036-1,0,47,0.00,1995,Royal Knights
6078-1,0,122,0.00,1995,Royal Knights
1752-1,0,15,0.00,1996,Royal Knights
6090-1,4,223,0.02,1995,Royal Knights
1843-3,0,32,0.00,1996,Royal Knights
2892-1,0,15,0.00,1998,Royal Knights
1804-1,0,15,0.00,1996,Royal Knights
6008-1,0,13,0.00,1995,Royal Knights
3739-1,0,142,0.00,2002,My Own Creation
6022-1,0,30,0.00,1984,Lion Knights
6061-1,0,76,0.00,1984,Lion Knights
6016-1,0,27,0.00,1987,Lion Knights
1584-1,0,102,0.00,1988,Lion Knights
6060-1,0,102,0.00,1989,Lion Knights
6067-1,0,105,0.00,1986,Lion Knights
6023-1,0,34,0.00,1986,Lion Knights
6040-1,0,50,0.00,1984,Lion Knights
6021-1,0,30,0.00,1984,Lion Knights
6017-1,0,27,0.00,1987,Lion Knights
6049-1,0,50,0.00,1987,Lion Knights
6010-1,0,26,0.00,1984,Lion Knights
6012-1,0,31,0.00,1986,Lion Knights
6041-1,1,60,0.02,1986,Lion Knights
6039-1,0,38,0.00,1988,Lion Knights
6080-1,0,115,0.00,1984,Lion Knights
6055-1,0,65,0.00,1985,Lion Knights
8706-1,3,23,0.13,2006,Knights Kingdom II
4946-1,3,3,1.00,2005,Knights Kingdom II
8785-1,0,24,0.00,2004,Knights Kingdom II
4944-1,3,3,1.00,2005,Knights Kingdom II
8873-1,0,41,0.00,2005,Knights Kingdom II
8791-1,5,19,0.26,2005,Knights Kingdom II
8782-2,3,25,0.12,2004,Knights Kingdom II
8771-1,0,20,0.00,2004,Knights Kingdom II
8813-1,1,138,0.01,2006,Knights Kingdom II
kk2vp1-1,0,1,0.00,2004,Knights Kingdom II
65642-1,2,2,1.00,2004,Knights Kingdom II
8793-1,5,19,0.26,2005,Knights Kingdom II
8799-1,0,73,0.00,2004,Knights Kingdom II
8821-1,0,91,0.00,2006,Knights Kingdom II
65769-1,0,2,0.00,2005,Knights Kingdom II
8875-1,0,69,0.00,2005,Knights Kingdom II
8792-1,4,21,0.19,2005,Knights Kingdom II
65579-1,0,1,0.00,2004,Knights Kingdom II
8770-1,0,19,0.00,2004,Knights Kingdom II
8874-1,2,71,0.03,2005,Knights Kingdom II
8781-1,11,230,0.05,2004,Knights Kingdom II
50799-1,1,1,1.00,2005,Knights Kingdom II
8773-1,0,21,0.00,2004,Knights Kingdom II
8823-1,6,210,0.03,2006,Knights Kingdom II
8877-1,3,310,0.01,2005,Knights Kingdom II
8783-2,3,26,0.12,2004,Knights Kingdom II
65580-1,1,1,1.00,2004,Knights Kingdom II
8786-1,0,23,0.00,2004,Knights Kingdom II
8704-1,4,20,0.20,2006,Knights Kingdom II
8774-1,0,20,0.00,2004,Knights Kingdom II
4945-1,3,3,1.00,2005,Knights Kingdom II
8786-2,3,26,0.12,2004,Knights Kingdom II
4942-1,3,3,1.00,2005,Knights Kingdom II
8800-1,1,65,0.02,2004,Knights Kingdom II
8701-1,3,56,0.05,2006,Knights Kingdom II
8703-1,4,22,0.18,2006,Knights Kingdom II
65851-1,0,1,0.00,2005,Knights Kingdom II
4943-1,3,3,1.00,2005,Knights Kingdom II
8772-1,0,20,0.00,2004,Knights Kingdom II
65768-1,0,2,0.00,2005,Knights Kingdom II
kk2vp2-1,0,1,0.00,2004,Knights Kingdom II
8784-2,3,26,0.12,2004,Knights Kingdom II
8777-1,4,35,0.11,2004,Knights Kingdom II
8790-1,0,20,0.00,2004,Knights Kingdom II
8801-1,1,84,0.01,2005,Knights Kingdom II
8795-1,4,19,0.21,2005,Knights Kingdom II
8784-1,0,23,0.00,2004,Knights Kingdom II
kk2vp3-1,0,1,0.00,2004,Knights Kingdom II
8802-1,0,72,0.00,2005,Knights Kingdom II
8705-1,4,19,0.21,2006,Knights Kingdom II
5999-1,0,6,0.00,2005,Knights Kingdom II
8782-1,0,22,0.00,2004,Knights Kingdom II
8785-2,3,27,0.11,2004,Knights Kingdom II
8796-1,1,20,0.05,2005,Knights Kingdom II
4941-1,3,3,1.00,2005,Knights Kingdom II
8779-1,3,122,0.02,2004,Knights Kingdom II
8702-1,5,48,0.10,2006,Knights Kingdom II
8780-1,7,183,0.04,2004,Knights Kingdom II
8794-1,4,19,0.21,2005,Knights Kingdom II
5998-1,0,6,0.00,2005,Knights Kingdom II
8809-1,3,23,0.13,2004,Knights Kingdom II
8876-1,0,139,0.00,2005,Knights Kingdom II
8783-1,0,23,0.00,2004,Knights Kingdom II
8778-1,3,85,0.04,2004,Knights Kingdom II
5994-1,0,17,0.00,2005,Knights Kingdom II
8822-1,0,96,0.00,2006,Knights Kingdom II
6091-1,0,186,0.00,2000,Knights Kingdom I
1289-1,0,18,0.00,2000,Knights Kingdom I
4806-1,0,21,0.00,2000,Knights Kingdom I
4801-1,0,12,0.00,2000,Knights Kingdom I
6094-1,0,49,0.00,2000,Knights Kingdom I
4819-1,1,35,0.03,2000,Knights Kingdom I
4818-1,0,16,0.00,2000,Knights Kingdom I
6026-1,0,20,0.00,2000,Knights Kingdom I
1286-1,0,15,0.00,2000,Knights Kingdom I
6095-1,0,73,0.00,2000,Knights Kingdom I
4816-1,0,35,0.00,2000,Knights Kingdom I
10176-1,1,219,0.00,2006,Knights Kingdom I
4817-1,0,34,0.00,2000,Knights Kingdom I
4807-1,0,18,0.00,2000,Knights Kingdom I
6096-1,1,125,0.01,2000,Knights Kingdom I
6032-1,0,34,0.00,2000,Knights Kingdom I
4811-1,0,12,0.00,2000,Knights Kingdom I
1288-1,0,18,0.00,2000,Knights Kingdom I
6098-1,0,193,0.00,2000,Knights Kingdom I
1287-1,0,13,0.00,2000,Knights Kingdom I
7948-1,0,83,0.00,2010,Kingdoms
7946-1,3,212,0.01,2010,Kingdoms
7955-1,1,20,0.05,2010,Kingdoms
6918-1,3,73,0.04,2011,Kingdoms
7950-1,0,42,0.00,2010,Kingdoms
7953-1,0,19,0.00,2010,Kingdoms
30061-1,0,25,0.00,2010,Kingdoms
30062-1,0,28,0.00,2010,Kingdoms
7187-1,2,89,0.02,2011,Kingdoms
7188-1,1,121,0.01,2011,Kingdoms
7947-1,1,155,0.01,2010,Kingdoms
852922-1,0,24,0.00,2010,Kingdoms
10223-1,4,322,0.01,2012,Kingdoms
7189-1,10,200,0.05,2011,Kingdoms
7949-1,0,44,0.00,2010,Kingdoms
852921-1,0,25,0.00,2010,Kingdoms
2848-1,0,16,0.00,1997,Fright Knights
6007-1,0,15,0.00,1997,Fright Knights
6028-1,0,21,0.00,1998,Fright Knights
6087-1,0,126,0.00,1997,Fright Knights
6099-1,1,82,0.01,1997,Fright Knights
2540-1,0,20,0.00,1998,Fright Knights
6047-1,0,80,0.00,1997,Fright Knights
2872-1,0,18,0.00,1997,Fright Knights
6031-1,0,30,0.00,1998,Fright Knights
6097-1,1,194,0.01,1997,Fright Knights
6004-1,0,15,0.00,1997,Fright Knights
2539-1,0,17,0.00,1998,Fright Knights
6027-1,0,44,0.00,1997,Fright Knights
6037-1,0,33,0.00,1997,Fright Knights
6029-1,0,21,0.00,1998,Fright Knights
2538-1,0,16,0.00,1998,Fright Knights
6077-2,0,118,0.00,1989,Forestmen
6054-1,0,72,0.00,1988,Forestmen
6066-1,0,97,0.00,1987,Forestmen
1877-1,0,37,0.00,1990,Forestmen
1974-3,0,34,0.00,1989,Forestmen
1680-1,0,39,0.00,1990,Forestmen
6071-1,2,80,0.03,1990,Forestmen
852702-1,0,26,0.00,2009,Fantasy Era
7036-1,0,199,0.00,2008,Fantasy Era
7091-1,0,65,0.00,2007,Fantasy Era
7093-1,6,163,0.04,2007,Fantasy Era
5614-1,0,15,0.00,2008,Fantasy Era
852701-1,0,17,0.00,2009,Fantasy Era
5373-1,0,17,0.00,2008,Fantasy Era
7092-1,0,80,0.00,2007,Fantasy Era
10193-1,2,321,0.01,2009,Fantasy Era
7048-1,6,161,0.04,2008,Fantasy Era
7090-1,0,40,0.00,2007,Fantasy Era
852271-1,0,25,0.00,2008,Fantasy Era
7094-1,7,205,0.03,2007,Fantasy Era
7078-1,0,66,0.00,2009,Fantasy Era
5618-1,0,16,0.00,2008,Fantasy Era
7041-1,0,96,0.00,2008,Fantasy Era
7009-1,0,39,0.00,2007,Fantasy Era
7038-1,0,86,0.00,2008,Fantasy Era
852272-1,0,26,0.00,2008,Fantasy Era
5615-1,0,17,0.00,2008,Fantasy Era
5372-1,0,17,0.00,2008,Fantasy Era
7079-1,5,143,0.03,2009,Fantasy Era
7040-1,0,51,0.00,2008,Fantasy Era
7029-1,2,211,0.01,2007,Fantasy Era
7037-1,0,139,0.00,2008,Fantasy Era
7097-1,11,197,0.06,2009,Fantasy Era
6046-1,0,125,0.00,1996,Dark Forest
6079-1,1,194,0.01,1996,Dark Forest
6024-1,0,46,0.00,1996,Dark Forest
6042-1,0,58,0.00,1990,Crusaders
6081-1,1,144,0.01,1990,Crusaders
1480-1,0,23,0.00,1991,Crusaders
1695-1,0,19,0.00,1992,Crusaders
2889-1,0,19,0.00,1998,Crusaders
1463-1,0,21,0.00,1992,Crusaders
6083-1,2,76,0.03,1981,Classic Castle
6002-2,0,12,0.00,1983,Classic Castle
383-2,1,76,0.01,1979,Classic Castle
677-1,0,20,0.00,1979,Classic Castle
375-2,0,89,0.00,1978,Classic Castle
6075-2,0,88,0.00,1981,Classic Castle
6077-1,0,21,0.00,1981,Classic Castle
1917-1,0,17,0.00,1993,Black Knights
6059-1,0,91,0.00,1990,Black Knights
1547-1,0,43,0.00,1993,Black Knights
6086-1,1,187,0.01,1992,Black Knights
6085-1,1,141,0.01,1988,Black Knights
2890-1,0,17,0.00,1998,Black Knights
1624-1,0,16,0.00,1993,Black Knights
1888-1,0,26,0.00,1992,Black Knights
6018-1,0,33,0.00,1990,Black Knights
1971-1,0,28,0.00,1993,Black Knights
6034-1,0,40,0.00,1990,Black Knights
6057-1,1,66,0.02,1992,Black Knights
1491-1,0,22,0.00,1992,Black Knights
6009-1,0,20,0.00,1992,Black Knights
6073-1,0,112,0.00,1984,Black Falcons
6030-1,0,32,0.00,1984,Black Falcons
6062-1,0,94,0.00,1987,Black Falcons
6035-1,0,35,0.00,1987,Black Falcons
6011-1,0,21,0.00,1985,Black Falcons
6074-1,1,118,0.01,1986,Black Falcons
6082-1,1,179,0.01,1993,Castle
6076-1,0,117,0.00,1993,Castle
70401-1,0,121,0.00,2013,Castle
6020-1,0,33,0.00,1993,Castle
6056-1,0,73,0.00,1993,Castle
70402-1,2,113,0.02,2013,Castle
70403-1,13,206,0.06,2013,Castle
2586-1,1,21,0.05,1998,Castle
10000-1,0,105,0.00,2001,Castle
70404-1,5,264,0.02,2013,Castle
10039-1,2,114,0.02,2002,Castle
6048-1,0,82,0.00,1993,Castle
1794-1,0,25,0.00,1994,Castle
0016-1,0,9,0.00,1978,Castle
1712-1,0,17,0.00,1994,Castle
2891-1,0,17,0.00,1998,Castle
70400-1,0,68,0.00,2013,Castle
1736-1,0,17,0.00,1995,Castle
1746-1,0,17,0.00,1995,Castle
1732-1,0,16,0.00,1994,Castle
1906-1,0,107,0.00,1994,Castle
6043-1,0,73,0.00,1993,Castle
75155-1,11,215,0.05,2016,Star Wars Rogue One
75152-1,6,145,0.04,2016,Star Wars Rogue One
75119-1,3,53,0.06,2016,Star Wars Rogue One
75156-1,12,238,0.05,2016,Star Wars Rogue One
75153-1,4,191,0.02,2016,Star Wars Rogue One
75120-1,3,61,0.05,2016,Star Wars Rogue One
75121-1,4,51,0.08,2016,Star Wars Rogue One
75154-1,6,169,0.04,2016,Star Wars Rogue One
75160-1,3,57,0.05,2017,Star Wars Rogue One
75171-1,5,162,0.03,2017,Star Wars Rogue One
30496-1,0,39,0.00,2017,Star Wars Rogue One
75164-1,5,71,0.07,2017,Star Wars Rogue One
75165-1,1,40,0.03,2017,Star Wars Rogue One
75172-1,9,231,0.04,2017,Star Wars Rogue One
30277-1,0,33,0.00,2016,Star Wars Episode 7
75148-1,12,245,0.05,2016,Star Wars Episode 7
75132-1,1,51,0.02,2016,Star Wars Episode 7
75126-1,0,60,0.00,2016,Star Wars Episode 7
75140-1,6,186,0.03,2016,Star Wars Episode 7
75114-1,2,54,0.04,2016,Star Wars Episode 7
75118-1,3,46,0.07,2016,Star Wars Episode 7
75113-1,2,49,0.04,2016,Star Wars Episode 7
75131-1,2,61,0.03,2016,Star Wars Episode 7
30605-1,0,3,0.00,2016,Star Wars Episode 7
75139-1,3,121,0.02,2016,Star Wars Episode 7
75125-1,1,36,0.03,2016,Star Wars Episode 7
75115-1,4,53,0.08,2016,Star Wars Episode 7
75117-1,4,41,0.10,2016,Star Wars Episode 7
30279-1,0,24,0.00,2016,Star Wars Episode 7
75116-1,4,48,0.08,2016,Star Wars Episode 7
75149-1,3,234,0.01,2016,Star Wars Episode 7
75180-1,8,188,0.04,2017,Star Wars Episode 7
5004406-1,2,4,0.50,2016,Star Wars Episode 7
75089-1,5,58,0.09,2015,Star Wars Expanded Universe
75088-1,5,53,0.09,2015,Star Wars Expanded Universe
75079-1,4,47,0.09,2015,Star Wars Expanded Universe
75157-1,11,329,0.03,2016,Star Wars Rebels
75106-1,3,274,0.01,2015,Star Wars Rebels
75150-1,7,260,0.03,2016,Star Wars Rebels
75090-1,1,107,0.01,2015,Star Wars Rebels
75158-1,7,228,0.03,2016,Star Wars Rebels
75053-1,10,594,0.02,2014,Star Wars Rebels
75082-1,5,127,0.04,2015,Star Wars Rebels
75129-1,0,48,0.00,2016,Star Wars Rebels
comcon039-1,0,53,0.00,2014,Star Wars Rebels
75083-1,1,180,0.01,2015,Star Wars Rebels
SW911509-1,0,9,0.00,2015,Star Wars Rebels
5002939-1,0,15,0.00,2015,Star Wars Rebels
75141-1,0,85,0.00,2016,Star Wars Rebels
75128-1,0,40,0.00,2016,Star Wars Rebels
75130-1,0,44,0.00,2016,Star Wars Rebels
75084-1,4,177,0.02,2015,Star Wars Rebels
SW911720-1,0,25,0.00,2017,Star Wars Rebels
SW911719-1,0,6,0.00,2017,Star Wars Rebels
75170-1,6,132,0.05,2017,Star Wars Rebels
75048-1,2,90,0.02,2014,Star Wars Rebels
75078-1,0,51,0.00,2015,Star Wars Rebels
5004408-1,3,5,0.60,2016,Star Wars Rebels
SW911724-1,0,25,0.00,2017,Star Wars Rebels
75090-2,1,88,0.01,2015,Star Wars Rebels
75010-1,3,57,0.05,2013,Star Wars Episode 4/5/6
75011-1,2,58,0.03,2013,Star Wars Episode 4/5/6
75009-1,2,49,0.04,2013,Star Wars Episode 4/5/6
75008-1,3,38,0.08,2013,Planet Series 4
75006-1,6,43,0.14,2013,Planet Series 4
75183-1,3,124,0.02,2017,Planet Series 3
5000063-1,1,3,0.33,2012,Minifig Pack
5000062-1,0,2,0.00,2012,Minifig Pack
5002122-1,2,3,0.67,2014,Minifig Pack
2856197-1,0,5,0.00,2011,Minifig Pack
9678-1,4,35,0.11,2012,Planet Series 2
9677-1,2,45,0.04,2012,Planet Series 2
9679-1,3,41,0.07,2012,Planet Series 2
10215-1,3,176,0.02,2010,Star Wars Episode 2
10227-1,0,296,0.00,2012,Star Wars Episode 4/5/6
10143-1,0,137,0.00,2005,Star Wars Episode 4/5/6
10240-1,3,318,0.01,2013,Star Wars Episode 4/5/6
10179-1,2,298,0.01,2007,Star Wars Episode 4/5/6
10212-1,1,253,0.00,2010,Star Wars Episode 4/5/6
10174-1,1,171,0.01,2006,Star Wars Episode 4/5/6
75060-1,3,434,0.01,2015,Star Wars Episode 4/5/6
10175-1,3,154,0.02,2006,Star Wars Episode 4/5/6
10129-1,1,288,0.00,2003,Star Wars Episode 4/5/6
10030-1,0,218,0.00,2002,Star Wars Episode 4/5/6
10134-1,1,262,0.00,2004,Star Wars Episode 4/5/6
7181-1,2,143,0.01,2000,Star Wars Episode 4/5/6
7191-1,2,299,0.01,2000,Star Wars Episode 4/5/6
75098-1,13,510,0.03,2016,Star Wars Episode 4/5/6
10019-1,2,252,0.01,2001,Star Wars Episode 4/5/6
10188-1,2,481,0.00,2008,Star Wars Episode 4/5/6
10221-1,4,209,0.02,2011,Star Wars Episode 4/5/6
10186-1,0,180,0.00,2008,Star Wars Episode 3
10026-1,3,88,0.03,2002,Star Wars Episode 1
10225-1,0,300,0.00,2012,Ultimate Collector Series
TRUGHOST-1,0,20,0.00,2014,Star Wars Other
9500-1,6,176,0.03,2012,Star Wars Other
8087-1,0,75,0.00,2010,Star Wars Other
75025-1,10,226,0.04,2013,Star Wars Other
7668-1,0,42,0.00,2008,Star Wars Other
comcon011-1,3,3,1.00,2009,Star Wars Other
7664-1,0,85,0.00,2007,Star Wars Other
TRUTIE-1,0,7,0.00,2014,Star Wars Other
7667-1,1,52,0.02,2008,Star Wars Other
75145-1,4,145,0.03,2016,Star Wars Other
75147-1,2,168,0.01,2016,Star Wars Other
TRUXWING-1,0,12,0.00,2014,Star Wars Other
VP-10,0,1,0.00,2003,Star Wars Other
7672-1,4,145,0.03,2008,Star Wars Other
CELEBV-1,0,129,0.00,2010,Star Wars Other
75018-1,11,191,0.06,2013,Star Wars Other
4597068-1,0,1,0.00,2010,Star Wars Other
75022-1,7,97,0.07,2013,Star Wars Other
8083-1,0,50,0.00,2010,Star Wars Episode 4/5/6
4477-1,4,54,0.07,2003,Star Wars Episode 4/5/6
7879-1,8,237,0.03,2011,Star Wars Episode 4/5/6
7139-1,3,78,0.04,2002,Star Wars Episode 4/5/6
6210-1,5,195,0.03,2006,Star Wars Episode 4/5/6
9495-1,2,143,0.01,2012,Star Wars Episode 4/5/6
4504-2,0,170,0.00,2003,Star Wars Episode 4/5/6
10178-1,1,175,0.01,2007,Star Wars Episode 4/5/6
6208-1,3,159,0.02,2006,Star Wars Episode 4/5/6
7658-1,1,128,0.01,2007,Star Wars Episode 4/5/6
8097-1,1,172,0.01,2010,Star Wars Episode 4/5/6
10236-1,7,385,0.02,2013,Star Wars Episode 4/5/6
10144-1,6,272,0.02,2005,Star Wars Episode 4/5/6
8092-1,1,82,0.01,2010,Star Wars Episode 4/5/6
7146-1,0,65,0.00,2001,Star Wars Episode 4/5/6
7150-1,0,132,0.00,1999,Star Wars Episode 4/5/6
4504-1,1,190,0.01,2003,Star Wars Episode 4/5/6
7130-1,2,102,0.02,1999,Star Wars Episode 4/5/6
sw218promo-1,0,2,0.00,2009,Star Wars Episode 4/5/6
4500-2,0,103,0.00,2004,Star Wars Episode 4/5/6
6211-1,2,247,0.01,2006,Star Wars Episode 4/5/6
comcon005-1,0,12,0.00,2009,Star Wars Episode 4/5/6
4500-1,0,108,0.00,2003,Star Wars Episode 4/5/6
7119-1,2,48,0.04,2002,Star Wars Episode 4/5/6
8017-1,1,67,0.01,2009,Star Wars Episode 4/5/6
7749-1,0,92,0.00,2009,Star Wars Episode 4/5/6
6212-1,1,157,0.01,2006,Star Wars Episode 4/5/6
75059-1,7,343,0.02,2014,Star Wars Episode 4/5/6
30005-1,0,22,0.00,2009,Star Wars Episode 4/5/6
7152-1,0,132,0.00,2002,Star Wars Episode 4/5/6
8084-1,0,57,0.00,2010,Star Wars Episode 4/5/6
75136-1,0,68,0.00,2016,Star Wars Episode 4/5/6
4480-1,3,110,0.03,2003,Star Wars Episode 4/5/6
7754-1,3,267,0.01,2009,Star Wars Episode 4/5/6
comcon007-1,0,16,0.00,2009,Star Wars Episode 4/5/6
9493-1,3,160,0.02,2012,Star Wars Episode 4/5/6
75014-1,1,212,0.00,2013,Star Wars Episode 4/5/6
75003-1,4,98,0.04,2013,Star Wars Episode 4/5/6
4591726-1,0,1,0.00,2009,Star Wars Episode 4/5/6
7666-1,1,170,0.01,2007,Star Wars Episode 4/5/6
3342-1,3,16,0.19,2000,Star Wars Episode 4/5/6
4502-2,0,196,0.00,2004,Star Wars Episode 4/5/6
9496-1,5,101,0.05,2012,Star Wars Episode 4/5/6
8038-1,5,227,0.02,2009,Star Wars Episode 4/5/6
4483-1,0,196,0.00,2003,Star Wars Episode 4/5/6
7965-1,1,263,0.00,2011,Star Wars Episode 4/5/6
7200-1,0,25,0.00,2002,Star Wars Episode 4/5/6
7110-1,0,29,0.00,1999,Star Wars Episode 4/5/6
7264-1,3,168,0.02,2005,Star Wars Episode 4/5/6
7166-1,0,97,0.00,2001,Star Wars Episode 4/5/6
75138-1,0,120,0.00,2016,Star Wars Episode 4/5/6
7778-1,0,100,0.00,2009,Star Wars Episode 4/5/6
4483-2,0,191,0.00,2004,Star Wars Episode 4/5/6
2853590-1,0,5,0.00,2009,Star Wars Episode 4/5/6
celebvi-1,0,45,0.00,2012,Star Wars Episode 4/5/6
7134-1,2,59,0.03,2000,Star Wars Episode 4/5/6
75081-1,4,114,0.04,2015,Star Wars Episode 4/5/6
8099-1,0,100,0.00,2010,Star Wars Episode 4/5/6
7180-1,2,115,0.02,2000,Star Wars Episode 4/5/6
4501-2,0,111,0.00,2004,Star Wars Episode 4/5/6
3341-1,3,21,0.14,2000,Star Wars Episode 4/5/6
8089-1,2,126,0.02,2010,Star Wars Episode 4/5/6
9516-1,13,209,0.06,2012,Star Wars Episode 4/5/6
9492-1,4,106,0.04,2012,Star Wars Episode 4/5/6
8129-1,1,181,0.01,2010,Star Wars Episode 4/5/6
comcon024-1,0,43,0.00,2012,Star Wars Episode 4/5/6
6206-1,0,68,0.00,2006,Star Wars Episode 4/5/6
7142-1,0,118,0.00,2002,Star Wars Episode 4/5/6
10123-1,6,224,0.03,2003,Star Wars Episode 4/5/6
7956-1,1,91,0.01,2011,Star Wars Episode 4/5/6
75005-1,7,117,0.06,2013,Star Wars Episode 4/5/6
7127-1,1,57,0.02,2001,Star Wars Episode 4/5/6
SWMP-1,1,30,0.03,2005,Star Wars Episode 4/5/6
7657-1,0,87,0.00,2007,Star Wars Episode 4/5/6
9676-1,3,35,0.09,2012,Star Wars Episode 4/5/6
9489-1,0,63,0.00,2012,Star Wars Episode 4/5/6
4476-1,1,36,0.03,2003,Star Wars Episode 4/5/6
75093-1,0,197,0.00,2015,Star Wars Episode 4/5/6
10198-1,4,206,0.02,2009,Star Wars Episode 4/5/6
7128-1,1,40,0.03,1999,Star Wars Episode 4/5/6
6207-1,2,100,0.02,2006,Star Wars Episode 4/5/6
75054-1,3,228,0.01,2014,Star Wars Episode 4/5/6
7106-1,1,27,0.04,2001,Star Wars Episode 4/5/6
10131-1,0,97,0.00,2004,Star Wars Episode 4/5/6
4475-1,3,32,0.09,2003,Star Wars Episode 4/5/6
75137-1,3,110,0.03,2016,Star Wars Episode 4/5/6
6209-1,2,181,0.01,2006,Star Wars Episode 4/5/6
7190-1,5,142,0.04,2000,Star Wars Episode 4/5/6
75020-1,11,222,0.05,2013,Star Wars Episode 4/5/6
7144-1,0,62,0.00,2000,Star Wars Episode 4/5/6
7263-1,0,50,0.00,2005,Star Wars Episode 4/5/6
9490-1,5,74,0.07,2012,Star Wars Episode 4/5/6
4501-1,0,112,0.00,2003,Star Wars Episode 4/5/6
comcon008-1,0,12,0.00,2009,Star Wars Episode 4/5/6
7659-1,0,135,0.00,2007,Star Wars Episode 4/5/6
7201-1,2,24,0.08,2002,Star Wars Episode 4/5/6
7262-1,2,132,0.02,2004,Star Wars Episode 4/5/6
4502-1,0,197,0.00,2003,Star Wars Episode 4/5/6
7140-1,0,118,0.00,1999,Star Wars Episode 4/5/6
75052-1,12,237,0.05,2014,Star Wars Episode 4/5/6
7104-1,1,36,0.03,2000,Star Wars Episode 4/5/6
4479-1,1,65,0.02,2003,Star Wars Episode 4/5/6
75173-1,1,70,0.01,2017,Star Wars Episode 4/5/6
75532-1,2,125,0.02,2017,Star Wars Episode 4/5/6
7256-1,0,100,0.00,2005,Star Wars Episode 3
7654-1,0,50,0.00,2007,Star Wars Episode 3
tf05-1,0,28,0.00,2005,Star Wars Episode 3
6205-1,0,59,0.00,2006,Star Wars Episode 3
8096-1,4,158,0.03,2010,Star Wars Episode 3
7257-1,1,82,0.01,2005,Star Wars Episode 3
75015-1,2,92,0.02,2013,Star Wars Episode 3
9494-1,5,127,0.04,2012,Star Wars Episode 3
7283-1,0,152,0.00,2005,Star Wars Episode 3
7655-1,0,32,0.00,2007,Star Wars Episode 3
7671-1,0,124,0.00,2008,Star Wars Episode 3
9526-1,9,210,0.04,2012,Star Wars Episode 3
7250-1,3,59,0.05,2005,Star Wars Episode 3
7252-1,1,46,0.02,2005,Star Wars Episode 3
7656-1,0,91,0.00,2007,Star Wars Episode 3
7261-1,0,215,0.00,2005,Star Wars Episode 3
7251-1,1,44,0.02,2005,Star Wars Episode 3
7261-2,2,222,0.01,2006,Star Wars Episode 3
75151-1,6,250,0.02,2016,Star Wars Episode 3
75135-1,1,99,0.01,2016,Star Wars Episode 3
8093-1,3,84,0.04,2010,Star Wars Episode 3
7255-1,3,61,0.05,2005,Star Wars Episode 3
sw117promo-1,1,2,0.50,2005,Star Wars Episode 3
7661-1,2,112,0.02,2007,Star Wars Episode 3
7258-1,1,128,0.01,2005,Star Wars Episode 3
7678-1,1,117,0.01,2008,Star Wars Episode 3
7915-1,6,66,0.09,2011,Star Wars Episode 3
65771-1,2,2,1.00,2005,Star Wars Episode 3
7260-1,5,122,0.04,2005,Star Wars Episode 3
75182-1,5,119,0.04,2017,Star Wars Episode 3
7259-1,7,153,0.05,2005,Star Wars Episode 3
75016-1,4,114,0.04,2013,Star Wars Episode 2
7670-1,0,75,0.00,2008,Star Wars Episode 2
4482-1,1,167,0.01,2003,Star Wars Episode 2
75017-1,6,173,0.03,2013,Star Wars Episode 2
75000-1,2,66,0.03,2013,Star Wars Episode 2
7103-1,4,59,0.07,2002,Star Wars Episode 2
7153-1,9,146,0.06,2002,Star Wars Episode 2
7143-1,6,86,0.07,2002,Star Wars Episode 2
75021-1,5,307,0.02,2013,Star Wars Episode 2
75019-1,6,236,0.03,2013,Star Wars Episode 2
4478-2,0,53,0.00,2004,Star Wars Episode 2
SW911612-1,0,21,0.00,2016,Star Wars Episode 2
75085-1,3,61,0.05,2015,Star Wars Episode 2
4478-1,4,63,0.06,2003,Star Wars Episode 2
75142-1,0,96,0.00,2016,Star Wars Episode 2
7133-1,11,140,0.08,2002,Star Wars Episode 2
7163-1,4,237,0.02,2002,Star Wars Episode 2
7113-1,3,60,0.05,2002,Star Wars Episode 2
75191-1,7,205,0.03,2017,Star Wars Episode 2
7662-1,0,191,0.00,2007,Star Wars Episode 1
7665-1,3,202,0.01,2007,Star Wars Episode 1
7111-1,1,30,0.03,1999,Star Wars Episode 1
7115-1,3,41,0.07,2000,Star Wars Episode 1
7121-1,0,35,0.00,1999,Star Wars Episode 1
75091-1,6,107,0.06,2015,Star Wars Episode 1
7962-1,6,200,0.03,2011,Star Wars Episode 1
7204-1,0,32,0.00,2002,Star Wars Episode 1
75058-1,0,265,0.00,2014,Star Wars Episode 1
7203-1,1,22,0.05,2002,Star Wars Episode 1
7929-1,0,78,0.00,2011,Star Wars Episode 1
75086-1,2,121,0.02,2015,Star Wars Episode 1
7155-1,3,65,0.05,2000,Star Wars Episode 1
7186-1,6,135,0.04,2001,Star Wars Episode 1
9674-1,2,43,0.05,2012,Star Wars Episode 1
7151-1,3,79,0.04,1999,Star Wars Episode 1
75092-1,1,214,0.00,2015,Star Wars Episode 1
9675-1,2,34,0.06,2012,Star Wars Episode 1
7184-1,0,88,0.00,2000,Star Wars Episode 1
75080-1,0,122,0.00,2015,Star Wars Episode 1
7660-1,0,120,0.00,2007,Star Wars Episode 1
7141-1,2,91,0.02,1999,Star Wars Episode 1
6005188-1,0,6,0.00,2012,Star Wars Episode 1
7101-1,0,31,0.00,1999,Star Wars Episode 1
3343-1,3,18,0.17,2000,Star Wars Episode 1
7124-1,3,49,0.06,2000,Star Wars Episode 1
7961-1,6,166,0.04,2011,Star Wars Episode 1
7161-1,2,128,0.02,1999,Star Wars Episode 1
75096-1,4,203,0.02,2015,Star Wars Episode 1
7663-1,1,109,0.01,2007,Star Wars Episode 1
7877-1,2,153,0.01,2011,Star Wars Episode 1
7131-1,0,72,0.00,1999,Star Wars Episode 1
7159-1,0,116,0.00,2000,Star Wars Episode 1
3340-1,3,18,0.17,2000,Star Wars Episode 1
9499-1,7,162,0.04,2012,Star Wars Episode 1
7126-1,2,42,0.05,2001,Star Wars Episode 1
7171-1,7,224,0.03,1999,Star Wars Episode 1
75169-1,1,80,0.01,2017,Star Wars Episode 1
8039-1,2,157,0.01,2009,Star Wars Clone Wars
7957-1,10,79,0.13,2011,Star Wars Clone Wars
8088-1,5,130,0.04,2010,Star Wars Clone Wars
9498-1,6,110,0.05,2012,Star Wars Clone Wars
5001709-1,1,4,0.25,2013,Star Wars Clone Wars
75012-1,8,113,0.07,2013,Star Wars Clone Wars
7681-1,2,78,0.03,2008,Star Wars Clone Wars
7676-1,2,255,0.01,2008,Star Wars Clone Wars
8095-1,2,157,0.01,2010,Star Wars Clone Wars
8015-1,0,54,0.00,2009,Star Wars Clone Wars
8085-1,4,90,0.04,2010,Star Wars Clone Wars
8037-1,3,140,0.02,2009,Star Wars Clone Wars
7959-1,3,75,0.04,2011,Star Wars Clone Wars
8098-1,3,212,0.01,2010,Star Wars Clone Wars
7669-1,1,85,0.01,2008,Star Wars Clone Wars
30006-1,0,21,0.00,2009,Star Wars Clone Wars
7751-1,6,116,0.05,2009,Star Wars Clone Wars
8019-1,0,172,0.00,2009,Star Wars Clone Wars
7868-1,3,154,0.02,2011,Star Wars Clone Wars
7669-2,0,77,0.00,2008,Star Wars Clone Wars
7670-2,0,75,0.00,2008,Star Wars Clone Wars
7964-1,11,259,0.04,2011,Star Wars Clone Wars
7673-1,2,144,0.01,2008,Star Wars Clone Wars
8091-1,4,91,0.04,2010,Star Wars Clone Wars
7753-1,4,118,0.03,2009,Star Wars Clone Wars
4649858-1,0,5,0.00,2011,Star Wars Clone Wars
75004-1,5,150,0.03,2013,Star Wars Clone Wars
7675-1,0,218,0.00,2008,Star Wars Clone Wars
7914-1,0,49,0.00,2011,Star Wars Clone Wars
7679-1,0,176,0.00,2008,Star Wars Clone Wars
comcon004-1,0,5,0.00,2009,Star Wars Clone Wars
30004-1,0,21,0.00,2009,Star Wars Clone Wars
7931-1,5,127,0.04,2011,Star Wars Clone Wars
8018-1,0,139,0.00,2009,Star Wars Clone Wars
10195-1,0,269,0.00,2009,Star Wars Clone Wars
7752-1,0,117,0.00,2009,Star Wars Clone Wars
7674-1,2,152,0.01,2008,Star Wars Clone Wars
comcon006-1,0,19,0.00,2009,Star Wars Clone Wars
8128-1,4,139,0.03,2010,Star Wars Clone Wars
9491-1,6,75,0.08,2012,Star Wars Clone Wars
8016-1,0,72,0.00,2009,Star Wars Clone Wars
8014-1,1,46,0.02,2009,Star Wars Clone Wars
8036-1,1,105,0.01,2009,Star Wars Clone Wars
comcon001-1,0,5,0.00,2008,Star Wars Clone Wars
7680-1,0,225,0.00,2008,Star Wars Clone Wars
75024-1,7,133,0.05,2014,Star Wars Clone Wars
9488-1,6,62,0.10,2012,Star Wars Clone Wars
75087-1,2,144,0.01,2015,Star Wars Clone Wars
8086-1,1,66,0.02,2010,Star Wars Clone Wars
9525-1,5,160,0.03,2012,Star Wars Clone Wars
75013-1,5,123,0.04,2013,Star Wars Clone Wars
comcon009-1,0,3,0.00,2009,Star Wars Clone Wars
75002-1,4,108,0.04,2013,Star Wars Clone Wars
7748-1,1,67,0.01,2009,Star Wars Clone Wars
7869-1,3,156,0.02,2011,Star Wars Clone Wars
9515-1,2,247,0.01,2012,Star Wars Clone Wars
7913-1,7,51,0.14,2011,Star Wars Clone Wars
7930-1,10,161,0.06,2011,Star Wars Clone Wars
75168-1,2,109,0.02,2017,Star Wars Clone Wars
30057-1,0,23,0.00,2012,Star Wars Episode 1
30242-1,0,27,0.00,2013,Star Wars Episode 1
911613-1,0,13,0.00,2016,Star Wars Episode 1
911609-1,0,23,0.00,2016,Star Wars Episode 1
8028-1,0,18,0.00,2008,Star Wars Episode 4/5/6
20018-1,0,38,0.00,2010,Star Wars Episode 4/5/6
30054-1,0,29,0.00,2011,Star Wars Episode 4/5/6
20019-1,0,43,0.00,2011,Star Wars Episode 4/5/6
20016-1,0,37,0.00,2010,Star Wars Episode 4/5/6
6965-2,0,13,0.00,2005,Star Wars Episode 4/5/6
SW911506-1,0,13,0.00,2015,Star Wars Episode 4/5/6
SW911608-1,0,18,0.00,2016,Star Wars Episode 4/5/6
30051-1,0,34,0.00,2010,Star Wars Episode 4/5/6
30056-1,0,23,0.00,2012,Star Wars Episode 4/5/6
30055-1,0,20,0.00,2011,Star Wars Episode 3
30053-1,0,25,0.00,2011,Star Wars Episode 3
20006-1,0,37,0.00,2008,Star Wars Episode 3
75028-1,0,42,0.00,2014,Star Wars Episode 3
8033-1,0,36,0.00,2009,Star Wars Episode 3
20007-1,0,38,0.00,2009,Star Wars Episode 3
SW911723-1,0,14,0.00,2017,Star Wars Episode 3
comcon010-1,0,88,0.00,2009,Star Wars Episode 2
30052-1,0,26,0.00,2011,Star Wars Episode 2
20010-1,0,45,0.00,2009,Star Wars Episode 2
20009-1,0,43,0.00,2009,Star Wars Episode 2
8031-1,0,37,0.00,2008,Star Wars Clone Wars
30243-1,0,28,0.00,2013,Star Wars Clone Wars
30050-1,0,33,0.00,2010,Star Wars Clone Wars
30241-1,0,30,0.00,2013,Star Wars Clone Wars
20021-1,0,39,0.00,2011,Star Wars Clone Wars
30240-1,0,38,0.00,2013,Star Wars Clone Wars
6963-1,0,18,0.00,2004,Mini
SW911508-1,0,14,0.00,2015,Mini
75074-1,1,50,0.02,2015,Mini
75127-1,0,54,0.00,2016,Mini
6967-2,0,19,0.00,2005,Mini
4493-1,2,29,0.07,2004,Mini
SW911510-1,0,14,0.00,2015,Mini
30275-1,0,15,0.00,2015,Mini
6964-2,0,18,0.00,2004,Mini
SWCOMIC1-1,0,12,0.00,2015,Mini
4486-1,2,50,0.04,2003,Mini
75073-1,1,42,0.02,2015,Mini
6966-2,0,20,0.00,2005,Mini
4488-1,1,45,0.02,2003,Mini
75072-1,3,56,0.05,2015,Mini
30272-1,0,31,0.00,2015,Mini
75033-1,0,49,0.00,2014,Mini
4485-1,0,32,0.00,2003,Mini
4490-1,0,63,0.00,2003,Mini
4487-1,3,46,0.07,2003,Mini
30244-1,0,24,0.00,2014,Mini
75076-1,0,61,0.00,2015,Mini
30278-1,0,30,0.00,2015,Mini
6963-2,0,18,0.00,2004,Mini
3219-1,0,8,0.00,2003,Mini
30274-1,0,34,0.00,2015,Mini
6965-1,0,13,0.00,2004,Mini
4491-1,0,49,0.00,2003,Mini
75075-1,0,45,0.00,2015,Mini
6968-1,0,21,0.00,2005,Mini
6964-1,0,18,0.00,2004,Mini
4492-1,0,51,0.00,2004,Mini
6966-1,0,20,0.00,2005,Mini
4489-1,0,48,0.00,2003,Mini
75031-1,0,43,0.00,2014,Mini
75077-1,0,47,0.00,2015,Mini
75030-1,0,57,0.00,2014,Mini
75032-1,2,42,0.05,2014,Mini
4495-1,2,35,0.06,2004,Mini
4494-1,1,42,0.02,2004,Mini
6967-1,0,19,0.00,2005,Mini
8029-1,0,35,0.00,2008,Mini
75163-1,0,46,0.00,2017,Mini
4484-1,0,38,0.00,2003,Mini
75161-1,0,56,0.00,2017,Mini
75094-1,8,248,0.03,2015,Star Wars
75046-1,5,160,0.03,2014,Star Wars
911618-1,0,22,0.00,2017,Star Wars
75100-1,1,161,0.01,2015,Star Wars
8008-1,1,81,0.01,2001,Star Wars
7194-1,0,106,0.00,2002,Star Wars
SW911511-1,0,10,0.00,2015,Star Wars
75029-1,0,56,0.00,2014,Star Wars
30276-1,0,19,0.00,2015,Star Wars
75112-1,2,48,0.04,2015,Star Wars
75043-1,2,236,0.01,2014,Star Wars
8009-1,0,69,0.00,2002,Star Wars
8000-1,1,64,0.02,2000,Star Wars
75134-1,7,59,0.12,2016,Star Wars
SW911607-1,0,26,0.00,2016,Star Wars
75051-1,10,172,0.06,2014,Star Wars
75101-1,8,126,0.06,2015,Star Wars
75035-1,0,50,0.00,2014,Star Wars
75159-1,8,591,0.01,2016,Star Wars
30246-1,0,30,0.00,2014,Star Wars
SW911616-1,0,25,0.00,2016,Star Wars
75105-1,9,294,0.03,2015,Star Wars
75049-1,1,139,0.01,2014,Star Wars
911614-1,0,23,0.00,2016,Star Wars
30602-1,1,7,0.14,2016,Star Wars
911615-1,0,22,0.00,2016,Star Wars
75001-1,7,50,0.14,2013,Star Wars
MAY2013-1,0,16,0.00,2013,Star Wars
8010-1,3,80,0.04,2002,Star Wars
75041-1,3,76,0.04,2014,Star Wars
30059-1,0,26,0.00,2012,Star Wars
75036-1,6,36,0.17,2014,Star Wars
TRUFALCON-1,0,25,0.00,2016,Star Wars
75108-1,3,45,0.07,2015,Star Wars
5001621-1,1,2,0.50,2013,Star Wars
75102-1,6,210,0.03,2015,Star Wars
75110-1,2,38,0.05,2015,Star Wars
75042-1,1,153,0.01,2014,Star Wars
5002947-1,2,4,0.50,2015,Star Wars
4547551-1,1,7,0.14,2009,Star Wars
75044-1,4,73,0.05,2014,Star Wars
2853835-1,2,5,0.40,2010,Star Wars
5002123-1,3,7,0.43,2014,Star Wars
75055-1,4,236,0.02,2014,Star Wars
8007-1,1,62,0.02,2001,Star Wars
75111-1,5,68,0.07,2015,Star Wars
75107-1,3,44,0.07,2015,Star Wars
8002-1,2,101,0.02,2000,Star Wars
SDCC2015-2,0,57,0.00,2015,Star Wars
75037-1,4,99,0.04,2014,Star Wars
8012-1,0,78,0.00,2002,Star Wars
75099-1,4,102,0.04,2015,Star Wars
75103-1,4,207,0.02,2015,Star Wars
SW911610-1,0,10,0.00,2016,Star Wars
75109-1,2,41,0.05,2015,Star Wars
75038-1,1,93,0.01,2014,Star Wars
8001-1,0,86,0.00,2000,Star Wars
10018-1,0,112,0.00,2001,Star Wars
75039-1,1,92,0.01,2014,Star Wars
celeb2015-1,0,84,0.00,2015,Star Wars
30247-1,0,33,0.00,2014,Star Wars
75050-1,10,174,0.06,2014,Star Wars
75045-1,5,137,0.04,2014,Star Wars
5002938-1,1,6,0.17,2015,Star Wars
8011-1,0,91,0.00,2002,Star Wars
9497-1,9,142,0.06,2012,Star Wars
911611-1,0,23,0.00,2016,Star Wars
75133-1,7,52,0.13,2016,Star Wars
SW911617-1,0,26,0.00,2016,Star Wars
75095-1,3,198,0.02,2015,Star Wars
30058-1,0,16,0.00,2012,Star Wars
75007-1,2,47,0.04,2013,Star Wars
comcon019-1,0,47,0.00,2012,Star Wars
75034-1,0,58,0.00,2014,Star Wars
75040-1,7,83,0.08,2014,Star Wars
TRUXWING-2,0,13,0.00,2015,Star Wars
11912-1,0,42,0.00,2016,Star Wars
75523-1,6,53,0.11,2017,Star Wars
SW911722-1,0,16,0.00,2017,Star Wars
75174-1,6,114,0.05,2017,Star Wars
30611-1,2,47,0.04,2017,Star Wars
75178-1,1,150,0.01,2017,Star Wars
75167-1,7,70,0.10,2017,Star Wars
comcon032-1,0,53,0.00,2013,Star Wars
4481-1,1,87,0.01,2003,Star Wars
75104-1,5,248,0.02,2015,Star Wars
75162-1,2,49,0.04,2017,Star Wars
75175-1,6,152,0.04,2017,Star Wars
75525-1,3,71,0.04,2017,Star Wars
75524-1,6,54,0.11,2017,Star Wars
75144-1,5,366,0.01,2017,Star Wars
75185-1,5,125,0.04,2017,Star Wars
75186-1,6,252,0.02,2017,Star Wars
75531-1,3,52,0.06,2017,Star Wars
40181-1,0,61,0.00,2014,Bricktober
40183-1,0,67,0.00,2014,Bricktober
40180-1,0,67,0.00,2014,Bricktober
40142-1,0,58,0.00,2015,Bricktober
40182-1,0,89,0.00,2014,Bricktober
40141-1,0,59,0.00,2015,Bricktober
40143-1,0,68,0.00,2015,Bricktober
40144-1,0,57,0.00,2015,Bricktober
10230-1,1,279,0.00,2012,Mini
10224-1,2,351,0.01,2012,Modular Buildings
10243-1,3,430,0.01,2014,Modular Buildings
10251-1,3,495,0.01,2016,Modular Buildings
10255-1,4,769,0.01,2017,Modular Buildings
10197-1,0,351,0.00,2009,Modular Buildings
10211-1,0,314,0.00,2010,Modular Buildings
10218-1,0,418,0.00,2011,Modular Buildings
10232-1,1,364,0.00,2013,Modular Buildings
10190-1,0,208,0.00,2007,Modular Buildings
10182-1,0,281,0.00,2007,Modular Buildings
10246-1,2,500,0.00,2015,Modular Buildings
10185-1,1,342,0.00,2008,Modular Buildings
70410-1,1,108,0.01,2015,Pirates III
70411-1,1,126,0.01,2015,Pirates III
5003082-1,1,25,0.04,2015,Pirates III
40158-1,0,175,0.00,2015,Pirates III
70413-1,9,271,0.03,2015,Pirates III
70409-1,0,65,0.00,2015,Pirates III
70412-1,5,143,0.03,2015,Pirates III
852747-1,0,39,0.00,2009,Pirates II
6239-1,0,41,0.00,2009,Pirates II
10210-1,2,213,0.01,2010,Pirates II
6253-1,0,149,0.00,2009,Pirates II
6240-1,0,36,0.00,2009,Pirates II
6243-1,3,210,0.01,2009,Pirates II
6241-1,1,99,0.01,2009,Pirates II
8397-1,0,16,0.00,2009,Pirates II
8396-1,0,16,0.00,2009,Pirates II
6242-1,0,145,0.00,2009,Pirates II
6292-1,1,191,0.01,2001,Islanders
6278-1,1,194,0.01,1994,Islanders
6256-1,1,42,0.02,1994,Islanders
6264-1,1,110,0.01,1994,Islanders
6246-1,0,43,0.00,1994,Islanders
6236-1,0,38,0.00,1994,Islanders
6262-1,0,89,0.00,1994,Islanders
6265-1,0,56,0.00,1989,Imperial Soldiers
6245-1,0,20,0.00,1989,Imperial Soldiers
6259-1,0,45,0.00,1991,Imperial Soldiers
6276-1,0,171,0.00,1989,Imperial Soldiers
6267-1,0,94,0.00,1991,Imperial Soldiers
6274-1,3,138,0.02,1989,Imperial Soldiers
6291-1,0,153,0.00,2001,Imperial Armada
6280-1,0,154,0.00,1996,Imperial Armada
6244-1,0,47,0.00,1996,Imperial Armada
6250-1,3,96,0.03,1997,Pirates I
1733-1,0,15,0.00,1994,Pirates I
6296-1,0,134,0.00,1996,Pirates I
6234-1,0,22,0.00,1991,Pirates I
1970-1,0,23,0.00,1993,Pirates I
6261-1,1,51,0.02,1992,Pirates I
6257-1,0,32,0.00,1989,Pirates I
6237-1,0,23,0.00,1993,Pirates I
1747-1,0,23,0.00,1996,Pirates I
6252-1,0,32,0.00,1993,Pirates I
6247-1,0,32,0.00,1992,Pirates I
1873-1,0,36,0.00,1994,Pirates I
6260-1,0,49,0.00,1989,Pirates I
6204-1,0,33,0.00,1997,Pirates I
6279-1,0,167,0.00,1995,Pirates I
6281-1,0,183,0.00,1997,Pirates I
1492-1,0,21,0.00,1992,Pirates I
1713-1,0,14,0.00,1994,Pirates I
1871-1,0,16,0.00,1994,Pirates I
6232-1,0,27,0.00,1996,Pirates I
6235-1,0,22,0.00,1989,Pirates I
6268-1,2,107,0.02,1993,Pirates I
6273-1,2,167,0.01,1991,Pirates I
6249-1,0,73,0.00,1997,Pirates I
6290-1,0,230,0.00,2001,Pirates I
1802-1,0,23,0.00,1996,Pirates I
6251-1,0,32,0.00,1989,Pirates I
1889-1,0,25,0.00,1992,Pirates I
6254-1,0,76,0.00,1995,Pirates I
6258-1,0,50,0.00,1992,Pirates I
6286-1,6,253,0.02,1993,Pirates I
6255-1,1,12,0.08,1989,Pirates I
1464-1,0,15,0.00,1992,Pirates I
1481-1,0,22,0.00,1991,Pirates I
6270-1,1,106,0.01,1989,Pirates I
6289-1,0,230,0.00,1996,Pirates I
6248-1,0,68,0.00,1996,Pirates I
1696-1,0,15,0.00,1992,Pirates I
1788-1,1,117,0.01,1995,Pirates I
6285-1,1,201,0.00,1989,Pirates I
1795-1,0,30,0.00,1994,Pirates
10040-1,0,198,0.00,2002,Pirates
6271-1,3,116,0.03,1992,Pirates
850839-1,0,37,0.00,2013,Pirates
6266-1,0,61,0.00,1993,Pirates
6263-1,0,115,0.00,1995,Pirates
6277-1,4,221,0.02,1992,Pirates
1872-1,0,22,0.00,1994,Pirates
70700-1,0,52,0.00,2013,Galaxy Squad
70707-1,1,177,0.01,2013,Galaxy Squad
30230-1,0,23,0.00,2013,Galaxy Squad
70705-1,1,213,0.00,2013,Galaxy Squad
70704-1,5,197,0.03,2013,Galaxy Squad
70701-1,1,105,0.01,2013,Galaxy Squad
70708-1,1,201,0.00,2013,Galaxy Squad
70703-1,3,151,0.02,2013,Galaxy Squad
70706-1,0,78,0.00,2013,Galaxy Squad
70709-1,2,266,0.01,2013,Galaxy Squad
70702-1,1,118,0.01,2013,Galaxy Squad
30231-1,0,26,0.00,2013,Galaxy Squad
6991-1,1,186,0.01,1994,Unitron
1787-1,0,93,0.00,1995,Unitron
1793-1,0,139,0.00,1995,Unitron
1789-1,0,109,0.00,1995,Unitron
2847-1,0,13,0.00,1997,UFO
6902-1,0,15,0.00,1998,UFO
4117463-1,0,1,0.00,1997,UFO
6975-1,2,132,0.02,1997,UFO
6900-1,0,46,0.00,1997,UFO
6901-2,0,15,0.00,1998,UFO
6829-1,0,31,0.00,1997,UFO
3012-1,0,17,0.00,1999,UFO
6818-1,0,28,0.00,1997,UFO
2543-1,1,16,0.06,1998,UFO
6816-1,0,17,0.00,1997,UFO
4305-1,0,26,0.00,1997,UFO
6836-1,0,29,0.00,1997,UFO
6979-1,1,133,0.01,1997,UFO
6915-1,1,99,0.01,1997,UFO
6999-1,3,50,0.06,1997,UFO
6800-1,0,17,0.00,1997,UFO
6711-1,0,17,0.00,1983,Supplemental
454-1,0,2,0.00,1979,Supplemental
6702-1,0,31,0.00,1986,Supplemental
0013-1,0,6,0.00,1979,Supplemental
0014-1,0,6,0.00,1979,Supplemental
0012-1,0,6,0.00,1979,Supplemental
6701-1,0,19,0.00,1983,Supplemental
6705-1,0,32,0.00,1994,Supplemental
6710-1,1,2,0.50,1991,Supplemental
453-1,0,1,0.00,1979,Supplemental
6704-1,0,22,0.00,1991,Supplemental
0015-1,0,14,0.00,1979,Supplemental
306-1,0,2,0.00,1979,Supplemental
305-1,0,1,0.00,1979,Supplemental
6703-1,0,26,0.00,1988,Supplemental
6939-1,0,79,0.00,1994,Spyrius
6889-1,0,58,0.00,1994,Spyrius
3013-1,0,18,0.00,1999,Spyrius
1843-2,0,35,0.00,1996,Spyrius
1954-1,0,18,0.00,1995,Spyrius
1714-1,0,20,0.00,1995,Spyrius
6949-1,1,121,0.01,1994,Spyrius
6835-1,0,25,0.00,1994,Spyrius
6959-1,0,124,0.00,1994,Spyrius
5974-1,5,260,0.02,2009,Space Police III
5970-1,0,57,0.00,2009,Space Police III
5985-1,4,256,0.02,2010,Space Police III
5973-1,2,178,0.01,2009,Space Police III
5980-1,1,211,0.00,2009,Space Police III
5983-1,0,126,0.00,2010,Space Police III
5969-1,2,37,0.05,2009,Space Police III
8400-1,2,16,0.13,2009,Space Police III
5972-1,1,111,0.01,2009,Space Police III
5984-1,2,142,0.01,2010,Space Police III
5971-1,2,104,0.02,2009,Space Police III
8399-1,0,19,0.00,2009,Space Police III
5981-1,2,62,0.03,2010,Space Police III
5979-1,0,109,0.00,2009,Space Police III
5982-1,2,106,0.02,2010,Space Police III
3015-1,0,18,0.00,1999,Space Police II
6984-1,0,139,0.00,1992,Space Police II
6852-1,0,40,0.00,1993,Space Police II
6957-1,0,89,0.00,1992,Space Police II
1969-1,0,25,0.00,1993,Space Police II
6897-1,0,65,0.00,1992,Space Police II
6813-1,0,22,0.00,1993,Space Police II
1916-1,0,20,0.00,1993,Space Police II
6886-1,2,61,0.03,1989,Space Police I
6895-1,0,76,0.00,1989,Space Police I
6831-1,0,26,0.00,1989,Space Police I
6781-1,1,97,0.01,1989,Space Police I
6955-1,0,102,0.00,1989,Space Police I
6986-1,0,141,0.00,1989,Space Police I
2152-1,1,80,0.01,1997,RoboForce
2153-1,1,102,0.01,1997,RoboForce
2154-1,1,121,0.01,1997,RoboForce
2151-1,1,72,0.01,1997,RoboForce
5616-1,0,22,0.00,2008,Mars Mission
5619-1,0,18,0.00,2008,Mars Mission
7644-1,0,212,0.00,2008,Mars Mission
7691-1,0,160,0.00,2007,Mars Mission
7690-1,0,289,0.00,2007,Mars Mission
5617-1,0,14,0.00,2008,Mars Mission
7692-1,0,171,0.00,2007,Mars Mission
7647-1,0,95,0.00,2008,Mars Mission
7648-1,1,75,0.01,2008,Mars Mission
7645-1,0,204,0.00,2008,Mars Mission
7697-1,1,150,0.01,2007,Mars Mission
7695-1,0,37,0.00,2007,Mars Mission
7694-1,0,60,0.00,2007,Mars Mission
7649-1,0,214,0.00,2008,Mars Mission
7646-1,0,137,0.00,2008,Mars Mission
7693-1,0,114,0.00,2007,Mars Mission
7699-1,0,202,0.00,2007,Mars Mission
6989-1,0,162,0.00,1990,M:Tron
6956-1,1,107,0.01,1990,M:Tron
6923-1,0,106,0.00,1990,M:Tron
6811-1,0,22,0.00,1990,M:Tron
6896-1,0,54,0.00,1990,M:Tron
1478-1,0,21,0.00,1991,M:Tron
6862-1,0,109,0.00,1991,M:Tron
6877-1,0,43,0.00,1990,M:Tron
6833-1,1,27,0.04,1990,M:Tron
1413-1,0,18,0.00,2001,Life On Mars
7323-1,0,4,0.00,2001,Life On Mars
7313-1,1,80,0.01,2001,Life On Mars
7316-1,2,132,0.02,2001,Life On Mars
7301-1,0,20,0.00,2001,Life On Mars
7314-1,0,76,0.00,2001,Life On Mars
7310-1,0,28,0.00,2001,Life On Mars
7315-1,5,95,0.05,2001,Life On Mars
1416-1,0,17,0.00,2001,Life On Mars
7302-1,0,17,0.00,2001,Life On Mars
7303-1,0,19,0.00,2001,Life On Mars
7317-1,5,195,0.03,2001,Life On Mars
7312-1,0,55,0.00,2001,Life On Mars
7309-1,0,18,0.00,2001,Life On Mars
1414-1,0,18,0.00,2001,Life On Mars
1415-1,0,19,0.00,2001,Life On Mars
7311-1,0,42,0.00,2001,Life On Mars
7321-1,0,4,0.00,2001,Life On Mars
7300-1,0,18,0.00,2001,Life On Mars
1195-1,0,35,0.00,2001,Life On Mars
7320-1,0,4,0.00,2001,Life On Mars
7308-1,0,17,0.00,2001,Life On Mars
7322-1,0,4,0.00,2001,Life On Mars
6909-1,0,52,0.00,1998,Insectoids
6969-1,1,112,0.01,1998,Insectoids
2964-1,1,32,0.03,1998,Insectoids
6817-1,1,27,0.04,1998,Insectoids
6942-1,0,16,0.00,1999,Insectoids
6837-1,1,44,0.02,1998,Insectoids
2490-1,0,1,0.00,1998,Insectoids
6907-1,1,52,0.02,1998,Insectoids
6903-1,0,20,0.00,1998,Insectoids
3072-1,0,18,0.00,1999,Insectoids
3071-1,0,16,0.00,1999,Insectoids
6905-1,2,67,0.03,1998,Insectoids
3073-1,0,16,0.00,1999,Insectoids
6977-1,3,145,0.02,1998,Insectoids
6919-1,2,103,0.02,1998,Insectoids
3070-1,0,17,0.00,1999,Insectoids
2965-1,1,49,0.02,1998,Insectoids
6943-1,0,16,0.00,1999,Insectoids
6898-1,0,78,0.00,1993,Ice Planet 2002
1704-1,0,33,0.00,1994,Ice Planet 2002
6973-1,1,139,0.01,1993,Ice Planet 2002
6814-1,0,17,0.00,1993,Ice Planet 2002
6879-1,0,54,0.00,1993,Ice Planet 2002
6834-1,0,39,0.00,1993,Ice Planet 2002
3014-1,0,17,0.00,1999,Ice Planet 2002
1731-1,0,17,0.00,1994,Ice Planet 2002
1711-1,0,17,0.00,1994,Ice Planet 2002
6983-1,1,150,0.01,1993,Ice Planet 2002
1620-1,0,23,0.00,1990,Futuron
6810-1,0,26,0.00,1989,Futuron
6921-1,0,6,0.00,1988,Futuron
6850-1,0,33,0.00,1989,Futuron
1974-4,0,23,0.00,1989,Futuron
6932-1,1,73,0.01,1987,Futuron
6770-1,0,54,0.00,1988,Futuron
6830-1,0,32,0.00,1988,Futuron
6848-1,0,37,0.00,1988,Futuron
6990-1,1,173,0.01,1988,Futuron
6884-1,0,59,0.00,1987,Futuron
6875-1,0,47,0.00,1988,Futuron
6893-1,1,75,0.01,1987,Futuron
6953-1,1,94,0.01,1987,Futuron
6828-1,0,33,0.00,1988,Futuron
6885-1,0,54,0.00,1988,Futuron
6925-1,0,74,0.00,1988,Futuron
1621-1,0,53,0.00,1990,Futuron
6982-1,0,180,0.00,1996,Exploriens
6899-1,3,75,0.04,1996,Exploriens
6815-1,2,23,0.09,1996,Exploriens
6958-1,5,147,0.03,1996,Exploriens
6856-1,0,52,0.00,1996,Exploriens
6854-1,2,44,0.05,1996,Exploriens
6938-1,0,101,0.00,1996,Exploriens
1737-1,0,98,0.00,1996,Exploriens
1858-1,0,22,0.00,1996,Exploriens
6928-1,0,69,0.00,1984,Classic Space
487-1,0,78,0.00,1979,Classic Space
6890-1,1,60,0.02,1982,Classic Space
6750-1,0,53,0.00,1986,Classic Space
894-1,0,44,0.00,1979,Classic Space
6883-1,1,50,0.02,1987,Classic Space
6809-1,0,26,0.00,1988,Classic Space
6940-1,0,85,0.00,1986,Classic Space
926-1,0,67,0.00,1979,Classic Space
1580-1,0,40,0.00,1986,Classic Space
6803-1,0,19,0.00,1983,Classic Space
6891-1,0,72,0.00,1985,Classic Space
6881-1,0,47,0.00,1984,Classic Space
6926-1,0,74,0.00,1986,Classic Space
6929-1,0,91,0.00,1981,Classic Space
497-1,0,106,0.00,1979,Classic Space
6848-2,0,36,0.00,1985,Classic Space
6841-1,0,24,0.00,1980,Classic Space
6827-1,0,24,0.00,1987,Classic Space
6980-1,0,129,0.00,1983,Classic Space
1558-1,0,36,0.00,1986,Classic Space
6842-1,0,30,0.00,1981,Classic Space
6970-1,2,105,0.02,1980,Classic Space
1968-1,0,78,0.00,1985,Classic Space
493-1,0,69,0.00,1979,Classic Space
6845-1,0,31,0.00,1986,Classic Space
462-1,0,42,0.00,1979,Classic Space
1499-1,0,43,0.00,1987,Classic Space
6825-1,0,25,0.00,1985,Classic Space
920-2,0,75,0.00,1979,Classic Space
6931-1,0,104,0.00,1985,Classic Space
885-1,0,18,0.00,1979,Classic Space
918-1,1,48,0.02,1979,Classic Space
6780-1,0,86,0.00,1986,Classic Space
6808-1,0,22,0.00,1987,Classic Space
6804-1,0,15,0.00,1984,Classic Space
6972-1,0,103,0.00,1987,Classic Space
6824-1,0,29,0.00,1984,Classic Space
6847-1,0,32,0.00,1985,Classic Space
6820-1,1,24,0.04,1986,Classic Space
6901-1,0,52,0.00,1980,Classic Space
6826-1,0,22,0.00,1985,Classic Space
1557-1,0,20,0.00,1986,Classic Space
891-1,0,27,0.00,1979,Classic Space
928-1,0,106,0.00,1979,Classic Space
6861-1,0,30,0.00,1980,Classic Space
6971-1,0,115,0.00,1984,Classic Space
1498-1,0,32,0.00,1987,Classic Space
924-1,0,78,0.00,1979,Classic Space
483-1,0,75,0.00,1979,Classic Space
6823-1,0,20,0.00,1983,Classic Space
6822-1,0,22,0.00,1981,Classic Space
6849-1,0,33,0.00,1987,Classic Space
6951-1,0,111,0.00,1984,Classic Space
6783-1,0,113,0.00,1986,Classic Space
6844-1,0,30,0.00,1983,Classic Space
6892-1,0,64,0.00,1986,Classic Space
6846-1,0,39,0.00,1984,Classic Space
6985-1,0,135,0.00,1986,Classic Space
6807-1,0,17,0.00,1985,Classic Space
6927-1,0,74,0.00,1981,Classic Space
6801-1,0,18,0.00,1981,Classic Space
6870-1,0,34,0.00,1981,Classic Space
493-3,0,67,0.00,1979,Classic Space
6880-1,0,39,0.00,1982,Classic Space
6805-1,0,19,0.00,1985,Classic Space
886-1,0,16,0.00,1979,Classic Space
6882-1,0,40,0.00,1985,Classic Space
6952-1,0,86,0.00,1985,Classic Space
897-1,0,42,0.00,1979,Classic Space
6874-1,0,41,0.00,1986,Classic Space
6950-1,0,78,0.00,1982,Classic Space
452-1,0,44,0.00,1979,Classic Space
6802-1,0,20,0.00,1986,Classic Space
6821-1,0,23,0.00,1980,Classic Space
6806-1,0,13,0.00,1985,Classic Space
6872-1,0,46,0.00,1986,Classic Space
6930-1,0,77,0.00,1983,Classic Space
1526-1,0,49,0.00,1986,Classic Space
6871-1,0,48,0.00,1984,Classic Space
889-1,0,22,0.00,1979,Classic Space
1593-1,0,118,0.00,1983,Classic Space
442-1,0,27,0.00,1979,Classic Space
6981-1,0,91,0.00,1991,Blacktron II
1462-1,0,17,0.00,1992,Blacktron II
6933-1,0,94,0.00,1991,Blacktron II
6878-1,0,42,0.00,1991,Blacktron II
1479-1,0,20,0.00,1991,Blacktron II
6887-1,0,51,0.00,1991,Blacktron II
6832-1,0,31,0.00,1991,Blacktron II
1694-1,0,17,0.00,1992,Blacktron II
1887-1,0,23,0.00,1992,Blacktron II
6812-1,0,19,0.00,1991,Blacktron II
6851-1,0,28,0.00,1991,Blacktron II
6861-2,1,1,1.00,1993,Blacktron II
6988-1,0,133,0.00,1991,Blacktron II
6987-1,0,153,0.00,1988,Blacktron I
6987-2,0,154,0.00,1988,Blacktron I
6894-1,1,76,0.01,1987,Blacktron I
6941-1,0,87,0.00,1987,Blacktron I
1875-1,0,18,0.00,1990,Blacktron I
6876-1,0,52,0.00,1988,Blacktron I
6954-1,0,101,0.00,1987,Blacktron I
7050-1,1,60,0.02,2011,Alien Conquest
853301-1,1,20,0.05,2011,Alien Conquest
30140-1,0,21,0.00,2011,Alien Conquest
30141-1,0,17,0.00,2011,Alien Conquest
7066-1,9,308,0.03,2011,Alien Conquest
7049-1,0,26,0.00,2011,Alien Conquest
7065-1,6,99,0.06,2011,Alien Conquest
7052-1,2,88,0.02,2011,Alien Conquest
7051-1,1,71,0.01,2011,Alien Conquest
7067-1,2,146,0.01,2011,Alien Conquest
1785-1,0,66,0.00,1995,Space
3928-1,0,6,0.00,2002,Space
11910-1,0,56,0.00,2015,Space
6848-3,0,37,0.00,1988,Space
5002812-1,0,14,0.00,2014,Space
3929-1,0,6,0.00,2002,Space
4574-1,2,6,0.33,2001,Xalax
4578-1,2,6,0.33,2001,Xalax
1202-1,0,1,0.00,2001,Xalax
4566-1,2,6,0.33,2001,Xalax
4575-1,2,6,0.33,2001,Xalax
4569-1,2,7,0.29,2001,Xalax
4572-1,2,6,0.33,2001,Xalax
4579-1,2,48,0.04,2001,Xalax
4576-1,2,6,0.33,2001,Xalax
4573-1,2,6,0.33,2001,Xalax
4567-1,2,6,0.33,2001,Xalax
4571-1,2,6,0.33,2001,Xalax
4568-1,2,6,0.33,2001,Xalax
4577-1,2,6,0.33,2001,Xalax
1239-1,0,4,0.00,2001,Xalax
4570-1,2,6,0.33,2001,Xalax
4595400-1,0,9,0.00,2010,Supplemental
8898-1,0,126,0.00,2010,World Racers
8899-1,2,174,0.01,2010,World Racers
8864-1,3,354,0.01,2010,World Racers
30031-1,0,23,0.00,2010,World Racers
30032-1,0,23,0.00,2010,World Racers
8863-1,4,247,0.02,2010,World Racers
8897-1,2,106,0.02,2010,World Racers
8896-1,1,45,0.02,2010,World Racers
8374-1,6,57,0.11,2003,Williams F1
8461-1,1,189,0.01,2002,Williams F1
4586-1,2,65,0.03,2002,Track System
4588-1,4,120,0.03,2002,Track System
8364-1,17,154,0.11,2003,Track System
8121-1,0,28,0.00,2009,Tiny Turbos
7613-1,0,20,0.00,2008,Tiny Turbos
7802-1,0,15,0.00,2009,Tiny Turbos
8196-1,0,79,0.00,2010,Tiny Turbos
6111-1,0,88,0.00,2006,Tiny Turbos
8147-1,1,246,0.00,2007,Tiny Turbos
8148-1,0,23,0.00,2008,Tiny Turbos
8154-1,0,288,0.00,2008,Tiny Turbos
8126-1,0,83,0.00,2009,Tiny Turbos
8133-1,0,24,0.00,2007,Tiny Turbos
30033-1,0,25,0.00,2010,Tiny Turbos
8664-1,0,28,0.00,2006,Tiny Turbos
8301-1,0,33,0.00,2011,Tiny Turbos
8495-1,0,175,0.00,2008,Tiny Turbos
4947-1,0,17,0.00,2006,Tiny Turbos
8132-1,0,20,0.00,2007,Tiny Turbos
8131-1,0,25,0.00,2007,Tiny Turbos
8644-1,2,19,0.11,2005,Tiny Turbos
30034-1,0,25,0.00,2010,Tiny Turbos
8197-1,0,87,0.00,2010,Tiny Turbos
8198-1,0,73,0.00,2010,Tiny Turbos
7801-1,0,25,0.00,2009,Tiny Turbos
8641-1,0,25,0.00,2005,Tiny Turbos
8302-1,0,26,0.00,2011,Tiny Turbos
8193-1,0,22,0.00,2010,Tiny Turbos
7453-1,0,16,0.00,2007,Tiny Turbos
8152-1,0,86,0.00,2008,Tiny Turbos
8119-1,0,30,0.00,2009,Tiny Turbos
30035-1,0,16,0.00,2010,Tiny Turbos
8303-1,0,30,0.00,2011,Tiny Turbos
8151-1,0,25,0.00,2008,Tiny Turbos
8186-1,1,271,0.00,2009,Tiny Turbos
8663-1,0,20,0.00,2006,Tiny Turbos
8150-1,1,28,0.04,2008,Tiny Turbos
8662-1,0,25,0.00,2006,Tiny Turbos
8124-1,0,79,0.00,2009,Tiny Turbos
8120-1,0,29,0.00,2009,Tiny Turbos
8122-1,0,27,0.00,2009,Tiny Turbos
8661-1,0,24,0.00,2006,Tiny Turbos
7800-1,0,19,0.00,2009,Tiny Turbos
8199-1,0,74,0.00,2010,Tiny Turbos
8655-1,0,30,0.00,2005,Tiny Turbos
8149-1,0,19,0.00,2008,Tiny Turbos
8642-1,2,27,0.07,2005,Tiny Turbos
8135-1,0,211,0.00,2007,Tiny Turbos
7612-1,0,19,0.00,2008,Tiny Turbos
7452-1,0,19,0.00,2007,Tiny Turbos
8211-1,0,230,0.00,2010,Tiny Turbos
8681-1,0,200,0.00,2006,Tiny Turbos
8194-1,1,26,0.04,2010,Tiny Turbos
8657-1,0,22,0.00,2005,Tiny Turbos
30030-1,0,19,0.00,2010,Tiny Turbos
8665-1,0,31,0.00,2006,Tiny Turbos
4949-1,0,16,0.00,2006,Tiny Turbos
8125-1,0,85,0.00,2009,Tiny Turbos
8182-1,0,165,0.00,2009,Tiny Turbos
8134-1,0,92,0.00,2007,Tiny Turbos
8195-1,0,27,0.00,2010,Tiny Turbos
8666-1,0,26,0.00,2006,Tiny Turbos
8130-1,0,26,0.00,2007,Tiny Turbos
4948-1,0,13,0.00,2006,Tiny Turbos
8656-1,0,23,0.00,2005,Tiny Turbos
8304-1,0,25,0.00,2011,Tiny Turbos
8643-1,1,24,0.04,2005,Tiny Turbos
30036-1,0,15,0.00,2011,Tiny Turbos
8658-1,0,19,0.00,2005,Tiny Turbos
8192-1,0,24,0.00,2010,Tiny Turbos
BAT8369-1,0,3,0.00,2004,Supplemental
4286024-1,0,3,0.00,2005,Supplemental
4287082-1,1,5,0.20,2005,Supplemental
4285970-1,0,12,0.00,2005,Supplemental
670F-1,0,4,0.00,2004,Supplemental
4286784-1,1,4,0.25,2005,Supplemental
4286013-1,1,3,0.33,2005,Supplemental
4243532-1,0,13,0.00,2004,Supplemental
673F-1,0,4,0.00,2004,Supplemental
671F-1,0,7,0.00,2004,Supplemental
4285969-1,0,12,0.00,2005,Supplemental
4285968-1,0,12,0.00,2005,Supplemental
4286025-1,0,3,0.00,2005,Supplemental
4243534-1,0,13,0.00,2004,Supplemental
8160-1,6,141,0.04,2008,Speed Racer
8161-1,12,207,0.06,2008,Speed Racer
8158-1,3,96,0.03,2008,Speed Racer
8159-1,2,88,0.02,2008,Speed Racer
8676-1,2,17,0.12,2006,Radio Control
8378-1,1,24,0.04,2004,Radio Control
8184-1,0,97,0.00,2009,Radio Control
8369-1,0,25,0.00,2004,Radio Control
8376-1,1,77,0.01,2003,Radio Control
4589-1,6,68,0.09,2002,Radio Control
5599-1,0,127,0.00,1998,Radio Control
8475-1,0,72,0.00,2002,Radio Control
8675-1,2,35,0.06,2006,Radio Control
8183-1,1,52,0.02,2009,Radio Control
8369-2,0,25,0.00,2005,Radio Control
5600-1,2,129,0.02,1998,Radio Control
8366-1,0,91,0.00,2003,Radio Control
8496-1,1,125,0.01,2008,Power Racers
8137-1,0,34,0.00,2007,Power Racers
8383-1,2,38,0.05,2004,Power Racers
8228-1,0,41,0.00,2011,Power Racers
8162-1,0,56,0.00,2009,Power Racers
8494-1,2,86,0.02,2008,Power Racers
8382-1,7,34,0.21,2004,Power Racers
8231-1,0,54,0.00,2011,Power Racers
8384-1,2,39,0.05,2004,Power Racers
8140-1,0,69,0.00,2007,Power Racers
8667-1,0,43,0.00,2006,Power Racers
8139-1,0,38,0.00,2007,Power Racers
8138-1,0,35,0.00,2007,Power Racers
7970-1,0,43,0.00,2010,Power Racers
8651-1,0,63,0.00,2005,Power Racers
8670-1,0,47,0.00,2006,Power Racers
8647-1,0,43,0.00,2005,Power Racers
8646-1,0,54,0.00,2005,Power Racers
8649-1,1,132,0.01,2005,Power Racers
8165-1,1,45,0.02,2009,Power Racers
8650-1,0,68,0.00,2005,Power Racers
8669-1,0,53,0.00,2006,Power Racers
8492-1,1,29,0.03,2008,Power Racers
8136-1,0,39,0.00,2007,Power Racers
8682-1,0,123,0.00,2006,Power Racers
8227-1,0,44,0.00,2011,Power Racers
8163-1,0,57,0.00,2009,Power Racers
8645-1,0,55,0.00,2005,Power Racers
8380-1,5,43,0.12,2004,Power Racers
8381-1,4,42,0.10,2003,Power Racers
8146-1,1,98,0.01,2007,Power Racers
8668-1,0,50,0.00,2006,Power Racers
8490-1,1,43,0.02,2008,Power Racers
8385-1,3,39,0.08,2004,Power Racers
8493-1,1,37,0.03,2008,Power Racers
8221-1,0,64,0.00,2011,Power Racers
7967-1,0,42,0.00,2010,Power Racers
8167-1,1,58,0.02,2009,Power Racers
8166-1,1,66,0.02,2009,Power Racers
8164-1,0,50,0.00,2009,Power Racers
7968-1,1,56,0.02,2010,Power Racers
7971-1,0,49,0.00,2010,Power Racers
8648-1,0,33,0.00,2005,Power Racers
8141-1,0,77,0.00,2007,Power Racers
8491-1,1,34,0.03,2008,Power Racers
8169-1,1,163,0.01,2009,Lamborghini
8214-1,1,206,0.00,2010,Lamborghini
30190-1,1,23,0.04,2012,Ferrari
8652-1,2,144,0.01,2005,Ferrari
8389-1,0,9,0.00,2004,Ferrari
8157-1,1,190,0.01,2009,Ferrari
8653-1,1,160,0.01,2005,Ferrari
8156-1,2,137,0.01,2008,Ferrari
8155-1,1,149,0.01,2008,Ferrari
8672-1,3,194,0.02,2006,Ferrari
8386-1,1,131,0.01,2004,Ferrari
8362-1,1,65,0.02,2004,Ferrari
8674-1,1,156,0.01,2006,Ferrari
30194-1,3,21,0.14,2012,Ferrari
8375-1,1,103,0.01,2004,Ferrari
8144-1,0,186,0.00,2007,Ferrari
8142-2,0,65,0.00,2007,Ferrari
8671-1,1,146,0.01,2006,Ferrari
8145-1,0,140,0.00,2007,Ferrari
8143-1,2,182,0.01,2007,Ferrari
30195-1,1,27,0.04,2012,Ferrari
30196-1,1,40,0.03,2012,Ferrari
8144-2,2,197,0.01,2007,Ferrari
30193-1,3,17,0.18,2012,Ferrari
8673-1,1,114,0.01,2006,Ferrari
8168-1,0,55,0.00,2009,Ferrari
8185-1,0,181,0.00,2009,Ferrari
30191-1,1,25,0.04,2012,Ferrari
8153-1,0,79,0.00,2008,Ferrari
8142-1,0,69,0.00,2007,Ferrari
8654-1,0,223,0.00,2005,Ferrari
30192-1,2,34,0.06,2012,Ferrari
4309-1,0,21,0.00,2004,Drome Racers
8360-1,2,16,0.13,2003,Drome Racers
4594-1,3,44,0.07,2002,Drome Racers
8355-1,0,40,0.00,2003,Drome Racers
4582-1,2,21,0.10,2002,Drome Racers
4596-1,1,45,0.02,2002,Drome Racers
8469-1,0,48,0.00,2002,Drome Racers
4297-1,0,12,0.00,2002,Drome Racers
4592-1,2,16,0.13,2002,Drome Racers
4587-1,9,104,0.09,2002,Drome Racers
8370-1,0,40,0.00,2003,Drome Racers
8359-1,3,23,0.13,2003,Drome Racers
4308-1,0,17,0.00,2004,Drome Racers
4590-1,2,22,0.09,2002,Drome Racers
4300-1,0,15,0.00,2003,Drome Racers
8371-1,0,39,0.00,2003,Drome Racers
8470-1,0,52,0.00,2002,Drome Racers
8365-1,4,60,0.07,2003,Drome Racers
8357-1,6,63,0.10,2003,Drome Racers
4584-1,4,36,0.11,2002,Drome Racers
4301-1,0,18,0.00,2003,Drome Racers
4585-1,2,39,0.05,2002,Drome Racers
4595-1,3,39,0.08,2002,Drome Racers
8358-1,3,19,0.16,2003,Drome Racers
4298-1,0,14,0.00,2002,Drome Racers
8354-1,0,40,0.00,2003,Drome Racers
8356-1,5,65,0.08,2003,Drome Racers
8468-1,0,36,0.00,2002,Drome Racers
8363-1,0,69,0.00,2003,Drome Racers
4310-1,0,17,0.00,2004,Drome Racers
4593-1,3,53,0.06,2002,Drome Racers
4583-1,2,24,0.08,2002,Drome Racers
8473-1,1,100,0.01,2002,Drome Racers
65062-1,2,2,1.00,2002,Drome Racers
8353-1,0,68,0.00,2003,Drome Racers
4591-1,2,23,0.09,2002,Drome Racers
8350-1,3,21,0.14,2003,Drome Racers
4299-1,0,11,0.00,2002,Drome Racers
8471-1,1,44,0.02,2002,Drome Racers
8472-1,2,81,0.02,2002,Drome Racers
9095-1,2,44,0.05,2012,Racers
9093-1,3,51,0.06,2012,Racers
9092-1,3,51,0.06,2012,Racers
9094-1,4,51,0.08,2012,Racers
7611-1,0,18,0.00,2008,Racers
8123-1,0,42,0.00,2009,Racers
7035-1,4,188,0.02,2003,Police
7030-1,0,33,0.00,2003,Police
7031-1,1,59,0.02,2003,Police
7034-1,1,110,0.01,2003,Police
7032-1,1,80,0.01,2003,Police
7033-1,1,97,0.01,2003,Police
7045-1,6,135,0.04,2003,Harbor
7214-1,2,78,0.03,2004,Harbor
3383-1,0,6,0.00,2003,Food & Drink
7046-1,0,121,0.00,2004,Fire
7043-1,1,51,0.02,2004,Fire
7044-1,1,109,0.01,2004,Coast Guard
7042-1,2,26,0.08,2004,Coast Guard
7047-1,3,200,0.02,2003,Coast Guard
4778-1,0,64,0.00,2005,Airport
4032-10,0,75,0.00,2004,Airport
4032-8,1,90,0.01,2005,Airport
4032-2,0,76,0.00,2003,Airport
4032-1,1,90,0.01,2003,Airport
4032-11,0,75,0.00,2006,Airport
4032-4,0,75,0.00,2004,Airport
4032-7,0,76,0.00,2004,Airport
4032-6,0,75,0.00,2004,Airport
4032-9,0,75,0.00,2004,Airport
4032-13,2,91,0.02,2006,Airport
4032-3,0,75,0.00,2004,Airport
4032-12,0,75,0.00,2005,Airport
4032-5,0,75,0.00,2004,Airport
10184-1,0,458,0.00,2008,Town Plan
6464-1,3,185,0.02,1999,Traffic
6329-1,5,82,0.06,1998,Traffic
6434-1,4,97,0.04,1999,Traffic
6425-1,2,34,0.06,1999,Traffic
2234-1,3,106,0.03,1998,Traffic
6564-1,1,21,0.05,1997,Traffic
6446-1,0,17,0.00,1999,Traffic
6468-1,0,32,0.00,1999,Traffic
6426-1,2,91,0.02,1998,Traffic
6423-1,0,25,0.00,2000,Traffic
6566-1,6,65,0.09,1997,Traffic
6549-1,3,105,0.03,1997,Traffic
6422-1,3,38,0.08,1998,Traffic
6323-1,0,1,0.00,1997,Supplemental
6320-1,0,1,0.00,1997,Supplemental
6326-1,0,35,0.00,1998,Supplemental
6427-1,0,22,0.00,1999,Supplemental
6321-1,0,1,0.00,1997,Supplemental
6322-1,0,1,0.00,1997,Supplemental
6327-1,2,38,0.05,1998,Race
6424-1,7,62,0.11,1998,Race
6432-1,2,66,0.03,1999,Race
6467-1,1,53,0.02,1999,Race
6333-1,0,28,0.00,1998,Race
1149-1,0,14,0.00,2002,Police
6433-1,0,57,0.00,1999,Police
6328-1,0,55,0.00,1998,Police
6471-1,0,20,0.00,2000,Police
6324-1,0,24,0.00,1998,Police
6636-1,0,155,0.00,2002,Police
4304-1,0,22,0.00,1998,Police
6332-1,0,143,0.00,1998,Police
6548-1,2,73,0.03,1997,Gas Station
1255-1,0,69,0.00,1999,Gas Station
1253-1,1,57,0.02,1999,Gas Station
1252-1,0,56,0.00,1999,Gas Station
1254-1,0,101,0.00,1999,Gas Station
1256-1,1,92,0.01,1999,Gas Station
6554-1,8,125,0.06,1997,Fire
6478-1,5,113,0.04,2000,Fire
6407-1,0,18,0.00,1997,Fire
6486-1,0,41,0.00,1997,Fire
6477-1,3,53,0.06,2000,Fire
6429-1,3,39,0.08,1999,Fire
6470-1,0,17,0.00,2000,Construction
6565-1,0,31,0.00,1997,Construction
6447-1,0,29,0.00,1999,Construction
3058-1,1,55,0.02,2000,Construction
6600-2,6,128,0.05,2000,Construction
6439-1,0,21,0.00,1999,Construction
6474-1,0,34,0.00,2000,Construction
6435-1,12,132,0.09,1999,Coast Guard
6437-1,1,20,0.05,1999,Coast Guard
6325-1,0,21,0.00,1998,Cargo
6330-1,5,122,0.04,1998,Cargo
6455-1,0,148,0.00,1999,Space Port
1265-1,0,19,0.00,1999,Space Port
Maine-1,0,5,0.00,1999,Space Port
6453-1,0,41,0.00,1999,Space Port
1266-1,0,19,0.00,1999,Space Port
60079-1,1,201,0.00,2015,Space Port
3069-1,0,19,0.00,1999,Space Port
6463-1,1,27,0.04,1999,Space Port
6457-1,0,15,0.00,1999,Space Port
6454-1,0,70,0.00,1999,Space Port
1180-1,0,19,0.00,1999,Space Port
6452-1,1,30,0.03,1999,Space Port
1181-1,0,19,0.00,1999,Space Port
3059-1,1,48,0.02,2000,Space Port
3067-1,0,19,0.00,1999,Space Port
6459-1,1,69,0.01,1999,Space Port
6465-1,0,43,0.00,1999,Space Port
60078-1,0,79,0.00,2015,Space Port
60077-1,0,71,0.00,2015,Space Port
30315-1,0,24,0.00,2015,Space Port
6458-1,0,25,0.00,1999,Space Port
6461-1,1,31,0.03,1999,Space Port
3066-1,0,17,0.00,1999,Space Port
60080-1,3,243,0.01,2015,Space Port
6456-1,3,240,0.01,1999,Space Port
3068-1,0,19,0.00,1999,Space Port
6479-1,1,195,0.01,1998,Res-Q
2962-1,1,50,0.02,1998,Res-Q
6428-1,0,17,0.00,1998,Res-Q
6431-1,0,32,0.00,1998,Res-Q
6473-1,0,118,0.00,1998,Res-Q
6451-1,0,76,0.00,1998,Res-Q
1097-1,0,17,0.00,1999,Res-Q
6462-1,0,116,0.00,1998,Res-Q
6415-1,0,17,0.00,1998,Res-Q
6445-1,0,64,0.00,1998,Res-Q
1250-1,0,18,0.00,1999,Race
6619-1,0,12,0.00,2000,Race
1282-1,0,15,0.00,2000,Race
6618-1,0,15,0.00,2000,Race
6616-1,1,77,0.01,2000,Race
1284-1,0,16,0.00,2000,Race
1272-1,0,15,0.00,2000,Race
1283-1,0,12,0.00,2000,Race
6602-2,0,43,0.00,2000,Race
6713-1,1,136,0.01,2000,Race
1251-1,0,16,0.00,1999,Race
6714-1,1,48,0.02,2000,Race
6707-1,0,16,0.00,2000,Race
1273-1,0,12,0.00,2000,Race
6519-1,1,28,0.04,2000,Race
1285-1,0,16,0.00,2001,Race
6617-1,0,154,0.00,2000,Race
6404-1,0,45,0.00,1996,Paradisa
6401-1,1,33,0.03,1992,Paradisa
6403-1,0,55,0.00,1993,Paradisa
6410-1,1,85,0.01,1994,Paradisa
1815-1,0,34,0.00,1996,Paradisa
6418-1,1,119,0.01,1996,Paradisa
6489-1,0,58,0.00,1997,Paradisa
2870-1,0,20,0.00,1997,Paradisa
6409-1,1,80,0.01,1993,Paradisa
6414-1,4,120,0.03,1995,Paradisa
6419-1,2,135,0.01,1992,Paradisa
6417-1,1,29,0.03,1997,Paradisa
6405-1,0,72,0.00,1992,Paradisa
6411-1,2,101,0.02,1992,Paradisa
6402-1,2,35,0.06,1994,Paradisa
6547-1,2,92,0.02,1997,Paradisa
1761-1,0,21,0.00,1995,Paradisa
6416-1,1,119,0.01,1992,Paradisa
6550-1,1,33,0.03,1997,Outback
6490-1,0,72,0.00,1997,Outback
6487-1,0,50,0.00,1997,Outback
6444-1,2,104,0.02,1997,Outback
6553-1,3,84,0.04,1997,Outback
6544-1,1,172,0.01,1995,Launch Command
6339-1,4,216,0.02,1995,Launch Command
6336-1,0,99,0.00,1995,Launch Command
6516-1,0,25,0.00,1995,Launch Command
6614-1,0,66,0.00,1995,Launch Command
6585-1,0,15,0.00,1998,Extreme Team
6582-1,1,133,0.01,1998,Extreme Team
1190-1,0,29,0.00,1999,Extreme Team
1098-1,0,15,0.00,1998,Extreme Team
1188-1,0,28,0.00,1999,Extreme Team
1070-1,0,17,0.00,1999,Extreme Team
6572-1,1,46,0.02,1998,Extreme Team
6567-1,0,22,0.00,1998,Extreme Team
2963-1,0,40,0.00,1998,Extreme Team
1189-1,0,24,0.00,1999,Extreme Team
1295-1,0,26,0.00,2000,Extreme Team
1068-1,0,17,0.00,1999,Extreme Team
2537-1,0,15,0.00,1998,Extreme Team
6580-1,0,61,0.00,1998,Extreme Team
6589-1,2,51,0.04,1998,Extreme Team
1191-1,0,27,0.00,1999,Extreme Team
6568-1,0,128,0.00,1998,Extreme Team
6584-1,2,144,0.01,1998,Extreme Team
1088-1,0,16,0.00,1999,Extreme Team
60090-1,0,34,0.00,2015,Divers
60093-1,0,163,0.00,2015,Divers
60096-1,1,306,0.00,2015,Divers
60092-1,0,149,0.00,2015,Divers
2871-1,0,18,0.00,1997,Divers
60091-1,0,59,0.00,2015,Divers
6441-1,1,187,0.01,1997,Divers
60095-1,1,319,0.00,2015,Divers
6560-1,2,218,0.01,1997,Divers
6555-1,0,30,0.00,1997,Divers
6559-1,2,187,0.01,1997,Divers
6557-1,1,99,0.01,1997,Divers
6558-1,2,113,0.02,1997,Divers
6599-1,1,54,0.02,1997,Divers
6442-1,0,78,0.00,1997,Divers
2536-1,1,22,0.05,1998,Divers
1782-1,2,189,0.01,1997,Divers
6556-1,1,54,0.02,1997,Divers
1966-1,0,119,0.00,1985,Traffic
608-2,2,18,0.11,1979,Traffic
6501-1,0,20,0.00,1987,Traffic
6633-1,0,26,0.00,1985,Traffic
6521-1,1,31,0.03,1987,Traffic
6649-1,0,47,0.00,1995,Traffic
6538-1,0,39,0.00,1994,Traffic
6653-1,1,35,0.03,1982,Traffic
6607-1,0,18,0.00,1982,Traffic
6655-1,0,33,0.00,1984,Traffic
605-1,1,16,0.06,1978,Traffic
6606-1,1,18,0.06,1983,Traffic
6654-1,0,33,0.00,1983,Traffic
6671-1,1,55,0.02,1989,Traffic
6530-1,0,26,0.00,1990,Traffic
6679-2,0,38,0.00,1980,Traffic
6390-1,0,156,0.00,1980,Traffic
6644-1,0,49,0.00,1990,Traffic
6674-1,0,59,0.00,1988,Traffic
1876-1,0,45,0.00,1990,Traffic
1572-1,0,44,0.00,1986,Traffic
2140-1,0,115,0.00,1996,Traffic
673-1,0,38,0.00,1978,Traffic
6647-1,1,34,0.03,1980,Traffic
2880-1,0,19,0.00,1997,Traffic
6694-1,0,55,0.00,1984,Traffic
6661-1,1,51,0.02,1989,Traffic
1590-2,0,109,0.00,1982,Traffic
3442-1,0,53,0.00,1998,Traffic
10156-1,0,56,0.00,2004,Traffic
6699-1,2,42,0.05,1987,Traffic
643-1,0,21,0.00,1978,Traffic
1490-1,1,94,0.01,1988,Traffic
1589-2,0,109,0.00,1986,Traffic
6693-1,0,65,0.00,1987,Traffic
2148-2,0,53,0.00,1998,Traffic
1489-1,0,95,0.00,1989,Traffic
6363-1,0,59,0.00,1980,Traffic
6373-1,2,79,0.03,1984,Traffic
2584-1,2,16,0.13,1998,Traffic
6369-1,2,63,0.03,1985,Traffic
361-2,1,23,0.04,1979,Traffic
6627-1,0,25,0.00,1980,Traffic
10041-1,2,161,0.01,2003,Traffic
6393-1,5,209,0.02,1987,Traffic
6656-1,0,34,0.00,1985,Traffic
6645-1,1,42,0.02,1991,Traffic
6590-1,0,64,0.00,1988,Traffic
646-1,1,26,0.04,1979,Traffic
2148-1,0,55,0.00,1997,Traffic
6667-1,0,63,0.00,1993,Traffic
1592-1,0,133,0.00,1980,Traffic
6670-1,0,56,0.00,1993,Traffic
603-1,0,17,0.00,1978,Traffic
1589-1,1,117,0.01,1978,Traffic
6668-1,1,64,0.02,1992,Traffic
1592-2,0,133,0.00,1983,Traffic
642-1,0,26,0.00,1978,Traffic
379-1,0,68,0.00,1979,Traffic
6613-1,0,19,0.00,1986,Traffic
2881-1,0,19,0.00,1997,Traffic
6524-1,0,31,0.00,1988,Traffic
6357-1,0,100,0.00,1988,Traffic
6302-1,0,25,0.00,1982,Supplemental
6301-1,0,26,0.00,1986,Supplemental
302-2,0,1,0.00,1978,Supplemental
6304-1,0,1,0.00,1980,Supplemental
6002-1,0,16,0.00,1983,Supplemental
6310-1,0,1,0.00,1986,Supplemental
6307-1,0,9,0.00,1983,Supplemental
553-1,0,1,0.00,1979,Supplemental
6313-1,0,1,0.00,1986,Supplemental
6308-1,0,9,0.00,1982,Supplemental
6306-1,0,10,0.00,1980,Supplemental
6312-1,0,1,0.00,1986,Supplemental
6311-1,0,1,0.00,1986,Supplemental
0011-2,0,10,0.00,1978,Supplemental
6315-1,0,10,0.00,1988,Supplemental
6319-1,0,24,0.00,1993,Supplemental
551-1,0,1,0.00,1979,Supplemental
302-1,0,1,0.00,1983,Supplemental
6309-1,0,30,0.00,1988,Supplemental
6305-1,0,6,0.00,1980,Supplemental
6314-1,0,30,0.00,1992,Supplemental
6317-1,0,8,0.00,1988,Supplemental
2181-1,2,4,0.50,1997,Supplemental
300-1,0,1,0.00,1978,Supplemental
552-1,0,1,0.00,1979,Supplemental
6628-2,0,5,0.00,1984,Supplemental
6347-1,0,9,0.00,1991,Supplemental
6318-1,0,22,0.00,1996,Supplemental
6316-1,0,11,0.00,1988,Supplemental
301-1,0,1,0.00,1978,Supplemental
1958-1,0,16,0.00,1993,Recreation
1817-1,1,84,0.01,1996,Recreation
6351-1,1,113,0.01,1992,Recreation
6552-1,1,147,0.01,1993,Recreation
2531-1,0,73,0.00,1998,Recreation
2769-1,0,73,0.00,1999,Recreation
6514-1,0,23,0.00,1994,Recreation
1792-1,0,41,0.00,1994,Recreation
6355-1,0,61,0.00,1989,Recreation
1741-1,0,25,0.00,1994,Recreation
6665-1,0,46,0.00,1994,Recreation
6534-1,1,35,0.03,1992,Recreation
6563-1,0,133,0.00,1996,Recreation
1742-1,0,50,0.00,1994,Recreation
1790-1,0,18,0.00,1994,Recreation
6595-1,2,55,0.04,1993,Recreation
1740-1,0,12,0.00,1994,Recreation
1791-1,0,43,0.00,1994,Recreation
6395-1,1,228,0.00,1988,Race
6510-1,1,26,0.04,1991,Race
6551-1,1,105,0.01,1992,Race
6669-1,0,56,0.00,1991,Race
2535-1,0,21,0.00,1998,Race
6503-1,1,23,0.04,1988,Race
6436-1,0,15,0.00,1999,Race
1991-1,0,48,0.00,1993,Race
6335-1,2,159,0.01,1996,Race
1477-1,0,27,0.00,1991,Race
1497-1,1,69,0.01,1987,Race
6406-1,0,15,0.00,1997,Race
1821-1,0,90,0.00,1996,Race
6561-1,0,124,0.00,1994,Race
6337-1,2,151,0.01,1996,Race
6646-1,0,42,0.00,1991,Race
6484-1,2,147,0.01,1995,Race
6381-1,0,113,0.00,1987,Race
1096-1,0,15,0.00,1997,Race
1992-1,0,49,0.00,1993,Race
1517-1,0,23,0.00,1989,Race
6634-1,1,26,0.04,1986,Race
1461-1,0,20,0.00,1992,Race
6639-1,0,48,0.00,1995,Race
6591-1,1,73,0.01,1989,Race
1762-1,0,13,0.00,1995,Race
6400-1,0,15,0.00,1997,Race
6546-1,0,25,0.00,1996,Race
6609-1,0,13,0.00,1980,Race
6509-1,0,29,0.00,1991,Race
1528-1,1,18,0.06,1986,Race
1990-1,0,22,0.00,1993,Race
6605-1,0,14,0.00,1984,Race
1665-1,0,58,0.00,1990,Race
1899-1,0,17,0.00,1989,Race
1693-1,0,14,0.00,1992,Race
1563-1,0,20,0.00,1990,Race
1760-1,0,13,0.00,1995,Race
6648-1,0,39,0.00,1992,Race
6334-1,3,109,0.03,1996,Race
6539-1,0,194,0.00,1993,Race
1467-1,0,20,0.00,1987,Race
6498-1,0,15,0.00,1999,Race
1496-1,1,31,0.03,1987,Race
6502-1,1,18,0.06,1987,Race
1898-1,0,19,0.00,1989,Race
2886-1,0,16,0.00,1997,Race
6526-1,0,32,0.00,1989,Race
6677-1,0,44,0.00,1986,Race
1612-1,0,20,0.00,1988,Race
6604-1,0,20,0.00,1985,Race
2554-1,3,89,0.03,1998,Race
1750-1,0,23,0.00,1992,Race
1631-1,0,15,0.00,1990,Race
1890-1,0,32,0.00,1992,Race
1518-1,0,44,0.00,1989,Race
6528-1,0,26,0.00,1989,Race
3056-1,0,15,0.00,1998,Race
6362-1,0,53,0.00,1982,Post Office
107-2,1,56,0.02,1985,Post Office
6420-1,1,12,0.08,1998,Post Office
6651-1,0,31,0.00,1982,Post Office
105-1,0,34,0.00,1984,Post Office
6622-1,0,22,0.00,1984,Post Office
6689-1,1,31,0.03,1985,Post Office
6642-1,1,45,0.02,1988,Police
381-2,0,104,0.00,1979,Police
1895-1,0,51,0.00,1992,Police
6600-1,0,16,0.00,1981,Police
6354-1,0,96,0.00,1990,Police
6384-1,1,126,0.01,1983,Police
6386-1,2,148,0.01,1986,Police
588-1,0,104,0.00,1979,Police
1610-1,0,14,0.00,1991,Police
1786-1,0,96,0.00,1995,Police
6522-1,0,19,0.00,1987,Police
6450-1,0,54,0.00,1986,Police
644-2,0,27,0.00,1978,Police
6664-1,1,44,0.02,1993,Police
540-2,0,27,0.00,1979,Police
6632-1,0,32,0.00,1985,Police
621-1,0,21,0.00,1978,Police
6623-1,0,24,0.00,1983,Police
6506-1,0,21,0.00,1989,Police
6625-1,1,39,0.03,1996,Police
6348-1,1,153,0.01,1994,Police
6676-1,1,60,0.02,1986,Police
6681-1,0,42,0.00,1981,Police
60141-1,0,345,0.00,2017,Police
6430-1,1,73,0.01,1991,Police
6344-1,1,101,0.01,1993,Police
600-2,0,16,0.00,1978,Police
6545-1,1,140,0.01,1996,Police
645-1,0,30,0.00,1979,Police
6684-1,1,44,0.02,1984,Police
6533-1,0,37,0.00,1992,Police
6398-1,2,221,0.01,1993,Police
6598-1,2,238,0.01,1996,Police
1611-1,0,14,0.00,1991,Off-Road
6659-1,0,40,0.00,1986,Off-Road
106-1,1,36,0.03,1985,Off-Road
1730-1,0,18,0.00,1994,Off-Road
6672-1,3,43,0.07,1990,Off-Road
1710-1,0,18,0.00,1994,Off-Road
6641-1,0,40,0.00,1987,Off-Road
6675-1,0,39,0.00,1988,Off-Road
6660-1,0,34,0.00,1989,Off-Road
6523-1,0,32,0.00,1987,Hospital
6482-1,1,99,0.01,1989,Hospital
6691-1,1,55,0.02,1981,Hospital
6356-1,0,79,0.00,1988,Hospital
6380-1,1,105,0.01,1987,Hospital
1896-1,0,119,0.00,1992,Hospital
606-1,0,17,0.00,1978,Hospital
6666-1,1,49,0.02,1994,Hospital
6364-1,0,64,0.00,1980,Hospital
623-1,1,21,0.05,1978,Hospital
6629-1,0,24,0.00,1981,Hospital
6680-1,0,39,0.00,1981,Hospital
6626-1,1,22,0.05,1981,Hospital
6688-1,0,39,0.00,1985,Hospital
626-2,0,21,0.00,1978,Hospital
6508-1,0,28,0.00,1990,Harbor
6542-1,1,319,0.00,1991,Harbor
1069-1,0,19,0.00,1999,Harbor
1562-1,0,19,0.00,1990,Harbor
6517-1,2,24,0.08,1996,Harbor
6596-1,1,77,0.01,1995,Harbor
6483-1,1,145,0.01,1994,Harbor
6513-1,0,22,0.00,1993,Harbor
2882-1,0,19,0.00,1997,Harbor
6541-1,1,236,0.00,1991,Harbor
6543-1,0,301,0.00,1994,Harbor
1632-1,0,23,0.00,1990,Harbor
6679-1,1,45,0.02,1991,Harbor
6540-1,0,167,0.00,1991,Harbor
6663-1,0,52,0.00,1993,Harbor
6537-1,0,34,0.00,1994,Harbor
6698-1,0,76,0.00,1986,Harbor
2883-1,0,18,0.00,1997,Harbor
6695-1,0,52,0.00,1984,Station
6472-1,0,189,0.00,2001,Station
1470-1,0,17,0.00,1987,Station
6371-1,1,101,0.01,1983,Station
377-1,0,73,0.00,1978,Station
671-1,1,36,0.03,1978,Station
6378-1,0,99,0.00,1986,Station
6628-1,0,23,0.00,1981,Station
6610-1,2,16,0.13,1981,Station
601-1,0,12,0.00,1978,Station
6696-1,0,50,0.00,1984,Station
6562-1,0,113,0.00,1995,Station
554-1,1,37,0.03,1979,Station
6397-1,0,179,0.00,1992,Station
6375-2,0,95,0.00,1980,Station
1468-1,1,21,0.05,1987,Station
6394-1,6,213,0.03,1988,Station
6594-1,1,70,0.01,1992,Station
2887-1,0,12,0.00,1997,Station
604-1,0,14,0.00,1978,Station
2885-1,0,21,0.00,1997,Food & Drink
1581-2,0,55,0.00,1990,Food & Drink
6350-1,0,78,0.00,1994,Food & Drink
1029-1,0,47,0.00,1999,Food & Drink
1620-2,0,88,0.00,1978,Food & Drink
10037-1,0,81,0.00,2002,Food & Drink
6601-1,0,19,0.00,1985,Food & Drink
1591-1,1,19,0.05,1980,Food & Drink
675-1,2,33,0.06,1979,Food & Drink
1952-1,0,57,0.00,1989,Food & Drink
3438-1,0,65,0.00,1999,Food & Drink
6683-1,1,41,0.02,1983,Food & Drink
6376-1,1,78,0.01,1990,Food & Drink
10036-1,1,78,0.01,2002,Food & Drink
6685-1,2,46,0.04,1982,Fire
6382-1,1,99,0.01,1981,Fire
6389-1,1,176,0.01,1990,Fire
374-1,0,84,0.00,1978,Fire
602-1,1,15,0.07,1978,Fire
6611-1,1,16,0.06,1981,Fire
1702-1,0,38,0.00,1994,Fire
6511-1,0,22,0.00,1992,Fire
6602-1,1,15,0.07,1981,Fire
6358-1,0,75,0.00,1987,Fire
6593-1,0,72,0.00,1991,Fire
672-1,0,36,0.00,1978,Fire
6650-1,0,31,0.00,1981,Fire
6571-1,2,190,0.01,1994,Fire
6505-1,0,20,0.00,1988,Fire
1656-1,0,102,0.00,1991,Fire
6621-1,0,28,0.00,1984,Fire
6366-1,0,52,0.00,1984,Fire
6657-1,1,41,0.02,1985,Fire
640-2,1,27,0.04,1978,Fire
620-1,0,20,0.00,1978,Fire
6690-1,1,48,0.02,1980,Fire
6525-1,0,33,0.00,1995,Fire
6385-1,0,105,0.00,1985,Fire
6643-1,0,48,0.00,1988,Fire
6531-1,0,44,0.00,1991,Fire
6612-1,0,21,0.00,1986,Fire
556-1,0,37,0.00,1979,Fire
6340-1,0,93,0.00,1994,Fire
590-1,1,83,0.01,1978,Fire
6480-1,0,72,0.00,1986,Fire
6359-1,1,76,0.01,1986,Farm
6608-1,0,16,0.00,1982,Farm
6361-1,1,75,0.01,1986,Construction
6512-1,0,28,0.00,1992,Construction
558-1,0,36,0.00,1979,Construction
6686-1,0,44,0.00,1984,Construction
1633-1,0,15,0.00,1990,Construction
542-1,0,31,0.00,1979,Construction
622-1,0,19,0.00,1978,Construction
6352-1,0,72,0.00,1991,Construction
670-1,0,36,0.00,1978,Construction
6535-1,0,25,0.00,1995,Construction
674-1,0,29,0.00,1978,Construction
6648-2,0,25,0.00,1980,Construction
6678-1,0,38,0.00,1980,Construction
6507-1,0,18,0.00,1989,Construction
6631-1,0,30,0.00,1985,Construction
6682-1,0,49,0.00,1985,Construction
6532-1,0,30,0.00,1991,Construction
6662-1,0,56,0.00,1992,Construction
6658-1,0,35,0.00,1986,Construction
625-1,0,23,0.00,1978,Construction
6527-1,0,29,0.00,1989,Construction
6630-1,0,23,0.00,1981,Construction
6383-1,0,105,0.00,1981,Construction
6504-1,0,20,0.00,1988,Construction
6603-1,0,19,0.00,1985,Construction
641-1,0,27,0.00,1978,Construction
6581-1,0,66,0.00,1996,Construction
607-1,0,17,0.00,1979,Construction
6481-1,0,93,0.00,1989,Construction
6652-1,0,24,0.00,1983,Construction
6338-1,1,178,0.01,1995,Coast Guard
6697-1,1,56,0.02,1985,Coast Guard
6518-1,0,23,0.00,1996,Coast Guard
575-1,0,65,0.00,1978,Coast Guard
6387-1,2,153,0.01,1989,Coast Guard
6353-1,1,97,0.01,1991,Coast Guard
575-2,0,66,0.00,1978,Coast Guard
6342-1,1,98,0.01,1993,Coast Guard
6375-1,1,103,0.01,1990,Cargo
6377-1,3,124,0.02,1985,Cargo
1831-1,0,81,0.00,1995,Cargo
1525-1,1,56,0.02,1986,Cargo
2149-1,1,78,0.01,1997,Cargo
6624-1,0,29,0.00,1983,Cargo
6367-1,0,58,0.00,1984,Cargo
6391-1,3,143,0.02,1984,Cargo
1831-2,0,81,0.00,1995,Cargo
6692-1,1,47,0.02,1983,Cargo
1651-2,0,66,0.00,1980,Cargo
1552-1,2,94,0.02,1985,Cargo
6388-1,0,156,0.00,1989,Building
6370-1,1,67,0.01,1985,Building
560-1,0,57,0.00,1979,Building
6372-1,1,78,0.01,1982,Building
6365-1,1,58,0.02,1981,Building
6360-1,0,61,0.00,1986,Building
1472-1,0,157,0.00,1987,Building
6349-1,1,89,0.01,1988,Building
6379-1,0,89,0.00,1986,Building
1484-1,0,102,0.00,1987,Building
6592-1,1,67,0.01,1990,Building
376-2,0,57,0.00,1978,Building
6374-1,2,93,0.02,1983,Building
1854-1,1,68,0.01,1996,Building
1690-1,0,21,0.00,1990,Airport
1808-1,0,77,0.00,1996,Airport
1687-1,0,130,0.00,1993,Airport
1560-1,0,20,0.00,1990,Airport
1475-1,0,87,0.00,1991,Airport
2532-1,0,78,0.00,1998,Airport
2147-1,0,104,0.00,1997,Airport
2849-1,0,17,0.00,1997,Airport
3439-1,0,66,0.00,2000,Airport
2774-1,0,88,0.00,1999,Airport
6597-1,1,324,0.00,1994,Airport
6345-1,1,168,0.01,1993,Airport
2718-1,2,80,0.03,2001,Airport
6341-1,1,72,0.01,1994,Airport
6687-1,0,45,0.00,1987,Airport
6615-1,1,46,0.02,1996,Airport
6392-1,1,189,0.01,1985,Airport
6515-1,0,56,0.00,1994,Airport
6536-1,0,34,0.00,1993,Airport
6346-1,1,162,0.01,1992,Airport
1818-1,1,99,0.01,1996,Airport
1973-1,1,61,0.02,1989,Airport
1773-1,1,50,0.02,1996,Airport
6673-1,0,53,0.00,1990,Airport
6440-1,1,87,0.01,1991,Airport
1772-1,1,40,0.03,1991,Airport
1100-1,0,68,0.00,2001,Airport
1775-1,1,93,0.01,1994,Airport
6399-1,3,196,0.02,1990,Airport
10159-2,0,338,0.00,2004,Airport
1974-2,0,47,0.00,1989,Airport
1682-1,0,154,0.00,1990,Airport
6368-1,1,66,0.02,1985,Airport
6331-1,0,104,0.00,1996,Airport
6396-1,4,220,0.02,1990,Airport
1630-1,0,21,0.00,1990,Airport
1561-1,0,21,0.00,1990,Airport
6529-1,0,29,0.00,1990,Airport
2884-1,0,19,0.00,1997,Airport
1959-1,0,24,0.00,1993,Airport
1774-1,0,63,0.00,1991,Airport
60050-1,1,185,0.01,2014,Trains
60051-1,2,124,0.02,2014,Trains
60098-1,0,336,0.00,2015,Trains
60052-1,0,320,0.00,2014,Trains
60034-1,1,145,0.01,2014,Arctic
60036-1,1,295,0.00,2014,Arctic
60033-1,0,68,0.00,2014,Arctic
60062-1,1,333,0.00,2014,Arctic
60064-1,0,177,0.00,2014,Arctic
30310-1,0,35,0.00,2014,Arctic
60032-1,0,37,0.00,2014,Arctic
5002136-1,0,23,0.00,2014,Arctic
60035-1,0,182,0.00,2014,Arctic
850932-1,1,25,0.04,2014,Arctic
60082-1,0,111,0.00,2015,Off-Road
60115-1,2,112,0.02,2016,Off-Road
4433-1,0,101,0.00,2012,Off-Road
60017-1,0,120,0.00,2013,Traffic
8404-1,0,260,0.00,2010,Traffic
60150-1,2,133,0.02,2017,Traffic
7686-1,0,162,0.00,2009,Traffic
60026-1,0,410,0.00,2013,Traffic
30150-1,0,24,0.00,2012,Traffic
60145-1,1,48,0.02,2017,Traffic
3179-1,1,73,0.01,2010,Traffic
60148-1,1,126,0.01,2017,Traffic
60117-1,1,140,0.01,2016,Traffic
3221-1,0,104,0.00,2010,Traffic
7639-1,1,73,0.01,2009,Traffic
30314-1,0,32,0.00,2015,Traffic
8402-1,0,45,0.00,2009,Traffic
4933-1,0,11,0.00,2007,Traffic
60084-1,0,94,0.00,2015,Traffic
7641-1,0,213,0.00,2009,Traffic
7991-1,1,92,0.01,2007,Traffic
60132-1,0,225,0.00,2016,Traffic
4435-1,0,104,0.00,2012,Traffic
5620-1,0,20,0.00,2008,Traffic
7242-1,0,49,0.00,2005,Traffic
60097-1,6,578,0.01,2015,Traffic
60081-1,1,110,0.01,2015,Traffic
3177-1,0,30,0.00,2010,Traffic
7747-1,0,150,0.00,2009,Traffic
7848-1,0,130,0.00,2010,Traffic
5611-1,0,21,0.00,2008,Traffic
4207-1,0,303,0.00,2012,Traffic
4206-2,0,151,0.00,2012,Traffic
60031-1,1,210,0.00,2013,Traffic
4432-1,1,106,0.01,2012,Traffic
30313-1,0,35,0.00,2015,Traffic
7638-1,1,70,0.01,2009,Traffic
60083-1,0,92,0.00,2015,Traffic
60016-1,0,99,0.00,2013,Traffic
60113-1,2,64,0.03,2016,Traffic
7642-1,1,336,0.00,2009,Traffic
7567-1,0,19,0.00,2010,Traffic
7281-1,2,2,1.00,2005,Supplemental
7280-1,2,2,1.00,2005,Supplemental
8401-1,1,54,0.02,2009,Supplemental
60067-1,0,134,0.00,2015,Police
7744-1,0,285,0.00,2008,Police
60139-1,0,184,0.00,2017,Police
60127-1,0,70,0.00,2016,Police
4912-1,0,20,0.00,2005,Police
60046-1,0,212,0.00,2014,Police
30011-1,0,15,0.00,2010,Police
60071-1,0,147,0.00,2015,Police
5000281-1,3,4,0.75,2012,Police
60006-1,0,40,0.00,2013,Police
4438-1,3,159,0.02,2012,Police
5531-1,0,14,0.00,2005,Police
60047-1,1,322,0.00,2014,Police
7287-1,1,106,0.01,2011,Police
60137-1,1,90,0.01,2017,Police
30018-1,0,32,0.00,2012,Police
60140-1,0,257,0.00,2017,Police
5612-1,0,21,0.00,2008,Police
4205-1,0,150,0.00,2012,Police
3648-1,1,104,0.01,2011,Police
7288-1,0,172,0.00,2011,Police
60045-1,1,220,0.00,2014,Police
60068-1,0,219,0.00,2015,Police
7899-1,0,121,0.00,2006,Police
60069-1,1,278,0.00,2015,Police
60143-1,0,205,0.00,2017,Police
7235-2,1,23,0.04,2008,Police
7245-1,1,54,0.02,2005,Police
60042-1,1,66,0.02,2014,Police
30002-1,0,27,0.00,2009,Police
30226-1,0,35,0.00,2014,Police
4440-1,1,263,0.00,2012,Police
60130-1,1,337,0.00,2016,Police
60131-1,1,173,0.01,2016,Police
7236-2,0,36,0.00,2008,Police
4439-1,0,140,0.00,2012,Police
4473-1,0,74,0.00,2013,Police
60136-1,0,63,0.00,2017,Police
60129-1,2,128,0.02,2016,Police
60048-1,0,143,0.00,2014,Police
7741-1,1,66,0.02,2008,Police
60126-1,0,41,0.00,2016,Police
4991-1,0,26,0.00,2007,Police
7235-1,1,26,0.04,2005,Police
7743-1,0,194,0.00,2008,Police
60065-1,0,49,0.00,2015,Police
3658-1,1,119,0.01,2011,Police
60070-1,0,140,0.00,2015,Police
7723-1,1,90,0.01,2008,Police
30228-1,0,26,0.00,2014,Police
3661-1,1,197,0.01,2011,Police
7236-1,0,36,0.00,2005,Police
60138-1,0,150,0.00,2017,Police
60007-1,2,143,0.01,2013,Police
5625-1,0,16,0.00,2008,Police
7286-1,1,102,0.01,2011,Police
7285-1,0,52,0.00,2011,Police
4437-1,0,73,0.00,2012,Police
30346-1,0,38,0.00,2016,Police
60009-1,0,209,0.00,2013,Police
30017-1,0,29,0.00,2012,Police
7498-1,1,263,0.00,2011,Police
60041-1,0,34,0.00,2014,Police
850617-1,0,21,0.00,2013,Police
4441-1,0,140,0.00,2012,Police
60128-1,1,106,0.01,2016,Police
30222-1,0,29,0.00,2013,Police
60142-1,0,82,0.00,2017,Police
30227-1,0,28,0.00,2014,Police
4436-1,0,61,0.00,2012,Police
7279-1,0,48,0.00,2011,Police
60049-1,0,187,0.00,2014,Police
30014-1,0,33,0.00,2011,Police
60044-1,0,154,0.00,2014,Police
60043-1,1,106,0.01,2014,Police
7237-2,1,218,0.00,2006,Police
40110-1,0,59,0.00,2014,Police
7237-1,4,209,0.02,2005,Police
60135-1,1,37,0.03,2017,Police
7245-2,0,53,0.00,2008,Police
30311-1,0,36,0.00,2015,Police
60066-1,0,66,0.00,2015,Police
4897-1,0,20,0.00,2008,Police
60008-1,2,217,0.01,2013,Police
30013-1,0,20,0.00,2010,Police
30351-1,0,38,0.00,2017,Police
30352-1,0,34,0.00,2017,Police
CITY951701-1,0,14,0.00,2017,Police
4431-1,0,107,0.00,2012,Hospital
4429-1,3,195,0.02,2012,Hospital
4936-1,0,20,0.00,2007,Hospital
60116-1,1,104,0.01,2016,Hospital
2064-1,1,64,0.02,2007,Hospital
7890-1,0,61,0.00,2006,Hospital
7892-1,1,172,0.01,2006,Hospital
1249-1,0,16,0.00,1999,Hospital
7267-1,0,12,0.00,2005,Hospital
7902-1,1,41,0.02,2006,Hospital
30000-1,0,24,0.00,2009,Hospital
7903-1,1,113,0.01,2006,Hospital
4645-1,0,221,0.00,2011,Harbor
4644-1,0,140,0.00,2011,Harbor
30015-1,0,20,0.00,2011,Harbor
60085-1,0,137,0.00,2015,Harbor
4642-1,1,50,0.02,2011,Harbor
7994-1,3,260,0.01,2007,Harbor
4643-1,1,124,0.01,2011,Harbor
60119-1,1,124,0.01,2016,Harbor
3178-1,1,66,0.02,2010,Harbor
4641-1,0,28,0.00,2011,Harbor
2230-1,0,62,0.00,2008,Harbor
60002-1,0,103,0.00,2013,Fire
7906-1,0,87,0.00,2007,Fire
7266-1,0,18,0.00,2005,Fire
853378-1,0,18,0.00,2012,Fire
4208-1,0,96,0.00,2012,Fire
60112-1,0,157,0.00,2016,Fire
60003-1,0,136,0.00,2013,Fire
7241-1,0,38,0.00,2005,Fire
7942-1,1,70,0.01,2007,Fire
30221-1,0,26,0.00,2013,Fire
60010-1,0,121,0.00,2013,Fire
60107-1,0,101,0.00,2016,Fire
4427-1,0,35,0.00,2012,Fire
5532-1,0,22,0.00,2005,Fire
60004-1,0,283,0.00,2013,Fire
60106-1,0,72,0.00,2016,Fire
7239-1,1,104,0.01,2005,Fire
4430-1,0,198,0.00,2012,Fire
4992-1,0,15,0.00,2007,Fire
20002-1,0,38,0.00,2008,Fire
850618-1,0,24,0.00,2013,Fire
60000-1,1,33,0.03,2013,Fire
60105-1,0,46,0.00,2016,Fire
60109-1,0,202,0.00,2016,Fire
7207-1,0,134,0.00,2010,Fire
7945-1,1,216,0.00,2007,Fire
4209-1,0,185,0.00,2012,Fire
30347-1,0,41,0.00,2016,Fire
30019-1,0,29,0.00,2012,Fire
7208-1,0,195,0.00,2010,Fire
60108-1,0,146,0.00,2016,Fire
60111-1,0,169,0.00,2016,Fire
30010-1,0,22,0.00,2010,Fire
60001-1,0,52,0.00,2013,Fire
4938-1,0,21,0.00,2007,Fire
4900-1,0,30,0.00,2008,Fire
7213-1,1,165,0.01,2010,Fire
60005-1,2,127,0.02,2013,Fire
30220-1,0,30,0.00,2013,Fire
4914-1,0,20,0.00,2005,Fire
60110-1,0,353,0.00,2016,Fire
30001-1,0,25,0.00,2009,Fire
7240-1,2,129,0.02,2005,Fire
60088-1,0,69,0.00,2015,Fire
7238-1,1,51,0.02,2005,Fire
7944-1,1,122,0.01,2007,Fire
7206-1,1,152,0.01,2010,Fire
5613-1,0,23,0.00,2008,Fire
7566-1,0,16,0.00,2010,Farm
7635-1,1,75,0.01,2009,Farm
7636-1,0,132,0.00,2009,Farm
7684-1,0,133,0.00,2010,Farm
7634-1,1,51,0.02,2009,Farm
7637-1,1,235,0.00,2009,Farm
4899-1,0,23,0.00,2009,Farm
30229-1,0,28,0.00,2014,Construction
7249-1,1,164,0.01,2005,Construction
30003-1,0,18,0.00,2009,Construction
5642-1,0,15,0.00,2009,Construction
30151-1,0,24,0.00,2012,Construction
30312-1,0,28,0.00,2015,Construction
7631-1,0,86,0.00,2009,Construction
7746-1,1,98,0.01,2009,Construction
60072-1,0,58,0.00,2015,Construction
7905-1,1,194,0.01,2006,Construction
7248-1,1,73,0.01,2005,Construction
60018-1,1,105,0.01,2013,Construction
7344-1,1,71,0.01,2005,Construction
4204-1,0,335,0.00,2012,Construction
4434-1,0,92,0.00,2012,Construction
4201-1,0,82,0.00,2012,Construction
7243-1,1,129,0.01,2005,Construction
7685-1,1,105,0.01,2009,Construction
7998-1,2,101,0.02,2007,Construction
5610-1,0,20,0.00,2008,Construction
7246-1,0,25,0.00,2005,Construction
30348-1,0,30,0.00,2016,Construction
4200-1,1,70,0.01,2012,Construction
30152-1,0,28,0.00,2012,Construction
7900-1,0,121,0.00,2006,Construction
60074-1,0,155,0.00,2015,Construction
60073-1,0,115,0.00,2015,Construction
60076-1,1,300,0.00,2015,Construction
7633-1,1,288,0.00,2009,Construction
7632-1,1,124,0.01,2009,Construction
5627-1,0,16,0.00,2008,Construction
7990-1,1,96,0.01,2007,Construction
7630-1,0,65,0.00,2009,Construction
4203-1,0,143,0.00,2012,Construction
60075-1,0,131,0.00,2015,Construction
5621-1,0,17,0.00,2008,Coast Guard
60014-1,1,208,0.00,2013,Coast Guard
60011-1,1,35,0.03,2013,Coast Guard
4210-1,0,184,0.00,2008,Coast Guard
7726-1,1,154,0.01,2008,Coast Guard
4898-1,0,31,0.00,2008,Coast Guard
7736-1,0,22,0.00,2008,Coast Guard
5626-1,0,12,0.00,2008,Coast Guard
30225-1,0,34,0.00,2013,Coast Guard
4937-1,0,34,0.00,2007,Coast Guard
7737-1,1,73,0.01,2008,Coast Guard
60013-1,0,140,0.00,2013,Coast Guard
60015-1,1,138,0.01,2013,Coast Guard
60012-1,0,82,0.00,2013,Coast Guard
7739-1,2,212,0.01,2008,Coast Guard
7738-1,1,168,0.01,2008,Coast Guard
7992-1,0,90,0.00,2007,Cargo
7734-1,0,146,0.00,2008,Cargo
7733-1,0,134,0.00,2008,Cargo
60020-1,0,138,0.00,2013,Cargo
60144-1,0,63,0.00,2017,Airport
3222-1,0,114,0.00,2010,Airport
60104-1,0,260,0.00,2016,Airport
30012-1,0,35,0.00,2010,Airport
3182-1,1,249,0.00,2010,Airport
60021-1,1,158,0.01,2013,Airport
3181-1,0,125,0.00,2010,Airport
60101-1,0,95,0.00,2016,Airport
60102-1,1,184,0.01,2016,Airport
7891-1,0,78,0.00,2006,Airport
7688-1,0,71,0.00,2010,Airport
4442-1,0,61,0.00,2012,Airport
7893-2,0,116,0.00,2006,Airport
7643-1,0,67,0.00,2009,Airport
7894-1,1,242,0.00,2006,Airport
60022-1,1,250,0.00,2013,Airport
60100-1,1,64,0.02,2016,Airport
2928-1,0,79,0.00,2006,Airport
2928-2,0,79,0.00,2008,Airport
10159-1,0,338,0.00,2004,Airport
7894-2,0,224,0.00,2007,Airport
60019-1,0,104,0.00,2013,Airport
7893-1,1,133,0.01,2006,Airport
60103-1,2,280,0.01,2016,Airport
7901-1,0,25,0.00,2006,Airport
3181-2,0,113,0.00,2010,Airport
7696-1,0,65,0.00,2011,Airport
60059-1,1,106,0.01,2014,City
TRUKAYAK-1,0,9,0.00,2015,City
60118-1,0,113,0.00,2016,City
60054-1,1,68,0.01,2014,City
60053-1,1,61,0.02,2014,City
60147-1,0,69,0.00,2017,City
60114-1,0,55,0.00,2016,City
60027-1,1,153,0.01,2013,City
60151-1,3,161,0.02,2017,City
60120-1,0,64,0.00,2016,City
3366-1,1,77,0.01,2011,City
60134-1,8,143,0.06,2016,City
30016-1,0,21,0.00,2011,City
60123-1,1,177,0.01,2016,City
60061-1,0,115,0.00,2014,City
30350-1,0,38,0.00,2016,City
3368-1,0,193,0.00,2011,City
4202-1,1,93,0.01,2012,City
60056-1,0,114,0.00,2014,City
60058-1,0,93,0.00,2014,City
60086-1,0,150,0.00,2015,City
30349-1,0,34,0.00,2016,City
60023-1,2,135,0.01,2013,City
60125-1,1,360,0.00,2016,City
60057-1,1,101,0.01,2014,City
60122-1,0,145,0.00,2016,City
3365-1,0,23,0.00,2011,City
30224-1,0,29,0.00,2013,City
60060-1,1,120,0.01,2014,City
3367-1,1,99,0.01,2011,City
60149-1,2,117,0.02,2017,City
60121-1,0,97,0.00,2016,City
60124-1,0,290,0.00,2016,City
5004404-1,0,20,0.00,2016,City
60055-1,0,46,0.00,2014,City
60025-1,0,157,0.00,2013,City
60146-1,0,54,0.00,2017,City
60152-1,0,152,0.00,2017,City
30354-1,0,27,0.00,2017,City
6579-1,2,35,0.06,2000,Arctic
6577-1,1,18,0.06,2000,Arctic
6578-1,0,22,0.00,2000,Arctic
6573-1,1,77,0.01,2000,Arctic
6575-1,2,220,0.01,2000,Arctic
6520-1,1,118,0.01,2000,Arctic
6576-1,0,19,0.00,1998,Arctic
6570-1,0,33,0.00,1998,Arctic
6626-2,0,17,0.00,2000,Arctic
6586-1,0,48,0.00,2000,Arctic
1294-1,0,25,0.00,2000,Town
8398-1,0,19,0.00,2009,Town
7732-1,0,58,0.00,2008,Town
7731-1,1,41,0.02,2008,Town
1248-1,0,21,0.00,1999,Town
1297-1,0,24,0.00,2000,Town
1296-1,0,19,0.00,2000,Town
4999-1,1,236,0.00,2008,Town
71006-1,11,501,0.02,2014,Town
1246-1,0,22,0.00,1999,Town
7993-1,1,153,0.01,2007,Town
3351-1,3,20,0.15,2000,Town
8403-1,0,146,0.00,2010,Town
3350-1,4,25,0.16,2000,Town
71016-1,16,593,0.03,2015,Town
3180-1,1,109,0.01,2010,Town
1247-1,0,19,0.00,1999,Town
7244-1,3,55,0.05,2005,Town
4780-1,0,57,0.00,2005,Supplemental
6112-1,0,73,0.00,2006,Supplemental
620-3,0,1,0.00,2010,Supplemental
6177-1,0,74,0.00,2008,Supplemental
4423-1,0,85,0.00,2005,Supplemental
5574-1,0,47,0.00,2008,Supplemental
5576-1,0,58,0.00,2008,Supplemental
6118-1,0,19,0.00,2008,Supplemental
628-3,0,1,0.00,2003,Supplemental
5578-1,0,71,0.00,2008,Supplemental
4421-1,0,87,0.00,2005,Supplemental
6119-1,0,11,0.00,2008,Supplemental
6114-1,0,71,0.00,2007,Supplemental
5587-1,0,69,0.00,2009,Supplemental
6116-1,0,58,0.00,2007,Supplemental
4782-2,0,46,0.00,2005,Supplemental
4781-1,0,57,0.00,2005,Supplemental
4782-1,0,47,0.00,2005,Supplemental
6117-1,0,22,0.00,2008,Supplemental
5370b-1,0,74,0.00,2005,Supplemental
4679b-2,0,230,0.00,2005,Supplemental
5623-1,0,68,0.00,2010,Supplemental
6752-1,0,183,0.00,2009,Fire
4997-1,0,229,0.00,2008,Harbor
4995-1,0,112,0.00,2008,Cargo
4957-1,0,122,0.00,2007,Recreation
6754-1,0,169,0.00,2009,Building
31010-1,0,113,0.00,2013,Building
31035-1,0,118,0.00,2015,Building
31012-1,0,221,0.00,2013,Building
7346-1,0,143,0.00,2012,Building
4996-1,0,134,0.00,2008,Building
4956-1,0,109,0.00,2007,Building
31009-1,0,99,0.00,2013,Building
10253-1,1,263,0.00,2016,Building
4954-1,0,132,0.00,2007,Building
31036-1,0,149,0.00,2015,Building
6745-1,0,111,0.00,2009,Airport
4953-1,0,139,0.00,2007,Airport
4895-1,2,156,0.01,2006,Airport
7345-1,0,153,0.00,2012,Airport
31011-1,0,199,0.00,2013,Airport
31003-1,0,57,0.00,2013,Airport
4893-1,1,133,0.01,2006,Riding Cycle
6747-1,0,127,0.00,2009,Riding Cycle
4998-1,0,143,0.00,2008,Creature
4994-1,0,54,0.00,2008,Creature
31031-1,0,77,0.00,2015,Creature
4892-1,0,91,0.00,2006,Creature
4894-1,0,106,0.00,2006,Creature
4958-1,1,145,0.01,2007,Creature
31032-1,0,60,0.00,2015,Creature
6751-1,0,135,0.00,2009,Creature
6753-1,0,286,0.00,2009,Traffic
31022-1,0,84,0.00,2014,Traffic
4993-1,0,182,0.00,2008,Traffic
7347-1,0,243,0.00,2012,Traffic
4955-1,0,163,0.00,2007,Traffic
31006-1,0,105,0.00,2013,Traffic
6743-1,0,77,0.00,2009,Traffic
5892-1,0,164,0.00,2010,Model
5893-1,0,254,0.00,2010,Model
5766-1,0,108,0.00,2011,Model
4939-1,0,73,0.00,2007,Model
4891-1,0,78,0.00,2006,Model
10241-1,2,213,0.01,2014,Model
4896-1,0,208,0.00,2006,Model
5867-1,0,102,0.00,2010,Model
5866-1,0,74,0.00,2010,Model
5891-1,0,138,0.00,2010,Model
5868-1,0,87,0.00,2010,Model
4411-1,0,271,0.00,2004,Basic Set
4106-1,0,89,0.00,2002,Basic Set
4696-1,1,198,0.01,2004,Basic Set
7870-1,0,186,0.00,2005,Basic Set
6092-2,0,124,0.00,2006,Basic Set
7837-1,0,89,0.00,2002,Basic Set
6191-1,0,61,0.00,2009,Basic Set
5517-1,0,127,0.00,2007,Basic Set
5493-1,0,79,0.00,2006,Basic Set
6092-1,0,122,0.00,2006,Basic Set
7615-1,0,109,0.00,2009,Basic Set
4679-2,2,2,1.00,2005,Basic Set
10659-1,1,79,0.01,2013,Basic Set
6161-1,0,81,0.00,2007,Basic Set
4679a-2,0,150,0.00,2005,Basic Set
5489-1,0,197,0.00,2009,Basic Set
4117-1,0,104,0.00,2001,Basic Set
4013-1,0,106,0.00,2003,Basic Set
4177-1,1,128,0.01,2001,Basic Set
5584-1,0,125,0.00,2008,Basic Set
4630-1,0,236,0.00,2012,Basic Set
6166-1,0,116,0.00,2007,Basic Set
5483-1,0,175,0.00,2006,Basic Set
4026-1,0,23,0.00,2003,Basic Set
4279-1,0,149,0.00,2003,Basic Set
5528-1,0,91,0.00,2007,Basic Set
4496-1,0,145,0.00,2004,Basic Set
4518-1,0,260,0.00,2004,Basic Set
3600-1,0,153,0.00,2005,Basic Set
4400-1,0,200,0.00,2003,Basic Set
4414-1,0,105,0.00,2004,Basic Set
4538-1,0,73,0.00,2004,Basic Set
5529-1,0,53,0.00,2010,Basic Set
6167-1,0,169,0.00,2006,Basic Set
4496-2,0,137,0.00,2005,Basic Set
4174-1,0,82,0.00,2001,Basic Set
4103-2,0,54,0.00,2006,Basic Set
5370a-1,0,89,0.00,2005,Basic Set
5482-1,0,127,0.00,2006,Basic Set
10655-1,1,116,0.01,2013,Basic Set
4586940-1,0,117,0.00,2010,Basic Set
4176-1,1,124,0.01,2001,Basic Set
4425-1,0,150,0.00,2004,Basic Set
4679-1,2,2,1.00,2004,Basic Set
4562-1,1,212,0.00,2004,Basic Set
4103-1,0,50,0.00,2002,Basic Set
5573-2,0,149,0.00,2009,Basic Set
7616-1,0,64,0.00,2009,Basic Set
10681-1,0,211,0.00,2014,Basic Set
5508-1,0,197,0.00,2010,Basic Set
4410-1,0,96,0.00,2004,Basic Set
4540315-1,0,116,0.00,2009,Basic Set
6194-1,0,133,0.00,2009,Basic Set
4113-1,0,37,0.00,2002,Basic Set
4548431-1,0,174,0.00,2008,Basic Set
5491-1,0,96,0.00,2006,Basic Set
7336-1,0,65,0.00,2006,Basic Set
4119-1,0,53,0.00,2001,Basic Set
10682-1,0,279,0.00,2014,Basic Set
4497-1,0,145,0.00,2004,Basic Set
66311-1,1,2,0.50,2010,Basic Set
7795-1,0,153,0.00,2006,Basic Set
5475-1,0,52,0.00,2006,Basic Set
7830-1,0,45,0.00,2002,Basic Set
4023-1,0,26,0.00,2003,Basic Set
5529-2,0,53,0.00,2010,Basic Set
4027-1,0,23,0.00,2003,Basic Set
6053-1,0,213,0.00,2011,Basic Set
4810-1,0,71,0.00,2001,Basic Set
66284-1,0,1,0.00,2009,Basic Set
5549-1,0,123,0.00,2010,Basic Set
5537-1,0,83,0.00,2007,Basic Set
4105-2,0,75,0.00,2005,Basic Set
5749-1,0,147,0.00,2011,Basic Set
10657-1,0,82,0.00,2013,Basic Set
4105-3,0,106,0.00,2005,Basic Set
5519-1,0,95,0.00,2007,Basic Set
4495173-1,0,119,0.00,2006,Basic Set
4115-1,0,71,0.00,2001,Basic Set
6192-1,2,75,0.03,2009,Basic Set
5589-1,0,130,0.00,2009,Basic Set
4919-1,0,63,0.00,2005,Basic Set
4626-1,0,95,0.00,2012,Basic Set
5515-1,0,80,0.00,2007,Basic Set
7335-1,0,105,0.00,2006,Basic Set
4014-1,0,89,0.00,2003,Basic Set
4175-1,0,97,0.00,2001,Basic Set
4679a-1,0,150,0.00,2004,Basic Set
7831-1,0,58,0.00,2002,Basic Set
4107-1,0,106,0.00,2002,Basic Set
4278-1,0,150,0.00,2003,Basic Set
5898-1,0,66,0.00,2010,Basic Set
5477-1,0,40,0.00,2006,Basic Set
4172-1,0,26,0.00,2001,Basic Set
5582-1,0,148,0.00,2008,Basic Set
4105-1,0,85,0.00,2002,Basic Set
5585-1,0,90,0.00,2008,Basic Set
5560-1,0,108,0.00,2009,Basic Set
5899-1,0,58,0.00,2010,Basic Set
4118-1,1,115,0.01,2001,Basic Set
5487-1,0,115,0.00,2009,Basic Set
6164-1,0,158,0.00,2007,Basic Set
10660-1,0,67,0.00,2013,Basic Set
6193-1,1,59,0.02,2009,Basic Set
7793-1,0,106,0.00,2006,Basic Set
5369-1,0,57,0.00,2005,Basic Set
4104-1,0,45,0.00,2002,Basic Set
4179-1,0,89,0.00,2002,Basic Set
5522-1,0,95,0.00,2008,Basic Set
1270-2,0,13,0.00,2005,Basic Set
6186-1,0,90,0.00,2008,Basic Set
4173-1,0,33,0.00,2001,Basic Set
4116-1,0,92,0.00,2001,Basic Set
4405-1,0,254,0.00,2003,Basic Set
10662-1,0,157,0.00,2013,Basic Set
4120-1,0,159,0.00,2001,Basic Set
5573-1,0,153,0.00,2008,Basic Set
4496-3,0,144,0.00,2006,Basic Set
4412-1,0,45,0.00,2004,Basic Set
5539-1,0,117,0.00,2009,Basic Set
4171-1,0,28,0.00,2001,Basic Set
7832-1,0,58,0.00,2002,Basic Set
4121-1,0,64,0.00,2001,Basic Set
3598-1,0,83,0.00,2005,Basic Set
6131-1,0,150,0.00,2011,Basic Set
4028-1,0,105,0.00,2003,Basic Set
4029-1,0,105,0.00,2003,Basic Set
7825-1,0,89,0.00,2002,Basic Set
7796-1,0,18,0.00,2008,Building
fruit5-1,0,6,0.00,2007,Food & Drink
7276-1,0,6,0.00,2005,Food & Drink
fruit7-1,0,7,0.00,2007,Food & Drink
fruit6-1,0,6,0.00,2007,Food & Drink
7274-1,0,6,0.00,2005,Food & Drink
7271-1,0,6,0.00,2005,Food & Drink
fruit4-1,0,6,0.00,2007,Food & Drink
fruit3-1,0,4,0.00,2007,Food & Drink
fruit1-1,0,6,0.00,2007,Food & Drink
fruit2-1,0,8,0.00,2007,Food & Drink
7272-1,0,7,0.00,2005,Food & Drink
7275-1,0,8,0.00,2005,Food & Drink
7278-1,0,6,0.00,2005,Food & Drink
7176-1,0,9,0.00,2007,Food & Drink
4917-1,0,39,0.00,2007,Robot
31034-1,0,82,0.00,2015,Robot
30285-1,0,33,0.00,2015,Creature
7798-1,0,20,0.00,2008,Creature
40073-1,0,31,0.00,2013,Creature
7872-1,0,19,0.00,2007,Creature
4916-1,0,40,0.00,2007,Creature
40148-1,0,41,0.00,2015,Creature
30476-1,0,15,0.00,2017,Creature
7803-1,0,19,0.00,2009,Traffic
30283-1,0,25,0.00,2015,Traffic
30183-1,0,29,0.00,2013,Traffic
5930-1,0,62,0.00,2011,Construction
40139-1,0,100,0.00,2015,Construction
7875-1,0,18,0.00,2007,Construction
4915-1,0,34,0.00,2007,Construction
7876-1,0,16,0.00,2007,Construction
5929-1,0,70,0.00,2011,Castle
5864-1,0,34,0.00,2010,Airport
4019-1,0,12,0.00,2001,Airport
4918-1,0,50,0.00,2007,Airport
7797-1,0,19,0.00,2008,Airport
7609-1,0,20,0.00,2006,Airport
5933-1,0,123,0.00,2011,Airport
6741-1,0,35,0.00,2009,Airport
4906-1,0,14,0.00,2005,Airport
7873-1,0,21,0.00,2007,Airport
30020-1,0,29,0.00,2010,Basic Model
4625-1,0,87,0.00,2012,Basic Model
5762-1,0,37,0.00,2011,Basic Model
31030-1,0,54,0.00,2015,Basic Model
66208-1,9,9,1.00,2007,Basic Model
5764-1,0,71,0.00,2011,Basic Model
30026-1,0,35,0.00,2011,Basic Model
5761-1,0,32,0.00,2011,Basic Model
5763-1,0,71,0.00,2011,Basic Model
30187-1,0,33,0.00,2014,Basic Model
31033-1,0,98,0.00,2015,Basic Model
30021-1,0,31,0.00,2010,Basic Model
31028-1,0,38,0.00,2015,Basic Model
40140-1,0,42,0.00,2015,Basic Model
31027-1,0,34,0.00,2015,Basic Model
4037-1,0,7,0.00,2004,Basic Model
31029-1,0,69,0.00,2015,Basic Model
30284-1,0,30,0.00,2015,Basic Model
40109-1,0,33,0.00,2014,Creator
6913-1,0,69,0.00,2012,Creator
7606-1,0,18,0.00,2006,Creator
9306-1,0,45,0.00,2003,Creator
31047-1,0,101,0.00,2016,Creator
31052-1,1,279,0.00,2016,Creator
4637-1,0,78,0.00,2012,Creator
7610-1,0,18,0.00,2006,Creator
30180-1,0,30,0.00,2012,Creator
10244-1,0,499,0.00,2014,Creator
31018-1,0,67,0.00,2014,Creator
30197-1,0,29,0.00,2014,Creator
31008-1,0,107,0.00,2013,Creator
40079-1,1,35,0.03,2013,Creator
7808-1,0,23,0.00,2009,Creator
31013-1,0,47,0.00,2014,Creator
10663-1,0,184,0.00,2013,Creator
31015-1,0,78,0.00,2014,Creator
20011-1,0,38,0.00,2009,Creator
31043-1,0,66,0.00,2016,Creator
10661-1,0,52,0.00,2013,Creator
4017-1,0,10,0.00,2001,Creator
10252-1,4,295,0.01,2016,Creator
31050-1,0,149,0.00,2016,Creator
4635-1,0,177,0.00,2012,Creator
31045-1,0,96,0.00,2016,Creator
5512-1,0,138,0.00,2010,Creator
31002-1,0,59,0.00,2013,Creator
7173-1,0,7,0.00,2007,Creator
7175-1,0,6,0.00,2007,Creator
31042-1,0,56,0.00,2016,Creator
5770-1,0,169,0.00,2011,Creator
30472-1,0,30,0.00,2016,Creator
31060-1,0,123,0.00,2016,Creator
20008-1,0,47,0.00,2009,Creator
31026-1,0,245,0.00,2014,Creator
31038-1,0,159,0.00,2015,Creator
6742-1,0,32,0.00,2009,Creator
31057-1,0,59,0.00,2016,Creator
4016-1,0,11,0.00,2001,Creator
31058-1,0,76,0.00,2017,Creator
31001-1,0,43,0.00,2013,Creator
30181-1,0,29,0.00,2012,Creator
31019-1,0,107,0.00,2014,Creator
31024-1,0,114,0.00,2014,Creator
31000-1,0,37,0.00,2013,Creator
20014-1,0,37,0.00,2010,Creator
9385-1,0,221,0.00,2010,Creator
7177-1,0,6,0.00,2007,Creator
7172-1,0,7,0.00,2007,Creator
6911-1,0,38,0.00,2012,Creator
5767-1,0,158,0.00,2011,Creator
7178-1,0,5,0.00,2007,Creator
30189-1,0,31,0.00,2014,Creator
40077-1,0,32,0.00,2013,Creator
6910-1,0,36,0.00,2012,Creator
7292-1,0,93,0.00,2012,Creator
5932-1,0,74,0.00,2011,Creator
31007-1,0,87,0.00,2013,Creator
4837-1,0,39,0.00,2008,Creator
30184-1,0,28,0.00,2013,Creator
7799-1,0,18,0.00,2008,Creator
10656-1,0,55,0.00,2013,Creator
31054-1,0,34,0.00,2017,Creator
30185-1,0,26,0.00,2013,Creator
31020-1,0,86,0.00,2014,Creator
31040-1,0,35,0.00,2016,Creator
10242-1,0,250,0.00,2014,Creator
31041-1,0,36,0.00,2016,Creator
30023-1,0,14,0.00,2011,Creator
31039-1,0,180,0.00,2015,Creator
31014-1,0,36,0.00,2014,Creator
31049-1,0,133,0.00,2016,Creator
7604-1,0,19,0.00,2006,Creator
40025-1,0,25,0.00,2012,Creator
7804-1,0,13,0.00,2009,Creator
30027-1,0,30,0.00,2011,Creator
4636-1,1,69,0.01,2012,Creator
31055-1,0,37,0.00,2017,Creator
6914-1,0,58,0.00,2012,Creator
7871-1,0,19,0.00,2007,Creator
10247-1,1,313,0.00,2015,Creator
20015-1,0,31,0.00,2010,Creator
20001-1,0,38,0.00,2007,Creator
31017-1,0,59,0.00,2014,Creator
10250-1,1,86,0.01,2013,Creator
7174-1,0,6,0.00,2007,Creator
6912-1,0,67,0.00,2012,Creator
31053-1,0,144,0.00,2016,Creator
31037-1,0,104,0.00,2015,Creator
31021-1,0,106,0.00,2014,Creator
7602-1,0,19,0.00,2006,Creator
4407-1,0,112,0.00,2004,Creator
3300001-1,0,35,0.00,2011,Creator
5765-1,0,107,0.00,2011,Creator
5771-1,1,210,0.00,2011,Creator
31059-1,0,76,0.00,2016,Creator
4628-1,0,145,0.00,2012,Creator
31051-1,0,180,0.00,2016,Creator
31048-1,0,122,0.00,2016,Creator
31005-1,0,90,0.00,2013,Creator
4911-1,0,19,0.00,2005,Creator
7608-1,0,15,0.00,2006,Creator
40049-1,0,34,0.00,2012,Creator
31063-1,1,121,0.01,2017,Creator
40226-1,0,47,0.00,2016,Creator
7224-1,0,24,0.00,2003,Creator
6187-1,0,106,0.00,2008,Creator
31025-1,0,155,0.00,2014,Creator
10664-1,0,228,0.00,2013,Creator
4406-1,0,148,0.00,2004,Creator
31062-1,0,99,0.00,2017,Creator
30188-1,0,32,0.00,2014,Creator
4408-1,0,96,0.00,2004,Creator
31065-1,0,250,0.00,2017,Creator
31064-1,1,128,0.01,2017,Creator
7805-1,0,27,0.00,2009,Creator
40078-1,0,32,0.00,2013,Creator
7291-1,0,88,0.00,2012,Creator
10248-1,5,286,0.02,2015,Creator
31023-1,0,131,0.00,2014,Creator
4018-1,0,10,0.00,2001,Creator
20003-1,0,39,0.00,2008,Creator
10242-2,0,250,0.00,2015,Creator
30024-1,0,29,0.00,2011,Creator
31068-1,1,155,0.01,2017,Creator
31070-1,1,196,0.01,2017,Creator
40019-1,0,27,0.00,2011,Creator
40108-1,0,38,0.00,2014,Creator
31056-1,0,54,0.00,2016,Creator
4838-1,0,43,0.00,2008,Creator
40220-1,0,41,0.00,2016,Creator
5865-1,0,33,0.00,2010,Creator
31004-1,0,70,0.00,2013,Creator
31044-1,0,69,0.00,2016,Creator
40207-1,0,57,0.00,2016,Creator
40221-1,0,53,0.00,2016,Creator
30471-1,0,29,0.00,2016,Creator
30025-1,0,28,0.00,2011,Creator
31046-1,0,97,0.00,2016,Creator
40252-1,1,53,0.02,2017,Creator
30022-1,0,13,0.00,2011,Creator
7607-1,0,11,0.00,2006,Creator
31067-1,0,135,0.00,2017,Creator
31069-1,0,213,0.00,2017,Creator
10257-1,3,413,0.01,2017,Creator
31066-1,0,131,0.00,2017,Creator
8044-1,0,64,0.00,1989,Universal Building Set
8032-1,0,64,0.00,1994,Universal Building Set
8064-1,0,67,0.00,1990,Universal Building Set
8034-1,0,42,0.00,1989,Universal Building Set
8040-1,0,51,0.00,1984,Universal Building Set
8042-1,1,60,0.02,1993,Universal Building Set
8485-1,3,150,0.02,1995,Universal Building Set
8020-1,0,41,0.00,1984,Universal Building Set
8054-1,0,59,0.00,1989,Universal Building Set
8090-1,0,54,0.00,1982,Universal Building Set
8094-1,2,98,0.02,1990,Universal Building Set
8024-1,0,37,0.00,1989,Universal Building Set
8062-1,0,78,0.00,1994,Universal Building Set
8082-1,0,93,0.00,1993,Universal Building Set
8035-1,0,49,0.00,1986,Universal Building Set
8055-1,0,59,0.00,1986,Universal Building Set
8030-1,0,76,0.00,1982,Universal Building Set
8022-1,0,37,0.00,1993,Universal Building Set
8050-1,0,40,0.00,1982,Universal Building Set
8074-1,2,74,0.03,1992,Universal Building Set
8244-1,0,109,0.00,1996,Universal Building Set
8523-1,2,29,0.07,2000,Throwbot Slizer
1061-1,0,1,0.00,2000,Throwbot Slizer
8508-1,0,1,0.00,1999,Throwbot Slizer
8503-1,3,27,0.11,1999,Throwbot Slizer
8507-1,2,20,0.10,1999,Throwbot Slizer
8500-1,3,25,0.12,1999,Throwbot Slizer
8522-1,3,24,0.13,2000,Throwbot Slizer
8501-1,2,26,0.08,1999,Throwbot Slizer
C8500-1,0,38,0.00,1999,Throwbot Slizer
8505-1,3,24,0.13,1999,Throwbot Slizer
8520-1,3,50,0.06,2000,Throwbot Slizer
C8521-1,0,40,0.00,2000,Throwbot Slizer
8502-1,2,26,0.08,1999,Throwbot Slizer
8521-1,2,25,0.08,2000,Throwbot Slizer
8506-1,2,23,0.09,1999,Throwbot Slizer
8504-1,2,25,0.08,1999,Throwbot Slizer
C8504-1,0,34,0.00,1999,Throwbot Slizer
8720-1,0,32,0.00,1991,Supplemental
5221-1,0,27,0.00,2000,Supplemental
5222-1,0,54,0.00,2000,Supplemental
8712-1,2,10,0.20,1988,Supplemental
5220-1,0,62,0.00,2000,Supplemental
8714-1,1,7,0.14,1993,Supplemental
5223-1,0,26,0.00,2001,Supplemental
8287-1,0,45,0.00,2006,Supplemental
8735-1,0,39,0.00,1998,Supplemental
5206-1,0,18,0.00,2000,Supplemental
5219-1,0,10,0.00,2000,Supplemental
5218-1,0,56,0.00,2000,Supplemental
8300-1,2,6,0.33,2000,Supplemental
65081-1,3,3,1.00,2002,Star Wars
8236-1,0,30,0.00,2000,Speed Slammers
8240-1,0,51,0.00,2001,Speed Slammers
8242-1,0,63,0.00,2001,Speed Slammers
8237-1,0,42,0.00,2000,Speed Slammers
8241-1,0,37,0.00,2001,Speed Slammers
8238-1,0,49,0.00,2000,Speed Slammers
8004-1,0,17,0.00,2000,RoboRiders
C8509-4,0,76,0.00,2000,RoboRiders
1290-1,0,16,0.00,2000,RoboRiders
8005-1,0,19,0.00,2000,RoboRiders
C8509-1,0,29,0.00,2000,RoboRiders
8512-1,0,24,0.00,2000,RoboRiders
8514-1,0,24,0.00,2000,RoboRiders
C8511-1,0,37,0.00,2000,RoboRiders
8006-1,0,11,0.00,2000,RoboRiders
8511-1,0,25,0.00,2000,RoboRiders
1293-1,0,11,0.00,2000,RoboRiders
8513-1,0,25,0.00,2000,RoboRiders
C8512-1,0,25,0.00,2000,RoboRiders
8515-1,0,1,0.00,2000,RoboRiders
8516-1,2,37,0.05,2000,RoboRiders
1291-1,0,16,0.00,2000,RoboRiders
1292-1,0,17,0.00,2000,RoboRiders
C8509-5,0,89,0.00,2000,RoboRiders
8510-1,0,19,0.00,2000,RoboRiders
C8511-2,0,48,0.00,2000,RoboRiders
C8509-2,0,40,0.00,2000,RoboRiders
8509-1,0,24,0.00,2000,RoboRiders
C8509-3,0,65,0.00,2000,RoboRiders
8003-1,0,17,0.00,2000,RoboRiders
8448-1,5,176,0.03,1999,Traffic
8436-1,0,182,0.00,2004,Traffic
8286-1,1,185,0.01,1996,Traffic
8880-1,11,377,0.03,1994,Traffic
8865-1,0,140,0.00,1988,Traffic
8258-1,1,187,0.01,2009,Traffic
8285-1,1,192,0.01,2006,Traffic
42031-1,0,62,0.00,2015,Traffic
8462-1,0,157,0.00,1998,Traffic
8263-1,0,113,0.00,2009,Traffic
8273-1,0,118,0.00,2007,Traffic
8433-1,0,70,0.00,2004,Traffic
8479-1,5,225,0.02,1997,Traffic
8852-1,0,76,0.00,1987,Robot
1237-1,0,20,0.00,2001,Robot
8277-1,1,111,0.01,1997,Robot
8255-1,2,58,0.03,1999,Riding Cycle
3003-1,0,18,0.00,1999,Riding Cycle
8051-1,2,105,0.02,2010,Riding Cycle
8210-1,0,43,0.00,1995,Riding Cycle
8218-1,0,30,0.00,1998,Riding Cycle
8208-1,0,18,0.00,1998,Riding Cycle
42036-1,0,93,0.00,2015,Riding Cycle
3054-1,0,13,0.00,1998,Riding Cycle
8857-1,0,104,0.00,1993,Riding Cycle
1924-1,0,37,0.00,1983,Riding Cycle
3000-1,0,20,0.00,1999,Riding Cycle
8291-1,0,71,0.00,2008,Riding Cycle
8417-1,0,96,0.00,1998,Riding Cycle
8838-1,1,63,0.02,1991,Riding Cycle
8810-1,0,40,0.00,1991,Riding Cycle
8826-1,0,47,0.00,1993,Riding Cycle
1257-1,0,20,0.00,1999,Riding Cycle
8420-1,5,105,0.05,2005,Riding Cycle
8262-1,0,78,0.00,2009,Riding Cycle
8430-1,0,94,0.00,2002,Riding Cycle
1259-1,0,18,0.00,1999,Riding Cycle
1268-1,0,18,0.00,1999,Riding Cycle
2544-1,0,20,0.00,1998,Riding Cycle
8251-1,0,42,0.00,1999,Riding Cycle
8422-1,2,92,0.02,1995,Riding Cycle
8282-1,0,70,0.00,2006,Riding Cycle
8205-1,0,28,0.00,1997,Race
8256-1,0,55,0.00,2009,Race
3005-1,0,16,0.00,1999,Race
8041-1,0,99,0.00,2010,Race
8440-1,0,108,0.00,1995,Race
8842-1,0,73,0.00,1986,Race
8219-1,0,54,0.00,1998,Race
42039-1,0,161,0.00,2015,Race
8830-1,1,60,0.02,1990,Race
8225-1,1,53,0.02,1995,Race
2129-1,0,28,0.00,1997,Race
8213-1,0,42,0.00,1998,Race
8445-1,0,108,0.00,1999,Race
8458-1,1,163,0.01,2000,Race
8216-1,0,51,0.00,1997,Race
42033-1,0,47,0.00,2015,Race
8209-1,0,20,0.00,1998,Race
8457-1,7,156,0.04,2000,Race
8808-1,1,41,0.02,1994,Race
8832-1,0,40,0.00,1988,Race
3057-1,2,38,0.05,2000,Race
8815-1,1,43,0.02,1991,Race
1972-1,0,35,0.00,1985,Race
1260-1,0,16,0.00,1999,Race
42000-1,0,159,0.00,2013,Race
42041-1,0,102,0.00,2015,Race
8850-1,1,89,0.01,1990,Race
8247-1,0,23,0.00,1999,Race
8840-1,1,70,0.01,1991,Race
8048-1,0,86,0.00,2010,Off-Road
8437-1,0,99,0.00,1997,Off-Road
8818-1,0,47,0.00,1993,Off-Road
8465-1,1,86,0.01,2001,Off-Road
8203-1,0,14,0.00,1998,Off-Road
8207-1,0,43,0.00,1996,Off-Road
8829-1,0,79,0.00,1994,Off-Road
8858-1,0,119,0.00,1994,Off-Road
8414-1,0,82,0.00,1997,Off-Road
8820-1,0,44,0.00,1991,Off-Road
8272-1,0,80,0.00,2007,Off-Road
8432-1,0,102,0.00,1998,Off-Road
8066-1,0,54,0.00,2011,Off-Road
42037-1,0,97,0.00,2015,Off-Road
8284-1,0,137,0.00,2006,Off-Road
3001-1,0,18,0.00,1999,Off-Road
8408-1,1,91,0.01,1996,Off-Road
8816-1,0,55,0.00,1994,Off-Road
8297-1,1,142,0.01,2008,Off-Road
42038-1,0,139,0.00,2015,Off-Road
8229-1,0,61,0.00,1997,Off-Road
8466-1,2,161,0.01,2001,Off-Road
1258-1,0,18,0.00,1999,Off-Road
8428-1,1,109,0.01,1998,Off-Road
8841-1,0,53,0.00,1983,Off-Road
9398-1,0,169,0.00,2012,Off-Road
8435-1,0,138,0.00,2004,Off-Road
8296-1,0,69,0.00,2008,Off-Road
8226-1,0,37,0.00,1998,Off-Road
8261-1,0,66,0.00,2009,Off-Road
8279-1,0,87,0.00,2000,Off-Road
42034-1,1,60,0.02,2015,Off-Road
8223-1,0,60,0.00,1996,Harbor
8839-1,1,113,0.01,1992,Harbor
8246-1,0,28,0.00,1999,Harbor
8824-1,0,70,0.00,1994,Harbor
8250-1,0,106,0.00,1997,Harbor
8299-1,1,107,0.01,1997,Harbor
8454-1,0,111,0.00,2003,Fire
42040-1,0,112,0.00,2015,Fire
8280-1,3,119,0.03,1995,Fire
8289-1,1,145,0.01,2006,Fire
8063-1,0,158,0.00,2009,Farm
8274-1,0,123,0.00,2007,Farm
8284-2,0,137,0.00,2006,Farm
8281-1,0,61,0.00,2006,Farm
8849-1,0,87,0.00,1986,Farm
8049-1,0,119,0.00,2010,Farm
8290-1,0,44,0.00,2008,Construction
8459-1,0,131,0.00,1997,Construction
8853-1,0,79,0.00,1988,Construction
8872-1,0,148,0.00,1993,Construction
8275-1,0,173,0.00,2007,Construction
8288-1,1,86,0.01,2006,Construction
42004-1,0,68,0.00,2013,Construction
8260-1,0,54,0.00,2009,Construction
8067-1,0,74,0.00,2011,Construction
8294-1,1,105,0.01,2008,Construction
8443-1,0,101,0.00,1996,Construction
8854-1,0,111,0.00,1989,Construction
42030-1,1,190,0.01,2014,Construction
8828-1,0,59,0.00,1993,Construction
8045-1,0,48,0.00,2010,Construction
8235-1,1,67,0.01,1995,Construction
8460-1,1,162,0.01,1995,Construction
8451-1,0,57,0.00,2003,Construction
8835-1,0,80,0.00,1989,Construction
8446-1,3,130,0.02,1999,Construction
8419-1,0,77,0.00,2005,Construction
8418-1,0,36,0.00,2005,Construction
8270-1,0,44,0.00,2007,Construction
8421-1,1,210,0.00,2005,Construction
8416-1,0,132,0.00,2005,Construction
8453-2,0,62,0.00,2004,Construction
42035-1,0,78,0.00,2015,Construction
8868-1,0,183,0.00,1992,Construction
8837-1,0,84,0.00,1992,Construction
8441-1,0,31,0.00,2003,Construction
8259-1,0,44,0.00,2009,Construction
42009-1,1,181,0.01,2013,Construction
8264-1,0,90,0.00,2009,Construction
42032-1,0,72,0.00,2015,Construction
8851-1,0,73,0.00,1984,Construction
42055-1,3,180,0.02,2016,Construction
8065-1,0,47,0.00,2011,Construction
8862-1,0,122,0.00,1989,Construction
8248-1,0,67,0.00,1998,Construction
8463-1,0,63,0.00,2001,Construction
8439-1,1,126,0.01,2004,Construction
8053-1,1,150,0.01,2010,Construction
8438-1,2,158,0.01,2003,Construction
42028-1,0,101,0.00,2014,Construction
8415-1,0,71,0.00,2005,Construction
8283-1,1,84,0.01,2006,Construction
8431-1,1,167,0.01,2002,Construction
8052-1,0,108,0.00,2010,Construction
8069-1,1,124,0.01,2011,Construction
8271-1,0,69,0.00,2007,Construction
8843-1,0,82,0.00,1984,Construction
8047-1,0,73,0.00,2010,Construction
8295-1,1,133,0.01,2008,Construction
8292-1,1,121,0.01,2008,Construction
8265-1,1,150,0.01,2009,Construction
8453-1,0,65,0.00,2003,Construction
8043-1,1,149,0.01,2010,Construction
8455-1,1,119,0.01,2003,Construction
8464-1,0,134,0.00,2001,Construction
8480-1,1,196,0.01,1996,Airport
8856-1,0,115,0.00,1991,Airport
8825-1,0,44,0.00,1991,Airport
8232-1,1,91,0.01,1997,Airport
8222-1,1,51,0.02,1997,Airport
8444-1,1,62,0.02,1999,Airport
8812-1,0,58,0.00,1994,Airport
8836-1,0,74,0.00,1993,Airport
8068-1,0,107,0.00,2011,Airport
8429-1,0,57,0.00,2002,Airport
8204-1,0,23,0.00,1998,Airport
8425-1,0,97,0.00,1996,Airport
8046-1,0,55,0.00,2010,Airport
8434-1,0,96,0.00,2004,Airport
8215-1,0,42,0.00,1997,Airport
42025-1,2,154,0.01,2014,Airport
8412-1,0,77,0.00,1995,Airport
8456-1,0,107,0.00,1996,Airport
8855-1,0,85,0.00,1988,Airport
8217-1,0,28,0.00,1998,Airport
9393-1,0,95,0.00,2012,Model
8110-1,8,239,0.03,2011,Model
9395-1,1,143,0.01,2012,Model
9394-1,1,89,0.01,2012,Model
8081-1,0,105,0.00,2011,Model
8109-1,1,173,0.01,2011,Model
9391-1,0,63,0.00,2012,Model
9392-1,0,69,0.00,2012,Model
8071-1,1,105,0.01,2011,Model
9396-1,1,146,0.01,2012,Model
954-1,0,73,0.00,1978,Expert Builder
878-1,0,10,0.00,1979,Expert Builder
877-1,0,12,0.00,1979,Expert Builder
8848-1,0,94,0.00,1981,Expert Builder
879-1,0,9,0.00,1979,Expert Builder
8846-1,0,102,0.00,1982,Expert Builder
951-1,0,51,0.00,1979,Expert Builder
8859-1,1,107,0.01,1981,Expert Builder
956-1,0,87,0.00,1978,Expert Builder
853-1,0,99,0.00,1977,Expert Builder
852-1,0,73,0.00,1977,Expert Builder
952-1,0,67,0.00,1978,Expert Builder
870-1,0,14,0.00,1977,Expert Builder
8710-1,0,31,0.00,1980,Expert Builder
874-1,0,7,0.00,1979,Expert Builder
8845-1,0,57,0.00,1981,Expert Builder
8700-1,1,18,0.06,1982,Expert Builder
950-1,0,42,0.00,1979,Expert Builder
955-1,0,90,0.00,1979,Expert Builder
858-1,0,46,0.00,1980,Expert Builder
961-1,0,22,0.00,1978,Expert Builder
871-1,0,24,0.00,1977,Expert Builder
948-1,0,61,0.00,1978,Expert Builder
875-1,0,7,0.00,1979,Expert Builder
8860-1,0,117,0.00,1980,Expert Builder
850-1,0,46,0.00,1977,Expert Builder
98959-1,0,19,0.00,1977,Expert Builder
855-1,0,98,0.00,1978,Expert Builder
8844-1,0,65,0.00,1981,Expert Builder
8847-1,0,69,0.00,1983,Expert Builder
880-1,0,14,0.00,1979,Expert Builder
857-1,0,93,0.00,1979,Expert Builder
872-1,3,9,0.33,1978,Expert Builder
856-1,0,51,0.00,1979,Expert Builder
8858-2,0,46,0.00,1980,Expert Builder
851-1,0,67,0.00,1977,Expert Builder
960-1,0,14,0.00,1978,Expert Builder
876-1,0,7,0.00,1979,Expert Builder
854-1,1,62,0.02,1978,Expert Builder
8857-2,0,93,0.00,1980,Expert Builder
8245-1,0,61,0.00,1998,Competition
8450-1,1,116,0.01,2000,Competition
8268-1,3,36,0.08,1999,Competition
8483-1,2,146,0.01,1998,Competition
3038-1,0,86,0.00,1998,Competition
8269-1,1,71,0.01,1999,Competition
tech007promo-1,0,1,0.00,1998,Competition
8257-1,0,74,0.00,1998,Competition
8202-1,0,33,0.00,1998,Competition
8266-1,0,87,0.00,1998,Competition
8482-1,1,145,0.01,1998,Competition
8239-1,0,46,0.00,1998,Competition
8233-1,0,47,0.00,1998,Competition
8307-1,6,87,0.07,2000,Competition
8305-1,3,47,0.06,2000,Competition
2854-1,0,33,0.00,1998,Competition
8660-1,1,95,0.01,1986,Arctic Technic
8680-1,0,133,0.00,1986,Arctic Technic
8620-1,0,36,0.00,1986,Arctic Technic
8640-1,0,67,0.00,1986,Arctic Technic
